Position,Const,Created,Modified,Description,Title,URL,Title Type,IMDb Rating,Runtime (mins),Year,Genres,Num Votes,Release Date,Directors,Your Rating,Date Rated
1,tt0241527,2023-01-24,2023-01-24,,Harry Potter and the Sorcerer's Stone,https://www.imdb.com/title/tt0241527/,movie,7.6,152,2001,"Adventure, Family, Fantasy",790761,2001-11-04,Chris Columbus,,
2,tt0120338,2023-01-24,2023-01-24,,Titanic,https://www.imdb.com/title/tt0120338/,movie,7.9,194,1997,"Drama, Romance",1187467,1997-11-01,James Cameron,,
3,tt0151738,2023-01-24,2023-01-24,,Never Been Kissed,https://www.imdb.com/title/tt0151738/,movie,6.0,107,1999,"Comedy, Drama, Romance",92734,1999-03-30,Raja Gosnell,,
4,tt0137523,2023-01-24,2023-01-24,,Fight Club,https://www.imdb.com/title/tt0137523/,movie,8.8,139,1999,Drama,2143006,1999-09-10,David Fincher,,
5,tt0260866,2023-01-24,2023-01-24,,Don't Say a Word,https://www.imdb.com/title/tt0260866/,movie,6.3,113,2001,"Drama, Mystery, Thriller",54386,2001-09-24,Gary Fleder,,
6,tt0314331,2023-01-24,2023-01-24,,Love Actually,https://www.imdb.com/title/tt0314331/,movie,7.6,135,2003,"Comedy, Drama, Romance",500132,2003-11-06,Richard Curtis,,
7,tt0257044,2023-01-24,2023-01-24,,Road to Perdition,https://www.imdb.com/title/tt0257044/,movie,7.7,117,2002,"Crime, Drama, Thriller",272151,2002-07-09,Sam Mendes,,
8,tt0309987,2023-01-24,2023-01-24,,The Dreamers,https://www.imdb.com/title/tt0309987/,movie,7.1,115,2003,"Drama, Romance",124134,2003-09-01,Bernardo Bertolucci,,
9,tt0111503,2023-01-24,2023-01-24,,True Lies,https://www.imdb.com/title/tt0111503/,movie,7.3,141,1994,"Action, Comedy, Thriller",264043,1994-07-12,James Cameron,,
10,tt0295297,2023-01-24,2023-01-24,,Harry Potter and the Chamber of Secrets,https://www.imdb.com/title/tt0295297/,movie,7.4,161,2002,"Adventure, Family, Fantasy, Mystery",644009,2002-11-03,Chris Columbus,,
11,tt0250494,2023-01-24,2023-01-24,,Legally Blonde,https://www.imdb.com/title/tt0250494/,movie,6.4,96,2001,"Comedy, Romance",223822,2001-06-26,Robert Luketic,,
12,tt0112573,2023-01-24,2023-01-24,,Braveheart,https://www.imdb.com/title/tt0112573/,movie,8.4,178,1995,"Biography, Drama, History, War",1043627,1995-05-18,Mel Gibson,,
13,tt0120915,2023-01-24,2023-01-24,,Star Wars: Episode I - The Phantom Menace,https://www.imdb.com/title/tt0120915/,movie,6.5,136,1999,"Action, Adventure, Fantasy, Sci-Fi",812721,1999-05-16,George Lucas,,
14,tt0181689,2023-01-24,2023-01-24,,Minority Report,https://www.imdb.com/title/tt0181689/,movie,7.6,145,2002,"Action, Crime, Mystery, Sci-Fi, Thriller",558125,2002-06-17,Steven Spielberg,,
15,tt0117509,2023-01-24,2023-01-24,,Romeo + Juliet,https://www.imdb.com/title/tt0117509/,movie,6.7,120,1996,"Drama, Romance",232786,1996-10-27,Baz Luhrmann,,
16,tt0259711,2023-01-24,2023-01-24,,Vanilla Sky,https://www.imdb.com/title/tt0259711/,movie,6.9,136,2001,"Fantasy, Mystery, Romance, Sci-Fi, Thriller",271935,2001-12-10,Cameron Crowe,,
17,tt0151804,2023-01-24,2023-01-24,,Office Space,https://www.imdb.com/title/tt0151804/,movie,7.6,89,1999,Comedy,271263,1999-02-19,Mike Judge,,
18,tt0295700,2023-01-24,2023-01-24,,Wrong Turn,https://www.imdb.com/title/tt0295700/,movie,6.1,84,2003,"Horror, Thriller",123344,2003-05-30,Rob Schmidt,,
19,tt0110148,2023-01-24,2023-01-24,,Interview with the Vampire: The Vampire Chronicles,https://www.imdb.com/title/tt0110148/,movie,7.5,123,1994,"Drama, Fantasy, Horror",328553,1994-11-09,Neil Jordan,,
20,tt0265086,2023-01-24,2023-01-24,,Black Hawk Down,https://www.imdb.com/title/tt0265086/,movie,7.7,144,2001,"Action, Drama, History, War",401339,2001-12-18,Ridley Scott,,
21,tt0328538,2023-01-24,2023-01-24,,Thirteen,https://www.imdb.com/title/tt0328538/,movie,6.8,100,2003,Drama,90817,2003-01-17,Catherine Hardwicke,,
22,tt0120903,2023-01-24,2023-01-24,,X-Men,https://www.imdb.com/title/tt0120903/,movie,7.3,104,2000,"Action, Adventure, Sci-Fi",621055,2000-07-12,Bryan Singer,,
23,tt0114558,2023-01-24,2023-01-24,,Strange Days,https://www.imdb.com/title/tt0114558/,movie,7.2,145,1995,"Crime, Drama, Sci-Fi, Thriller",73873,1995-09-03,Kathryn Bigelow,,
24,tt0217505,2023-01-24,2023-01-24,,Gangs of New York,https://www.imdb.com/title/tt0217505/,movie,7.5,167,2002,"Crime, Drama",447825,2002-12-09,Martin Scorsese,,
25,tt0116629,2023-01-24,2023-01-24,,Independence Day,https://www.imdb.com/title/tt0116629/,movie,7.0,145,1996,"Action, Adventure, Sci-Fi",580338,1996-06-25,Roland Emmerich,,
26,tt0107977,2023-01-24,2023-01-24,,Robin Hood: Men in Tights,https://www.imdb.com/title/tt0107977/,movie,6.7,104,1993,"Adventure, Comedy, Musical, Romance",129019,1993-07-28,Mel Brooks,,
27,tt0203009,2023-01-24,2023-01-24,,Moulin Rouge!,https://www.imdb.com/title/tt0203009/,movie,7.6,127,2001,"Drama, Musical, Romance",288408,2001-05-09,Baz Luhrmann,,
28,tt0289043,2023-01-24,2023-01-24,,28 Days Later...,https://www.imdb.com/title/tt0289043/,movie,7.5,113,2002,"Drama, Horror, Sci-Fi, Thriller",419538,2002-11-01,Danny Boyle,,
29,tt0104952,2023-01-24,2023-01-24,,My Cousin Vinny,https://www.imdb.com/title/tt0104952/,movie,7.6,120,1992,"Comedy, Crime",128351,1992-03-13,Jonathan Lynn,,
30,tt0212720,2023-01-24,2023-01-24,,A.I. Artificial Intelligence,https://www.imdb.com/title/tt0212720/,movie,7.2,146,2001,"Drama, Sci-Fi",311383,2001-06-26,Steven Spielberg,,
31,tt0250797,2023-01-24,2023-01-24,,Unfaithful,https://www.imdb.com/title/tt0250797/,movie,6.7,124,2002,"Drama, Romance, Thriller",91548,2002-05-08,Adrian Lyne,,
32,tt0248667,2023-01-24,2023-01-24,,Ali,https://www.imdb.com/title/tt0248667/,movie,6.7,157,2001,"Biography, Drama, Sport",101493,2001-12-11,Michael Mann,,
33,tt0162222,2023-01-24,2023-01-24,,Cast Away,https://www.imdb.com/title/tt0162222/,movie,7.8,143,2000,"Adventure, Drama, Romance",599275,2000-12-07,Robert Zemeckis,,
34,tt0111257,2023-01-24,2023-01-24,,Speed,https://www.imdb.com/title/tt0111257/,movie,7.3,116,1994,"Action, Adventure, Thriller",369285,1994-06-07,Jan de Bont,,
35,tt0103893,2023-01-24,2023-01-24,,Buffy the Vampire Slayer,https://www.imdb.com/title/tt0103893/,movie,5.6,86,1992,"Action, Comedy, Fantasy, Horror",46185,1992-07-01,Fran Rubel Kuzui,,
36,tt0108037,2023-01-24,2023-01-24,,The Sandlot,https://www.imdb.com/title/tt0108037/,movie,7.8,101,1993,"Comedy, Drama, Family, Sport",94559,1993-04-07,David Mickey Evans,,
37,tt0104691,2023-01-24,2023-01-24,,The Last of the Mohicans,https://www.imdb.com/title/tt0104691/,movie,7.7,112,1992,"Action, Adventure, Drama, Romance, War",173978,1992-08-26,Michael Mann,,
38,tt0121765,2023-01-24,2023-01-24,,Star Wars: Episode II - Attack of the Clones,https://www.imdb.com/title/tt0121765/,movie,6.6,142,2002,"Action, Adventure, Fantasy, Sci-Fi",718279,2002-05-12,George Lucas,,
39,tt0311429,2023-01-24,2023-01-24,,The League of Extraordinary Gentlemen,https://www.imdb.com/title/tt0311429/,movie,5.8,110,2003,"Action, Adventure, Fantasy, Sci-Fi",178265,2003-07-11,Stephen Norrington,,
40,tt0133152,2023-01-24,2023-01-24,,Planet of the Apes,https://www.imdb.com/title/tt0133152/,movie,5.7,119,2001,"Action, Adventure, Sci-Fi, Thriller",221975,2001-07-26,Tim Burton,,
41,tt0320691,2023-01-24,2023-01-24,,Underworld,https://www.imdb.com/title/tt0320691/,movie,7.0,121,2003,"Action, Fantasy, Thriller",273748,2003-09-08,Len Wiseman,,
42,tt0142342,2023-01-24,2023-01-24,,Big Daddy,https://www.imdb.com/title/tt0142342/,movie,6.4,93,1999,"Comedy, Drama",221648,1999-06-17,Dennis Dugan,,
43,tt0230030,2023-01-24,2023-01-24,,Bedazzled,https://www.imdb.com/title/tt0230030/,movie,6.1,93,2000,"Comedy, Fantasy",106774,2000-10-17,Harold Ramis,,
44,tt0129387,2023-01-24,2023-01-24,,There's Something About Mary,https://www.imdb.com/title/tt0129387/,movie,7.1,119,1998,"Comedy, Romance",315463,1998-07-15,"Peter Farrelly, Bobby Farrelly",,
45,tt0120863,2023-01-24,2023-01-24,,The Thin Red Line,https://www.imdb.com/title/tt0120863/,movie,7.6,170,1998,"Drama, History, War",190335,1998-12-22,Terrence Malick,,
46,tt0145660,2023-01-24,2023-01-24,,Austin Powers: The Spy Who Shagged Me,https://www.imdb.com/title/tt0145660/,movie,6.6,95,1999,"Action, Adventure, Comedy, Crime",237413,1999-06-08,Jay Roach,,
47,tt0119396,2023-01-24,2023-01-24,,Jackie Brown,https://www.imdb.com/title/tt0119396/,movie,7.5,154,1997,"Crime, Drama, Thriller",354236,1997-12-08,Quentin Tarantino,,
48,tt0181865,2023-01-24,2023-01-24,,Traffic,https://www.imdb.com/title/tt0181865/,movie,7.6,147,2000,"Crime, Drama, Thriller",209807,2000-12-06,Steven Soderbergh,,
49,tt0142688,2023-01-24,2023-01-24,,The Ninth Gate,https://www.imdb.com/title/tt0142688/,movie,6.7,133,1999,"Mystery, Thriller",185836,1999-08-25,Roman Polanski,,
50,tt0268380,2023-01-24,2023-01-24,,Ice Age,https://www.imdb.com/title/tt0268380/,movie,7.5,81,2002,"Animation, Adventure, Comedy, Family",489259,2002-03-12,"Chris Wedge, Carlos Saldanha",,
51,tt0113820,2023-01-24,2023-01-24,,Mighty Morphin Power Rangers: The Movie,https://www.imdb.com/title/tt0113820/,movie,5.2,95,1995,"Action, Adventure, Family, Sci-Fi, Thriller",28299,1995-06-30,Bryan Spicer,,
52,tt0103644,2023-01-24,2023-01-24,,Alien³,https://www.imdb.com/title/tt0103644/,movie,6.4,114,1992,"Action, Horror, Sci-Fi",304062,1992-05-19,David Fincher,,
53,tt0313542,2023-01-24,2023-01-24,,Runaway Jury,https://www.imdb.com/title/tt0313542/,movie,7.1,127,2003,"Crime, Drama, Thriller",99318,2003-10-09,Gary Fleder,,
54,tt0163978,2023-01-24,2023-01-24,,The Beach,https://www.imdb.com/title/tt0163978/,movie,6.6,119,2000,"Adventure, Drama, Romance, Thriller",242574,2000-02-02,Danny Boyle,,
55,tt0104431,2023-01-24,2023-01-24,,Home Alone 2: Lost in New York,https://www.imdb.com/title/tt0104431/,movie,6.8,120,1992,"Adventure, Comedy, Crime, Family",370437,1992-11-15,Chris Columbus,,
56,tt0290334,2023-01-24,2023-01-24,,X2,https://www.imdb.com/title/tt0290334/,movie,7.4,134,2003,"Action, Sci-Fi, Thriller",555372,2003-04-24,Bryan Singer,,
57,tt0118617,2023-01-24,2023-01-24,,Anastasia,https://www.imdb.com/title/tt0118617/,movie,7.1,94,1997,"Animation, Adventure, Drama, Family, Fantasy, Musical, Mystery, Romance",126876,1997-11-14,"Don Bluth, Gary Goldman",,
58,tt0118583,2023-01-24,2023-01-24,,Alien Resurrection,https://www.imdb.com/title/tt0118583/,movie,6.2,109,1997,"Action, Horror, Sci-Fi",251108,1997-11-06,Jean-Pierre Jeunet,,
59,tt0107614,2023-01-24,2023-01-24,,Mrs. Doubtfire,https://www.imdb.com/title/tt0107614/,movie,7.1,125,1993,"Comedy, Drama",272040,1993-11-22,Chris Columbus,,
60,tt0109068,2023-01-24,2023-01-24,,Airheads,https://www.imdb.com/title/tt0109068/,movie,6.1,92,1994,"Comedy, Crime, Music",53051,1994-08-05,Michael Lehmann,,
61,tt0107688,2023-01-24,2023-01-24,,The Nightmare Before Christmas,https://www.imdb.com/title/tt0107688/,movie,7.9,76,1993,"Animation, Family, Fantasy, Musical",347468,1993-10-09,Henry Selick,,
62,tt0120631,2023-01-24,2023-01-24,,Ever After,https://www.imdb.com/title/tt0120631/,movie,7.1,121,1998,"Comedy, Drama, Romance",77448,1998-07-29,Andy Tennant,,
63,tt0247745,2023-01-24,2023-01-24,,Super Troopers,https://www.imdb.com/title/tt0247745/,movie,7.0,100,2001,"Comedy, Crime, Mystery",107149,2001-01-19,Jay Chandrasekhar,,
64,tt0311113,2023-01-24,2023-01-24,,Master and Commander: The Far Side of the World,https://www.imdb.com/title/tt0311113/,movie,7.4,138,2003,"Action, Adventure, Drama, War",225047,2003-11-14,Peter Weir,,
65,tt0120912,2023-01-24,2023-01-24,,Men in Black II,https://www.imdb.com/title/tt0120912/,movie,6.1,88,2002,"Action, Adventure, Comedy, Mystery, Sci-Fi",380929,2002-07-03,Barry Sonnenfeld,,
66,tt0164334,2023-01-24,2023-01-24,,Along Came a Spider,https://www.imdb.com/title/tt0164334/,movie,6.4,104,2001,"Drama, Thriller",89583,2001-04-02,Lee Tamahori,,
67,tt0349205,2023-01-24,2023-01-24,,Cheaper by the Dozen,https://www.imdb.com/title/tt0349205/,movie,5.9,98,2003,"Comedy, Family",104071,2003-11-22,Shawn Levy,,
68,tt0287978,2023-01-24,2023-01-24,,Daredevil,https://www.imdb.com/title/tt0287978/,movie,5.3,103,2003,"Action, Crime",222348,2003-02-09,Mark Steven Johnson,,
69,tt0117887,2023-01-24,2023-01-24,,That Thing You Do!,https://www.imdb.com/title/tt0117887/,movie,6.9,108,1996,"Comedy, Drama, Music",70172,1996-04-04,Tom Hanks,,
70,tt0246460,2023-01-24,2023-01-24,,Die Another Day,https://www.imdb.com/title/tt0246460/,movie,6.1,133,2002,"Action, Adventure, Thriller",221843,2002-11-11,Lee Tamahori,,
71,tt0112864,2023-01-24,2023-01-24,,Die Hard with a Vengeance,https://www.imdb.com/title/tt0112864/,movie,7.6,128,1995,"Action, Adventure, Thriller",392434,1995-05-15,John McTiernan,,
72,tt0190138,2023-01-24,2023-01-24,,The Whole Nine Yards,https://www.imdb.com/title/tt0190138/,movie,6.7,98,2000,"Comedy, Crime",123057,2000-02-17,Jonathan Lynn,,
73,tt0108160,2023-01-24,2023-01-24,,Sleepless in Seattle,https://www.imdb.com/title/tt0108160/,movie,6.8,105,1993,"Comedy, Drama, Romance",179727,1993-06-25,Nora Ephron,,
74,tt0243155,2023-01-24,2023-01-24,,Bridget Jones's Diary,https://www.imdb.com/title/tt0243155/,movie,6.8,97,2001,"Comedy, Drama, Romance",248412,2001-04-04,Sharon Maguire,,
75,tt0198021,2023-01-24,2023-01-24,,Where the Heart Is,https://www.imdb.com/title/tt0198021/,movie,6.7,120,2000,"Comedy, Drama, Romance",34887,2000-04-28,Matt Williams,,
76,tt0110622,2023-01-24,2023-01-24,,Naked Gun 33 1/3: The Final Insult,https://www.imdb.com/title/tt0110622/,movie,6.5,83,1994,"Comedy, Crime",106363,1994-03-18,Peter Segal,,
77,tt0119349,2023-01-24,2023-01-24,,The Ice Storm,https://www.imdb.com/title/tt0119349/,movie,7.4,112,1997,Drama,57478,1997-05-12,Ang Lee,,
78,tt0120681,2023-01-24,2023-01-24,,From Hell,https://www.imdb.com/title/tt0120681/,movie,6.7,122,2001,"Horror, Mystery, Thriller",158099,2001-09-08,"Allen Hughes, Albert Hughes",,
79,tt0256380,2023-01-24,2023-01-24,,Shallow Hal,https://www.imdb.com/title/tt0256380/,movie,6.0,114,2001,"Comedy, Drama, Fantasy, Romance",136388,2001-11-01,"Peter Farrelly, Bobby Farrelly",,
80,tt0119792,2023-01-24,2023-01-24,,Nil by Mouth,https://www.imdb.com/title/tt0119792/,movie,7.3,128,1997,Drama,9629,1997-05-08,Gary Oldman,,
81,tt0259446,2023-01-24,2023-01-24,,My Big Fat Greek Wedding,https://www.imdb.com/title/tt0259446/,movie,6.6,95,2002,"Comedy, Drama, Romance",134770,2002-02-22,Joel Zwick,,
82,tt0268695,2023-01-24,2023-01-24,,The Time Machine,https://www.imdb.com/title/tt0268695/,movie,6.0,96,2002,"Action, Adventure, Sci-Fi",126095,2002-03-04,Simon Wells,,
83,tt0293662,2023-01-24,2023-01-24,,The Transporter,https://www.imdb.com/title/tt0293662/,movie,6.8,92,2002,"Action, Crime, Thriller",307468,2002-10-02,"Corey Yuen, Louis Leterrier",,
84,tt0203119,2023-01-24,2023-01-24,,Sexy Beast,https://www.imdb.com/title/tt0203119/,movie,7.3,89,2000,"Crime, Drama, Thriller",62675,2000-09-13,Jonathan Glazer,,
85,tt0114011,2023-01-24,2023-01-24,,Now and Then,https://www.imdb.com/title/tt0114011/,movie,6.8,102,1995,"Comedy, Drama, Romance",30801,1995-10-20,Lesli Linka Glatter,,
86,tt0119303,2023-01-24,2023-01-24,,Home Alone 3,https://www.imdb.com/title/tt0119303/,movie,4.5,102,1997,"Action, Comedy, Crime, Family",120169,1997-12-10,Raja Gosnell,,
87,tt0203019,2023-01-24,2023-01-24,,Men of Honor,https://www.imdb.com/title/tt0203019/,movie,7.2,129,2000,"Biography, Drama",119054,2000-09-14,George Tillman Jr.,,
88,tt0104254,2023-01-24,2023-01-24,,FernGully: The Last Rainforest,https://www.imdb.com/title/tt0104254/,movie,6.5,76,1992,"Animation, Adventure, Family, Fantasy, Musical",31355,1992-04-10,Bill Kroyer,,
89,tt0161081,2023-01-24,2023-01-24,,What Lies Beneath,https://www.imdb.com/title/tt0161081/,movie,6.6,130,2000,"Drama, Horror, Mystery, Thriller",128861,2000-01-01,Robert Zemeckis,,
90,tt0183649,2023-01-24,2023-01-24,,Phone Booth,https://www.imdb.com/title/tt0183649/,movie,7.1,81,2002,"Crime, Thriller",272933,2002-09-10,Joel Schumacher,,
91,tt0119164,2023-01-24,2023-01-24,,The Full Monty,https://www.imdb.com/title/tt0119164/,movie,7.2,91,1997,"Comedy, Drama",108320,1997-08-13,Peter Cattaneo,,
92,tt0171804,2023-01-24,2023-01-24,,Boys Don't Cry,https://www.imdb.com/title/tt0171804/,movie,7.5,118,1999,"Biography, Crime, Drama, Romance",99374,1999-09-02,Kimberly Peirce,,
93,tt0107144,2023-01-24,2023-01-24,,Hot Shots! Part Deux,https://www.imdb.com/title/tt0107144/,movie,6.6,86,1993,"Action, Comedy",92818,1993-05-21,Jim Abrahams,,
94,tt0119925,2023-01-24,2023-01-24,,The Postman,https://www.imdb.com/title/tt0119925/,movie,6.1,177,1997,"Action, Adventure, Drama, Sci-Fi",75208,1997-12-12,Kevin Costner,,
95,tt0286499,2023-01-24,2023-01-24,,Bend It Like Beckham,https://www.imdb.com/title/tt0286499/,movie,6.7,112,2002,"Comedy, Drama, Romance, Sport",112206,2002-04-11,Gurinder Chadha,,
96,tt0120461,2023-01-24,2023-01-24,,Volcano,https://www.imdb.com/title/tt0120461/,movie,5.5,104,1997,"Action, Drama, Sci-Fi, Thriller",78119,1997-04-15,Mick Jackson,,
97,tt0107985,2023-01-24,2023-01-24,,Rookie of the Year,https://www.imdb.com/title/tt0107985/,movie,6.1,103,1993,"Comedy, Family, Fantasy, Sport",29168,1993-07-07,Daniel Stern,,
98,tt0242423,2023-01-24,2023-01-24,,"Dude, Where's My Car?",https://www.imdb.com/title/tt0242423/,movie,5.5,83,2000,"Comedy, Mystery, Sci-Fi",141647,2000-12-10,Danny Leiner,,
99,tt0127536,2023-01-24,2023-01-24,,Elizabeth,https://www.imdb.com/title/tt0127536/,movie,7.4,124,1998,"Biography, Drama, History",100948,1998-09-08,Shekhar Kapur,,
100,tt0115798,2023-01-24,2023-01-24,,The Cable Guy,https://www.imdb.com/title/tt0115798/,movie,6.1,96,1996,"Comedy, Drama, Thriller",168400,1996-06-10,Ben Stiller,,
101,tt0206314,2023-01-24,2023-01-24,,Joy Ride,https://www.imdb.com/title/tt0206314/,movie,6.6,97,2001,"Action, Mystery, Thriller",71325,2001-09-09,John Dahl,,
102,tt0120831,2023-01-24,2023-01-24,,Slums of Beverly Hills,https://www.imdb.com/title/tt0120831/,movie,6.7,91,1998,"Comedy, Drama",13457,1998-05-21,Tamara Jenkins,,
103,tt0181984,2023-01-24,2023-01-24,,Boiler Room,https://www.imdb.com/title/tt0181984/,movie,7.0,120,2000,"Crime, Drama, Thriller",54220,2000-01-30,Ben Younger,,
104,tt0107554,2023-01-24,2023-01-24,,Menace II Society,https://www.imdb.com/title/tt0107554/,movie,7.5,97,1993,"Crime, Drama, Thriller",60481,1993-05-26,"Allen Hughes, Albert Hughes",,
105,tt0118771,2023-01-24,2023-01-24,,Breakdown,https://www.imdb.com/title/tt0118771/,movie,7.0,93,1997,"Crime, Drama, Mystery, Thriller",56591,1997-04-24,Jonathan Mostow,,
106,tt0139414,2023-01-24,2023-01-24,,Lake Placid,https://www.imdb.com/title/tt0139414/,movie,5.8,82,1999,"Action, Comedy, Horror",62538,1999-07-15,Steve Miner,,
107,tt0118998,2023-01-24,2023-01-24,,Doctor Dolittle,https://www.imdb.com/title/tt0118998/,movie,5.4,85,1998,"Comedy, Family, Fantasy",98514,1998-06-13,Betty Thomas,,
108,tt0107034,2023-01-24,2023-01-24,,The Good Son,https://www.imdb.com/title/tt0107034/,movie,6.4,87,1993,"Drama, Thriller",42633,1993-09-24,Joseph Ruben,,
109,tt0119223,2023-01-24,2023-01-24,,Great Expectations,https://www.imdb.com/title/tt0119223/,movie,6.8,111,1998,"Drama, Romance",54597,1998-01-30,Alfonso Cuarón,,
110,tt0115759,2023-01-24,2023-01-24,,Broken Arrow,https://www.imdb.com/title/tt0115759/,movie,6.1,108,1996,"Action, Adventure, Thriller",100537,1996-02-05,John Woo,,
111,tt0307479,2023-01-24,2023-01-24,,Solaris,https://www.imdb.com/title/tt0307479/,movie,6.2,99,2002,"Drama, Mystery, Romance, Sci-Fi",84013,2002-11-19,Steven Soderbergh,,
112,tt0166276,2023-01-24,2023-01-24,,Monkeybone,https://www.imdb.com/title/tt0166276/,movie,4.8,93,2001,"Animation, Comedy, Fantasy",18405,2001-02-23,Henry Selick,,
113,tt0137494,2023-01-24,2023-01-24,,Entrapment,https://www.imdb.com/title/tt0137494/,movie,6.3,113,1999,"Action, Crime, Romance, Thriller",118083,1999-04-15,Jon Amiel,,
114,tt0105812,2023-01-24,2023-01-24,,White Men Can't Jump,https://www.imdb.com/title/tt0105812/,movie,6.8,115,1992,"Comedy, Sport",89061,1992-03-27,Ron Shelton,,
115,tt0117737,2023-01-24,2023-01-24,,Stealing Beauty,https://www.imdb.com/title/tt0117737/,movie,6.5,118,1996,"Drama, Mystery, Romance",28983,1996-03-28,Bernardo Bertolucci,,
116,tt0109190,2023-01-24,2023-01-24,,Baby's Day Out,https://www.imdb.com/title/tt0109190/,movie,6.2,99,1994,"Adventure, Comedy, Crime, Drama, Family",52426,1994-07-01,Patrick Read Johnson,,
117,tt0265459,2023-01-24,2023-01-24,,One Hour Photo,https://www.imdb.com/title/tt0265459/,movie,6.8,96,2002,"Drama, Thriller",125439,2002-01-13,Mark Romanek,,
118,tt0303714,2023-01-24,2023-01-24,,Barbershop,https://www.imdb.com/title/tt0303714/,movie,6.3,102,2002,"Comedy, Drama",32040,2002-08-07,Tim Story,,
119,tt0120032,2023-01-24,2023-01-24,,Romy and Michele's High School Reunion,https://www.imdb.com/title/tt0120032/,movie,6.3,92,1997,Comedy,49336,1997-04-25,David Mirkin,,
120,tt0119051,2023-01-24,2023-01-24,,The Edge,https://www.imdb.com/title/tt0119051/,movie,6.9,117,1997,"Action, Adventure, Drama, Thriller",75193,1997-09-06,Lee Tamahori,,
121,tt0035423,2023-01-24,2023-01-24,,Kate & Leopold,https://www.imdb.com/title/tt0035423/,movie,6.4,118,2001,"Comedy, Fantasy, Romance",85980,2001-12-11,James Mangold,,
122,tt0243017,2023-01-24,2023-01-24,,Waking Life,https://www.imdb.com/title/tt0243017/,movie,7.7,99,2001,"Animation, Drama, Fantasy",64996,2001-01-23,Richard Linklater,,
123,tt0117247,2023-01-24,2023-01-24,,One Fine Day,https://www.imdb.com/title/tt0117247/,movie,6.5,108,1996,"Comedy, Drama, Romance",47044,1996-12-20,Michael Hoffman,,
124,tt0107969,2023-01-24,2023-01-24,,Rising Sun,https://www.imdb.com/title/tt0107969/,movie,6.2,125,1993,"Action, Crime, Drama, Mystery, Thriller",46599,1993-07-30,Philip Kaufman,,
125,tt0120620,2023-01-24,2023-01-24,,Brokedown Palace,https://www.imdb.com/title/tt0120620/,movie,6.4,100,1999,"Drama, Mystery, Thriller",23176,1999-08-13,Jonathan Kaplan,,
126,tt0265087,2023-01-24,2023-01-24,,Black Knight,https://www.imdb.com/title/tt0265087/,movie,4.9,95,2001,"Adventure, Comedy, Fantasy",41606,2001-11-15,Gil Junger,,
127,tt0120902,2023-01-24,2023-01-24,,The X Files,https://www.imdb.com/title/tt0120902/,movie,7.0,121,1998,"Drama, Mystery, Sci-Fi, Thriller",106959,1998-06-19,Rob Bowman,,
128,tt0208003,2023-01-24,2023-01-24,,Big Momma's House,https://www.imdb.com/title/tt0208003/,movie,5.2,99,2000,"Action, Comedy, Crime",87153,2000-05-31,Raja Gosnell,,
129,tt0180073,2023-01-24,2023-01-24,,Quills,https://www.imdb.com/title/tt0180073/,movie,7.3,124,2000,"Biography, Drama",55081,2000-09-02,Philip Kaufman,,
130,tt0164181,2023-01-24,2023-01-24,,Stir of Echoes,https://www.imdb.com/title/tt0164181/,movie,6.9,99,1999,"Horror, Mystery, Thriller",83096,1999-07-28,David Koepp,,
131,tt0120768,2023-01-24,2023-01-24,,The Negotiator,https://www.imdb.com/title/tt0120768/,movie,7.3,140,1998,"Action, Crime, Drama, Mystery, Thriller",145518,1998-07-29,F. Gary Gray,,
132,tt0159273,2023-01-24,2023-01-24,,Behind Enemy Lines,https://www.imdb.com/title/tt0159273/,movie,6.4,106,2001,"Action, Drama, Thriller, War",107495,2001-11-17,John Moore,,
133,tt0115988,2023-01-24,2023-01-24,,The Crucible,https://www.imdb.com/title/tt0115988/,movie,6.8,124,1996,"Drama, History",38639,1996-11-27,Nicholas Hytner,,
134,tt0303933,2023-01-24,2023-01-24,,Drumline,https://www.imdb.com/title/tt0303933/,movie,5.9,118,2002,"Comedy, Drama, Romance, Music",35123,2002-08-07,Charles Stone III,,
135,tt0119137,2023-01-24,2023-01-24,,Flubber,https://www.imdb.com/title/tt0119137/,movie,5.3,93,1997,"Comedy, Family, Sci-Fi",91138,1997-11-16,Les Mayfield,,
136,tt0113117,2023-01-24,2023-01-24,,French Kiss,https://www.imdb.com/title/tt0113117/,movie,6.6,111,1995,"Comedy, Drama, Romance",51044,1995-05-05,Lawrence Kasdan,,
137,tt0120179,2023-01-24,2023-01-24,,Speed 2: Cruise Control,https://www.imdb.com/title/tt0120179/,movie,3.9,121,1997,"Action, Adventure, Crime, Romance, Thriller",82561,1997-06-13,Jan de Bont,,
138,tt0129332,2023-01-24,2023-01-24,,Ravenous,https://www.imdb.com/title/tt0129332/,movie,6.9,101,1999,"Adventure, Horror, Western",40919,1999-01-01,Antonia Bird,,
139,tt0275022,2023-01-24,2023-01-24,,Crossroads,https://www.imdb.com/title/tt0275022/,movie,3.6,93,2002,"Comedy, Drama, Romance",40615,2002-02-11,Tamra Davis,,
140,tt0236348,2023-01-24,2023-01-24,,Josie and the Pussycats,https://www.imdb.com/title/tt0236348/,movie,5.5,98,2001,"Comedy, Music",23671,2001-04-06,"Marc Webb, Deborah Kaplan, Harry Elfont",,
141,tt0113481,2023-01-24,2023-01-24,,Johnny Mnemonic,https://www.imdb.com/title/tt0113481/,movie,5.6,103,1995,"Action, Drama, Sci-Fi, Thriller",73088,1995-04-15,Robert Longo,,
142,tt0325258,2023-01-24,2023-01-24,,Dickie Roberts: Former Child Star,https://www.imdb.com/title/tt0325258/,movie,5.5,98,2003,Comedy,14981,2003-09-03,Sam Weisman,,
143,tt0113862,2023-01-24,2023-01-24,,Mr. Holland's Opus,https://www.imdb.com/title/tt0113862/,movie,7.3,143,1995,"Drama, Music",40304,1995-12-29,Stephen Herek,,
144,tt0184858,2023-01-24,2023-01-24,,Reindeer Games,https://www.imdb.com/title/tt0184858/,movie,5.8,104,2000,"Action, Adventure, Crime, Drama, Thriller",40879,2000-02-21,John Frankenheimer,,
145,tt0165854,2023-01-24,2023-01-24,,The Limey,https://www.imdb.com/title/tt0165854/,movie,6.9,89,1999,"Crime, Drama, Mystery, Thriller",33264,1999-05-15,Steven Soderbergh,,
146,tt0240468,2023-01-24,2023-01-24,,Kung Pow: Enter the Fist,https://www.imdb.com/title/tt0240468/,movie,6.2,81,2002,"Action, Comedy",47013,2002-01-25,Steve Oedekerk,,
147,tt0140379,2023-01-24,2023-01-24,,A Midsummer Night's Dream,https://www.imdb.com/title/tt0140379/,movie,6.4,116,1999,"Comedy, Fantasy, Romance",25995,1999-04-26,Michael Hoffman,,
148,tt0110684,2023-01-24,2023-01-24,,Nobody's Fool,https://www.imdb.com/title/tt0110684/,movie,7.3,110,1994,"Comedy, Drama",21319,1994-12-23,Robert Benton,,
149,tt0333780,2023-01-24,2023-01-24,,"Legally Blonde 2: Red, White & Blonde",https://www.imdb.com/title/tt0333780/,movie,4.7,95,2003,Comedy,68826,2003-06-30,Charles Herman-Wurmfeld,,
150,tt0106400,2023-01-24,2023-01-24,,The Beverly Hillbillies,https://www.imdb.com/title/tt0106400/,movie,5.0,92,1993,"Comedy, Family",19047,1993-10-15,Penelope Spheeris,,
151,tt0116705,2023-01-24,2023-01-24,,Jingle All the Way,https://www.imdb.com/title/tt0116705/,movie,5.7,89,1996,"Adventure, Comedy, Family",108398,1996-11-16,Brian Levant,,
152,tt0110763,2023-01-24,2023-01-24,,The Pagemaster,https://www.imdb.com/title/tt0110763/,movie,6.1,80,1994,"Animation, Adventure, Comedy, Family, Fantasy",24158,1994-11-23,"Pixote Hunt, Joe Johnston",,
153,tt0244970,2023-01-24,2023-01-24,,Someone Like You...,https://www.imdb.com/title/tt0244970/,movie,6.0,97,2001,"Comedy, Romance",26738,2001-03-28,Tony Goldwyn,,
154,tt0120913,2023-01-24,2023-01-24,,Titan A.E.,https://www.imdb.com/title/tt0120913/,movie,6.6,94,2000,"Animation, Action, Adventure, Family, Sci-Fi",62063,2000-06-13,"Don Bluth, Gary Goldman",,
155,tt0305711,2023-01-24,2023-01-24,,Just Married,https://www.imdb.com/title/tt0305711/,movie,5.4,95,2003,"Comedy, Romance",72023,2003-01-08,Shawn Levy,,
156,tt0110527,2023-01-24,2023-01-24,,Miracle on 34th Street,https://www.imdb.com/title/tt0110527/,movie,6.6,114,1994,"Drama, Family, Fantasy",40037,1994-11-15,Les Mayfield,,
157,tt0313911,2023-01-24,2023-01-24,,Agent Cody Banks,https://www.imdb.com/title/tt0313911/,movie,5.1,102,2003,"Action, Adventure, Comedy, Crime, Family, Romance, Thriller",35610,2003-03-08,Harald Zwart,,
158,tt0170691,2023-01-24,2023-01-24,,Tigerland,https://www.imdb.com/title/tt0170691/,movie,7.0,101,2000,"Drama, War",41860,2000-09-13,Joel Schumacher,,
159,tt0263757,2023-01-24,2023-01-24,,Uptown Girls,https://www.imdb.com/title/tt0263757/,movie,6.1,92,2003,"Comedy, Drama, Romance",39618,2003-08-15,Boaz Yakin,,
160,tt0119896,2023-01-24,2023-01-24,,Picture Perfect,https://www.imdb.com/title/tt0119896/,movie,5.5,101,1997,"Comedy, Drama, Romance",20626,1997-04-17,Glenn Gordon Caron,,
161,tt0108473,2023-01-24,2023-01-24,,The Vanishing,https://www.imdb.com/title/tt0108473/,movie,6.3,109,1993,"Drama, Horror, Mystery, Thriller",26197,1993-02-05,George Sluizer,,
162,tt0116130,2023-01-24,2023-01-24,,Down Periscope,https://www.imdb.com/title/tt0116130/,movie,6.1,92,1996,Comedy,25316,1996-03-01,David S. Ward,,
163,tt0119313,2023-01-24,2023-01-24,,Hope Floats,https://www.imdb.com/title/tt0119313/,movie,6.0,114,1998,"Drama, Romance",28447,1998-05-29,Forest Whitaker,,
164,tt0279113,2023-01-24,2023-01-24,,The Good Girl,https://www.imdb.com/title/tt0279113/,movie,6.4,93,2002,"Drama, Romance",45909,2002-01-12,Miguel Arteta,,
165,tt0119381,2023-01-24,2023-01-24,,Inventing the Abbotts,https://www.imdb.com/title/tt0119381/,movie,6.4,110,1997,"Drama, Romance",13250,1997-04-04,Pat O'Connor,,
166,tt0308506,2023-01-24,2023-01-24,,Like Mike,https://www.imdb.com/title/tt0308506/,movie,5.3,99,2002,"Comedy, Family, Fantasy, Sport",21412,2002-07-03,John Schultz,,
167,tt0168786,2023-01-24,2023-01-24,,Antwone Fisher,https://www.imdb.com/title/tt0168786/,movie,7.3,120,2002,"Biography, Drama",36571,2002-09-12,Denzel Washington,,
168,tt0115956,2023-01-24,2023-01-24,,Courage Under Fire,https://www.imdb.com/title/tt0115956/,movie,6.6,116,1996,"Action, Drama, Mystery, Thriller, War",56235,1996-07-12,Edward Zwick,,
169,tt0240515,2023-01-24,2023-01-24,,Freddy Got Fingered,https://www.imdb.com/title/tt0240515/,movie,4.6,87,2001,Comedy,49411,2001-04-18,Tom Green,,
170,tt0257756,2023-01-24,2023-01-24,,High Crimes,https://www.imdb.com/title/tt0257756/,movie,6.3,115,2002,"Crime, Drama, Mystery, Thriller",44385,2002-04-03,Carl Franklin,,
171,tt0114887,2023-01-24,2023-01-24,,A Walk in the Clouds,https://www.imdb.com/title/tt0114887/,movie,6.7,102,1995,"Drama, Romance",34814,1995-05-27,Alfonso Arau,,
172,tt0164114,2023-01-24,2023-01-24,,Drive Me Crazy,https://www.imdb.com/title/tt0164114/,movie,5.7,91,1999,"Comedy, Drama, Romance",20160,1999-09-22,John Schultz,,
173,tt0133952,2023-01-24,2023-01-24,,The Siege,https://www.imdb.com/title/tt0133952/,movie,6.4,116,1998,"Action, Thriller",74483,1998-11-06,Edward Zwick,,
174,tt0146984,2023-01-24,2023-01-24,,The Legend of Bagger Vance,https://www.imdb.com/title/tt0146984/,movie,6.7,126,2000,"Drama, Fantasy, Sport",57831,2000-10-29,Robert Redford,,
175,tt0240462,2023-01-24,2023-01-24,,Dr. Dolittle 2,https://www.imdb.com/title/tt0240462/,movie,4.7,87,2001,"Comedy, Family, Fantasy",45891,2001-06-19,Steve Carr,,
176,tt0120389,2023-01-24,2023-01-24,,Turbo: A Power Rangers Movie,https://www.imdb.com/title/tt0120389/,movie,3.6,99,1997,"Action, Adventure, Family, Fantasy, Sci-Fi, Thriller",9159,1997-03-28,"David Winning, Shuki Levy",,
177,tt0113870,2023-01-24,2023-01-24,,Murder in the First,https://www.imdb.com/title/tt0113870/,movie,7.3,122,1995,"Drama, Thriller",29157,1995-01-20,Marc Rocco,,
178,tt0166485,2023-01-24,2023-01-24,,Anna and the King,https://www.imdb.com/title/tt0166485/,movie,6.7,148,1999,"Drama, History, Romance",37813,1999-12-06,Andy Tennant,,
179,tt0164212,2023-01-24,2023-01-24,,Under Suspicion,https://www.imdb.com/title/tt0164212/,movie,6.4,110,2000,"Crime, Drama, Thriller",26417,2000-05-11,Stephen Hopkins,,
180,tt0301470,2023-01-24,2023-01-24,,Jeepers Creepers 2,https://www.imdb.com/title/tt0301470/,movie,5.6,106,2003,Horror,66796,2003-08-08,Victor Salva,,
181,tt0124718,2023-01-24,2023-01-24,,He Got Game,https://www.imdb.com/title/tt0124718/,movie,6.9,136,1998,"Drama, Sport",49034,1998-04-25,Spike Lee,,
182,tt0283026,2023-01-24,2023-01-24,,Swimfan,https://www.imdb.com/title/tt0283026/,movie,5.1,85,2002,"Drama, Thriller",20557,2002-08-19,John Polson,,
183,tt0338466,2023-01-24,2023-01-24,,Stuck on You,https://www.imdb.com/title/tt0338466/,movie,5.8,118,2003,Comedy,53852,2003-12-10,"Peter Farrelly, Bobby Farrelly",,
184,tt0114885,2023-01-24,2023-01-24,,Waiting to Exhale,https://www.imdb.com/title/tt0114885/,movie,5.9,124,1995,"Comedy, Drama, Romance",11319,1995-12-22,Forest Whitaker,,
185,tt0109890,2023-01-24,2023-01-24,,The Getaway,https://www.imdb.com/title/tt0109890/,movie,5.8,115,1994,"Action, Adventure, Crime, Drama, Thriller",18716,1994-02-11,Roger Donaldson,,
186,tt0239395,2023-01-24,2023-01-24,,Cats & Dogs,https://www.imdb.com/title/tt0239395/,movie,5.1,87,2001,"Action, Adventure, Comedy, Family, Fantasy",60513,2001-06-23,Lawrence Guterman,,
187,tt0245562,2023-01-24,2023-01-24,,Windtalkers,https://www.imdb.com/title/tt0245562/,movie,6.1,134,2002,"Action, Drama, War",70530,2002-06-14,John Woo,,
188,tt0166396,2023-01-24,2023-01-24,,Waking Ned,https://www.imdb.com/title/tt0166396/,movie,7.3,91,1998,Comedy,27008,1998-09-15,Kirk Jones,,
189,tt0120772,2023-01-24,2023-01-24,,The Object of My Affection,https://www.imdb.com/title/tt0120772/,movie,6.0,111,1998,"Comedy, Drama, Romance",20618,1998-04-17,Nicholas Hytner,,
190,tt0110759,2023-01-24,2023-01-24,,PCU,https://www.imdb.com/title/tt0110759/,movie,6.5,79,1994,Comedy,13869,1994-04-29,Hart Bochner,,
191,tt0309530,2023-01-24,2023-01-24,,Down with Love,https://www.imdb.com/title/tt0309530/,movie,6.3,101,2003,"Comedy, Romance",42603,2003-05-09,Peyton Reed,,
192,tt0251114,2023-01-24,2023-01-24,,Hart's War,https://www.imdb.com/title/tt0251114/,movie,6.3,125,2002,"Drama, War",53792,2002-02-15,Gregory Hoblit,,
193,tt0115857,2023-01-24,2023-01-24,,Chain Reaction,https://www.imdb.com/title/tt0115857/,movie,5.6,107,1996,"Action, Drama, Sci-Fi, Thriller",53392,1996-08-01,Andrew Davis,,
194,tt0124198,2023-01-24,2023-01-24,,Very Bad Things,https://www.imdb.com/title/tt0124198/,movie,6.3,100,1998,"Comedy, Crime, Thriller",47719,1998-09-11,Peter Berg,,
195,tt0297884,2023-01-24,2023-01-24,,Far from Heaven,https://www.imdb.com/title/tt0297884/,movie,7.3,107,2002,"Drama, Romance",47385,2002-09-02,Todd Haynes,,
196,tt0104695,2023-01-24,2023-01-24,,Leap of Faith,https://www.imdb.com/title/tt0104695/,movie,6.1,108,1992,"Comedy, Drama, Romance",13658,1992-12-15,Richard Pearce,,
197,tt0229260,2023-01-24,2023-01-24,,Book of Shadows: Blair Witch 2,https://www.imdb.com/title/tt0229260/,movie,4.0,90,2000,"Adventure, Fantasy, Horror, Mystery, Thriller",38768,2000-10-27,Joe Berlinger,,
198,tt0110638,2023-01-24,2023-01-24,,Nell,https://www.imdb.com/title/tt0110638/,movie,6.5,112,1994,Drama,29753,1994-12-14,Michael Apted,,
199,tt0120866,2023-01-24,2023-01-24,,Titus,https://www.imdb.com/title/tt0120866/,movie,7.1,162,1999,"Drama, History, Thriller",20897,1999-12-25,Julie Taymor,,
200,tt0118892,2023-01-24,2023-01-24,,Dangerous Beauty,https://www.imdb.com/title/tt0118892/,movie,7.1,111,1998,"Biography, Drama, Romance",18248,1998-02-20,Marshall Herskovitz,,
201,tt0145653,2023-01-24,2023-01-24,,Angela's Ashes,https://www.imdb.com/title/tt0145653/,movie,7.3,145,1999,"Biography, Drama",22298,1999-12-25,Alan Parker,,
202,tt0271027,2023-01-24,2023-01-24,,Kiss of the Dragon,https://www.imdb.com/title/tt0271027/,movie,6.6,98,2001,"Action, Crime, Thriller",64647,2001-06-25,Chris Nahon,,
203,tt0195234,2023-01-24,2023-01-24,,Saving Grace,https://www.imdb.com/title/tt0195234/,movie,6.9,93,2000,"Comedy, Crime",18763,2000-01-24,Nigel Cole,,
204,tt0109198,2023-01-24,2023-01-24,,Bad Girls,https://www.imdb.com/title/tt0109198/,movie,5.2,99,1994,"Action, Adventure, Romance, Western",12993,1994-04-22,Jonathan Kaplan,,
205,tt0105629,2023-01-24,2023-01-24,,Toys,https://www.imdb.com/title/tt0105629/,movie,5.1,118,1992,"Adventure, Comedy, Drama, Family, Fantasy",32519,1992-12-13,Barry Levinson,,
206,tt0186589,2023-01-24,2023-01-24,,Sugar & Spice,https://www.imdb.com/title/tt0186589/,movie,5.7,81,2001,"Comedy, Crime",14633,2001-01-24,Francine McDougall,,
207,tt0108308,2023-01-24,2023-01-24,,Teenage Mutant Ninja Turtles III,https://www.imdb.com/title/tt0108308/,movie,4.8,96,1993,"Action, Adventure, Comedy, Family, Fantasy, Sci-Fi",34230,1993-03-19,Stuart Gillard,,
208,tt0107745,2023-01-24,2023-01-24,,Once Upon a Forest,https://www.imdb.com/title/tt0107745/,movie,6.4,71,1993,"Animation, Adventure, Drama, Family",5752,1993-06-18,Charles Grosvenor,,
209,tt0295289,2023-01-24,2023-01-24,,A Guy Thing,https://www.imdb.com/title/tt0295289/,movie,5.6,101,2003,"Comedy, Romance",17674,2003-01-17,Chris Koch,,
210,tt0105402,2023-01-24,2023-01-24,,Sidekicks,https://www.imdb.com/title/tt0105402/,movie,5.1,101,1992,"Action, Adventure, Comedy, Drama, Sport",9159,1992-12-17,Aaron Norris,,
211,tt0245803,2023-01-24,2023-01-24,,Bulletproof Monk,https://www.imdb.com/title/tt0245803/,movie,5.4,104,2003,"Action, Comedy, Fantasy",51003,2003-04-16,Paul Hunter,,
212,tt0120169,2023-01-24,2023-01-24,,Soul Food,https://www.imdb.com/title/tt0120169/,movie,7.0,115,1997,"Comedy, Drama",8469,1997-08-24,George Tillman Jr.,,
213,tt0305206,2023-01-24,2023-01-24,,American Splendor,https://www.imdb.com/title/tt0305206/,movie,7.4,101,2003,"Biography, Comedy, Drama",50601,2003-01-20,"Shari Springer Berman, Robert Pulcini",,
214,tt0113986,2023-01-24,2023-01-24,,Nine Months,https://www.imdb.com/title/tt0113986/,movie,5.5,103,1995,"Comedy, Romance",37494,1995-07-12,Chris Columbus,,
215,tt0109402,2023-01-24,2023-01-24,,The Chase,https://www.imdb.com/title/tt0109402/,movie,5.8,97,1994,"Action, Adventure, Comedy, Crime, Romance, Thriller",21471,1994-03-04,Adam Rifkin,,
216,tt0298845,2023-01-24,2023-01-24,,In America,https://www.imdb.com/title/tt0298845/,movie,7.7,105,2002,Drama,43505,2002-09-12,Jim Sheridan,,
217,tt0111094,2023-01-24,2023-01-24,,The Scout,https://www.imdb.com/title/tt0111094/,movie,5.4,101,1994,"Comedy, Drama, Sport",6648,1994-09-30,Michael Ritchie,,
218,tt0117628,2023-01-24,2023-01-24,,She's the One,https://www.imdb.com/title/tt0117628/,movie,6.0,96,1996,"Comedy, Drama, Romance",17920,1996-08-13,Edward Burns,,
219,tt0119535,2023-01-24,2023-01-24,,A Life Less Ordinary,https://www.imdb.com/title/tt0119535/,movie,6.3,103,1997,"Comedy, Crime, Fantasy, Romance",36146,1997-10-24,Danny Boyle,,
220,tt0118798,2023-01-24,2023-01-24,,Bulworth,https://www.imdb.com/title/tt0118798/,movie,6.8,108,1998,"Comedy, Drama, Romance",26571,1998-05-22,Warren Beatty,,
221,tt0247444,2023-01-24,2023-01-24,,Juwanna Mann,https://www.imdb.com/title/tt0247444/,movie,4.7,91,2002,"Comedy, Drama, Romance, Sport",6807,2002-06-18,Jesse Vaughan,,
222,tt0116151,2023-01-24,2023-01-24,,Dunston Checks In,https://www.imdb.com/title/tt0116151/,movie,5.3,88,1996,"Adventure, Comedy, Family",12865,1996-01-07,Ken Kwapis,,
223,tt0124179,2023-01-24,2023-01-24,,Two Girls and a Guy,https://www.imdb.com/title/tt0124179/,movie,5.5,84,1997,Drama,8553,1997-09-09,James Toback,,
224,tt0105699,2023-01-24,2023-01-24,,Unlawful Entry,https://www.imdb.com/title/tt0105699/,movie,6.4,111,1992,"Crime, Drama, Thriller",17643,1992-06-26,Jonathan Kaplan,,
225,tt0120703,2023-01-24,2023-01-24,,How Stella Got Her Groove Back,https://www.imdb.com/title/tt0120703/,movie,5.7,124,1998,"Comedy, Drama, Romance",7819,1998-08-03,Kevin Rodney Sullivan,,
226,tt0192614,2023-01-24,2023-01-24,,The Skulls,https://www.imdb.com/title/tt0192614/,movie,5.6,106,2000,"Action, Crime, Drama, Thriller",32785,2000-03-27,Rob Cohen,,
227,tt0117979,2023-01-24,2023-01-24,,The Truth About Cats & Dogs,https://www.imdb.com/title/tt0117979/,movie,6.3,97,1996,"Comedy, Romance",28358,1996-04-26,Michael Lehmann,,
228,tt0272207,2023-01-24,2023-01-24,,Narc,https://www.imdb.com/title/tt0272207/,movie,7.1,105,2002,"Crime, Drama, Mystery, Thriller",41647,2002-01-14,Joe Carnahan,,
229,tt0109838,2023-01-24,2023-01-24,,Freaked,https://www.imdb.com/title/tt0109838/,movie,6.3,86,1993,"Comedy, Sci-Fi",7526,1993-04-24,"Alex Winter, Tom Stern",,
230,tt0339034,2023-01-24,2023-01-24,,From Justin to Kelly,https://www.imdb.com/title/tt0339034/,movie,1.9,81,2003,"Comedy, Musical, Romance",26566,2003-06-20,Robert Iscove,,
231,tt0104427,2023-01-24,2023-01-24,,Hoffa,https://www.imdb.com/title/tt0104427/,movie,6.6,140,1992,"Biography, Crime, Drama",23780,1992-12-25,Danny DeVito,,
232,tt0283900,2023-01-24,2023-01-24,,L'auberge espagnole,https://www.imdb.com/title/tt0283900/,movie,7.3,122,2002,"Comedy, Drama, Romance",41647,2002-05-17,Cédric Klapisch,,
233,tt0112427,2023-01-24,2023-01-24,,An Awfully Big Adventure,https://www.imdb.com/title/tt0112427/,movie,5.8,112,1995,"Comedy, Drama, Romance",2877,1995-01-31,Mike Newell,,
234,tt0145893,2023-01-24,2023-01-24,,Simply Irresistible,https://www.imdb.com/title/tt0145893/,movie,5.2,96,1999,"Comedy, Drama, Fantasy, Romance",14318,1999-02-05,Mark Tarlov,,
235,tt0120797,2023-01-24,2023-01-24,,Pushing Tin,https://www.imdb.com/title/tt0120797/,movie,6.0,124,1999,"Comedy, Drama, Romance",29782,1999-04-23,Mike Newell,,
236,tt0102343,2023-01-24,2023-01-24,,Love Potion No. 9,https://www.imdb.com/title/tt0102343/,movie,5.7,92,1992,"Comedy, Fantasy, Romance",14603,1992-11-13,Dale Launer,,
237,tt0105219,2023-01-24,2023-01-24,,Rapid Fire,https://www.imdb.com/title/tt0105219/,movie,6.2,95,1992,"Action, Crime, Drama, Thriller",9837,1992-08-21,Dwight H. Little,,
238,tt0306734,2023-01-24,2023-01-24,,Le divorce,https://www.imdb.com/title/tt0306734/,movie,4.9,117,2003,"Comedy, Drama, Romance",11757,2003-08-08,James Ivory,,
239,tt0117372,2023-01-24,2023-01-24,,The Preacher's Wife,https://www.imdb.com/title/tt0117372/,movie,5.7,123,1996,"Comedy, Drama, Fantasy, Romance",12837,1996-12-13,Penny Marshall,,
240,tt0107009,2023-01-24,2023-01-24,,Ghost in the Machine,https://www.imdb.com/title/tt0107009/,movie,4.6,95,1993,"Horror, Sci-Fi, Thriller",3967,1993-12-29,Rachel Talalay,,
241,tt0283632,2023-01-24,2023-01-24,,They,https://www.imdb.com/title/tt0283632/,movie,4.8,89,2002,"Horror, Mystery, Thriller",13174,2002-11-01,Robert Harmon,,
242,tt0279331,2023-01-24,2023-01-24,,Dark Blue,https://www.imdb.com/title/tt0279331/,movie,6.6,118,2002,"Crime, Drama, Thriller",22775,2002-12-14,Ron Shelton,,
243,tt0110428,2023-01-24,2023-01-24,,The Madness of King George,https://www.imdb.com/title/tt0110428/,movie,7.2,110,1994,"Biography, Comedy, Drama, History",17187,1994-12-28,Nicholas Hytner,,
244,tt0113552,2023-01-24,2023-01-24,,Kiss of Death,https://www.imdb.com/title/tt0113552/,movie,5.9,101,1995,"Crime, Drama, Thriller",19569,1995-04-21,Barbet Schroeder,,
245,tt0297037,2023-01-24,2023-01-24,,Brown Sugar,https://www.imdb.com/title/tt0297037/,movie,6.4,109,2002,"Comedy, Drama, Music, Romance",9729,2002-10-05,Rick Famuyiwa,,
246,tt0282687,2023-01-24,2023-01-24,,Life or Something Like It,https://www.imdb.com/title/tt0282687/,movie,5.7,103,2002,"Comedy, Romance",26814,2002-04-26,Stephen Herek,,
247,tt0119848,2023-01-24,2023-01-24,,Out to Sea,https://www.imdb.com/title/tt0119848/,movie,6.0,106,1997,"Comedy, Romance",9129,1997-07-02,Martha Coolidge,,
248,tt0239949,2023-01-24,2023-01-24,,Say It Isn't So,https://www.imdb.com/title/tt0239949/,movie,5.0,95,2001,"Comedy, Romance",13434,2001-03-12,J.B. Rogers,,
249,tt0107750,2023-01-24,2023-01-24,,Only the Strong,https://www.imdb.com/title/tt0107750/,movie,6.5,99,1993,"Action, Drama",6444,1993-08-27,Sheldon Lettich,,
250,tt0131646,2023-01-24,2023-01-24,,Wing Commander,https://www.imdb.com/title/tt0131646/,movie,4.3,100,1999,"Action, Adventure, Sci-Fi",17011,1999-03-12,Chris Roberts,,
251,tt0264761,2023-01-24,2023-01-24,,Kissing Jessica Stein,https://www.imdb.com/title/tt0264761/,movie,6.6,97,2001,"Comedy, Drama, Romance",17038,2001-04-21,Charles Herman-Wurmfeld,,
252,tt0120753,2023-01-24,2023-01-24,,The Million Dollar Hotel,https://www.imdb.com/title/tt0120753/,movie,5.8,122,2000,"Drama, Mystery, Thriller",21840,2000-02-09,Wim Wenders,,
253,tt0118589,2023-01-24,2023-01-24,,Glitter,https://www.imdb.com/title/tt0118589/,movie,2.4,104,2001,"Drama, Music, Romance",23687,2001-09-21,Vondie Curtis-Hall,,
254,tt0111477,2023-01-24,2023-01-24,,Trapped in Paradise,https://www.imdb.com/title/tt0111477/,movie,5.9,111,1994,"Adventure, Comedy, Crime, Romance",15665,1994-11-21,George Gallo,,
255,tt0149691,2023-01-24,2023-01-24,,Anywhere But Here,https://www.imdb.com/title/tt0149691/,movie,6.2,114,1999,"Comedy, Drama",18199,1999-09-17,Wayne Wang,,
256,tt0120152,2023-01-24,2023-01-24,,Smilla's Sense of Snow,https://www.imdb.com/title/tt0120152/,movie,6.3,121,1997,"Crime, Drama, Mystery, Sci-Fi, Thriller",14700,1997-02-13,Bille August,,
257,tt0280460,2023-01-24,2023-01-24,,The Banger Sisters,https://www.imdb.com/title/tt0280460/,movie,5.7,98,2002,"Comedy, Drama",16873,2002-09-08,Bob Dolman,,
258,tt0160009,2023-01-24,2023-01-24,,The Art of War,https://www.imdb.com/title/tt0160009/,movie,5.7,117,2000,"Action, Adventure, Crime, Thriller",30238,2000-08-23,Christian Duguay,,
259,tt0120478,2023-01-24,2023-01-24,,Star Kid,https://www.imdb.com/title/tt0120478/,movie,5.3,101,1997,"Adventure, Family, Sci-Fi",2881,1997-11-13,Manny Coto,,
260,tt0113097,2023-01-24,2023-01-24,,Forget Paris,https://www.imdb.com/title/tt0113097/,movie,6.5,101,1995,"Comedy, Romance",12635,1995-05-19,Billy Crystal,,
261,tt0112606,2023-01-24,2023-01-24,,Bye Bye Love,https://www.imdb.com/title/tt0112606/,movie,6.1,106,1995,"Comedy, Romance",6390,1995-03-17,Sam Weisman,,
262,tt0120402,2023-01-24,2023-01-24,,Ulee's Gold,https://www.imdb.com/title/tt0120402/,movie,7.0,113,1997,Drama,7295,1997-01-22,Victor Nunez,,
263,tt0119843,2023-01-24,2023-01-24,,Oscar and Lucinda,https://www.imdb.com/title/tt0119843/,movie,6.6,132,1997,"Drama, Romance",7004,1997-12-31,Gillian Armstrong,,
264,tt0323572,2023-01-24,2023-01-24,,Chasing Papi,https://www.imdb.com/title/tt0323572/,movie,4.7,80,2003,"Comedy, Romance",4288,2003-04-16,Linda Mendoza,,
265,tt0218817,2023-01-24,2023-01-24,,Antitrust,https://www.imdb.com/title/tt0218817/,movie,6.1,108,2001,"Action, Crime, Drama, Thriller",29660,2001-01-10,Peter Howitt,,
266,tt0304711,2023-01-24,2023-01-24,,The Order,https://www.imdb.com/title/tt0304711/,movie,5.1,102,2003,"Horror, Mystery, Thriller",18035,2003-08-28,Brian Helgeland,,
267,tt0105391,2023-01-24,2023-01-24,,Shining Through,https://www.imdb.com/title/tt0105391/,movie,6.4,132,1992,"Drama, Romance, Thriller, War",10238,1992-01-31,David Seltzer,,
268,tt0205271,2023-01-24,2023-01-24,,Dr. T & the Women,https://www.imdb.com/title/tt0205271/,movie,4.7,122,2000,"Comedy, Drama, Romance",19850,2000-09-01,Robert Altman,,
269,tt0119859,2023-01-24,2023-01-24,,Paradise Road,https://www.imdb.com/title/tt0119859/,movie,6.8,122,1997,"Drama, History, War",5672,1997-04-11,Bruce Beresford,,
270,tt0126388,2023-01-24,2023-01-24,,Legionnaire,https://www.imdb.com/title/tt0126388/,movie,5.5,99,1998,"Action, Adventure, Drama, War",24590,1998-12-03,Peter MacDonald,,
271,tt0107079,2023-01-24,2023-01-24,,Sugar Hill,https://www.imdb.com/title/tt0107079/,movie,5.8,123,1993,"Crime, Drama, Thriller",4645,1993-10-31,Leon Ichaso,,
272,tt0112602,2023-01-24,2023-01-24,,Bushwhacked,https://www.imdb.com/title/tt0112602/,movie,5.6,90,1995,"Adventure, Comedy, Crime, Family, Mystery",6532,1995-08-04,Greg Beeman,,
273,tt0206420,2023-01-24,2023-01-24,,Woman on Top,https://www.imdb.com/title/tt0206420/,movie,5.3,92,2000,"Comedy, Fantasy, Romance",10687,2000-05-31,Fina Torres,,
274,tt0246002,2023-01-24,2023-01-24,,Kingdom Come,https://www.imdb.com/title/tt0246002/,movie,5.5,94,2001,"Comedy, Drama",2325,2001-02-08,Doug McHenry,,
275,tt0161083,2023-01-24,2023-01-24,,What's the Worst That Could Happen?,https://www.imdb.com/title/tt0161083/,movie,5.4,94,2001,"Comedy, Crime",16121,2001-06-01,Sam Weisman,,
276,tt0106309,2023-01-24,2023-01-24,,Joshua Tree,https://www.imdb.com/title/tt0106309/,movie,5.7,106,1993,"Action, Adventure, Crime, Drama, Mystery, Thriller",5942,1993-03-27,Vic Armstrong,,
277,tt0273517,2023-01-24,2023-01-24,,Darkness,https://www.imdb.com/title/tt0273517/,movie,5.4,88,2002,Horror,19865,2002-10-03,Jaume Balagueró,,
278,tt0107478,2023-01-24,2023-01-24,,Made in America,https://www.imdb.com/title/tt0107478/,movie,5.1,111,1993,Comedy,17168,1993-05-28,Richard Benjamin,,
279,tt0111470,2023-01-24,2023-01-24,,Trading Mom,https://www.imdb.com/title/tt0111470/,movie,5.4,85,1994,"Comedy, Family, Fantasy",2033,1994-03-04,Tia Brelis,,
280,tt0115710,2023-01-24,2023-01-24,,Blood and Wine,https://www.imdb.com/title/tt0115710/,movie,6.0,101,1996,"Crime, Drama, Thriller",10323,1996-09-19,Bob Rafelson,,
281,tt0106393,2023-01-24,2023-01-24,,Best of the Best II,https://www.imdb.com/title/tt0106393/,movie,5.5,101,1993,"Action, Crime, Drama, Thriller",6062,1993-03-05,Robert Radler,,
282,tt0192731,2023-01-24,2023-01-24,,Urban Legends: Final Cut,https://www.imdb.com/title/tt0192731/,movie,4.3,97,2000,"Horror, Mystery",18061,2000-09-19,John Ottman,,
283,tt0105572,2023-01-24,2023-01-24,,That Night,https://www.imdb.com/title/tt0105572/,movie,6.6,89,1992,"Drama, Romance",2972,1992-12-17,Craig Bolotin,,
284,tt0112585,2023-01-24,2023-01-24,,The Brothers McMullen,https://www.imdb.com/title/tt0112585/,movie,6.6,98,1995,"Comedy, Drama, Romance",7989,1995-01-21,Edward Burns,,
285,tt0128842,2023-01-24,2023-01-24,,The Wiggles Movie,https://www.imdb.com/title/tt0128842/,movie,6.3,83,1997,"Animation, Adventure, Comedy, Family, Fantasy, Music, Musical, Romance",498,1997-12-18,Dean Covell,,
286,tt0281820,2023-01-24,2023-01-24,,The Good Thief,https://www.imdb.com/title/tt0281820/,movie,6.5,109,2002,"Action, Crime, Drama, Romance, Thriller",10632,2002-09-06,Neil Jordan,,
287,tt0120769,2023-01-24,2023-01-24,,The Newton Boys,https://www.imdb.com/title/tt0120769/,movie,6.1,122,1998,"Action, Crime, Drama, History, Western",11814,1998-03-14,Richard Linklater,,
288,tt0116448,2023-01-24,2023-01-24,,The Great White Hype,https://www.imdb.com/title/tt0116448/,movie,5.5,91,1996,"Comedy, Sport",10389,1996-05-03,Reginald Hudlin,,
289,tt0118863,2023-01-24,2023-01-24,,Clay Pigeons,https://www.imdb.com/title/tt0118863/,movie,6.6,104,1998,"Comedy, Crime",11730,1998-09-15,David Dobkin,,
290,tt0113028,2023-01-24,2023-01-24,,Far from Home: The Adventures of Yellow Dog,https://www.imdb.com/title/tt0113028/,movie,6.3,81,1995,"Adventure, Family",3106,1995-01-13,Phillip Borsos,,
291,tt0128239,2023-01-24,2023-01-24,,Grey Owl,https://www.imdb.com/title/tt0128239/,movie,6.0,118,1999,"Biography, Drama, Western",3859,1999-09-10,Richard Attenborough,,
292,tt0218619,2023-01-24,2023-01-24,,Soul Survivors,https://www.imdb.com/title/tt0218619/,movie,3.9,84,2001,"Horror, Mystery, Thriller",9190,2001-09-06,Stephen Carpenter,,
293,tt0117803,2023-01-24,2023-01-24,,Sworn to Justice,https://www.imdb.com/title/tt0117803/,movie,4.9,97,1996,"Action, Drama, Thriller",813,1996-10-31,Paul Maslak,,
294,tt0326900,2023-01-24,2023-01-24,,Good Boy!,https://www.imdb.com/title/tt0326900/,movie,5.1,88,2003,"Comedy, Drama, Family, Fantasy, Sci-Fi",4497,2003-10-10,John Hoffman,,
295,tt0103850,2023-01-24,2023-01-24,,Bob Roberts,https://www.imdb.com/title/tt0103850/,movie,7.0,102,1992,"Comedy, Drama",15262,1992-08-23,Tim Robbins,,
296,tt0279889,2023-01-24,2023-01-24,,Joe Somebody,https://www.imdb.com/title/tt0279889/,movie,5.5,98,2001,"Comedy, Drama",10752,2001-12-07,John Pasquin,,
297,tt0114928,2023-01-24,2023-01-24,,White Man's Burden,https://www.imdb.com/title/tt0114928/,movie,5.3,89,1995,"Drama, Thriller",5015,1995-10-05,Desmond Nakano,,
298,tt0105165,2023-01-24,2023-01-24,,Prelude to a Kiss,https://www.imdb.com/title/tt0105165/,movie,5.6,105,1992,"Comedy, Fantasy, Romance",8309,1992-07-10,Norman René,,
299,tt0120670,2023-01-24,2023-01-24,,Firestorm,https://www.imdb.com/title/tt0120670/,movie,4.8,89,1998,"Action, Thriller",4085,1998-01-07,Dean Semler,,
300,tt0259974,2023-01-24,2023-01-24,,Digimon: The Movie,https://www.imdb.com/title/tt0259974/,movie,6.0,82,2000,"Animation, Action, Adventure, Family, Sci-Fi",7573,2000-10-02,"Shigeyasu Yamauchi, Jeff Nimoy, Bob Buchholz, Mamoru Hosoda",,
301,tt0115742,2023-01-24,2023-01-24,,Boys,https://www.imdb.com/title/tt0115742/,movie,4.9,86,1996,"Drama, Mystery, Romance",3739,1996-05-10,Stacy Cochran,,
302,tt0195778,2023-01-24,2023-01-24,,Here on Earth,https://www.imdb.com/title/tt0195778/,movie,5.1,96,2000,"Drama, Romance",8707,2000-03-15,Mark Piznarski,,
303,tt0210075,2023-01-24,2023-01-24,,Girlfight,https://www.imdb.com/title/tt0210075/,movie,6.7,110,2000,"Drama, Sport",11140,2000-01-22,Karyn Kusama,,
304,tt0342508,2023-01-24,2023-01-24,,Hangman's Curse,https://www.imdb.com/title/tt0342508/,movie,4.8,106,2003,"Horror, Mystery, Thriller",2666,2003-09-12,Rafal Zielinski,,
305,tt0119910,2023-01-24,2023-01-24,,Polish Wedding,https://www.imdb.com/title/tt0119910/,movie,5.5,105,1998,"Comedy, Drama, Romance",3334,1998-01-16,Theresa Connelly,,
306,tt0116414,2023-01-24,2023-01-24,,Girl 6,https://www.imdb.com/title/tt0116414/,movie,5.3,108,1996,"Comedy, Drama",6461,1996-03-22,Spike Lee,,
307,tt0117071,2023-01-24,2023-01-24,,Moll Flanders,https://www.imdb.com/title/tt0117071/,movie,6.4,123,1996,"Drama, Romance",4359,1996-06-14,Pen Densham,,
308,tt0107247,2023-01-24,2023-01-24,,Jack the Bear,https://www.imdb.com/title/tt0107247/,movie,6.5,99,1993,"Comedy, Drama",4221,1993-04-02,Marshall Herskovitz,,
309,tt0118852,2023-01-24,2023-01-24,,Chinese Coffee,https://www.imdb.com/title/tt0118852/,movie,7.1,99,2000,Drama,4413,2000-09-02,Al Pacino,,
310,tt0250323,2023-01-24,2023-01-24,,The Deep End,https://www.imdb.com/title/tt0250323/,movie,6.5,101,2001,"Crime, Drama, Mystery, Romance, Thriller",11763,2001-01-21,"Scott McGehee, David Siegel",,
311,tt0117582,2023-01-24,2023-01-24,,The Secret Agent,https://www.imdb.com/title/tt0117582/,movie,5.6,95,1996,"Drama, Thriller",2458,1996-09-07,Christopher Hampton,,
312,tt0367790,2023-01-24,2023-01-24,,How to Get the Man's Foot Outta Your Ass,https://www.imdb.com/title/tt0367790/,movie,7.3,109,2003,"Biography, Drama",5032,2003-09-07,Mario Van Peebles,,
313,tt0111187,2023-01-24,2023-01-24,,Silent Fall,https://www.imdb.com/title/tt0111187/,movie,5.9,101,1994,"Drama, Mystery, Thriller",4577,1994-10-28,Bruce Beresford,,
314,tt0120823,2023-01-24,2023-01-24,,The Impostors,https://www.imdb.com/title/tt0120823/,movie,6.5,101,1998,Comedy,5238,1998-05-18,Stanley Tucci,,
315,tt0133412,2023-01-24,2023-01-24,,Best Laid Plans,https://www.imdb.com/title/tt0133412/,movie,6.1,92,1999,"Crime, Drama, Thriller",8060,1999-05-14,Mike Barker,,
316,tt0104283,2023-01-24,2023-01-24,,Folks!,https://www.imdb.com/title/tt0104283/,movie,5.6,107,1992,"Comedy, Drama",2691,1992-05-01,Ted Kotcheff,,
317,tt0274711,2023-01-24,2023-01-24,,People I Know,https://www.imdb.com/title/tt0274711/,movie,5.4,100,2002,"Crime, Drama",11538,2002-10-11,Daniel Algrant,,
318,tt0111552,2023-01-24,2023-01-24,,Cui hua kuang mo,https://www.imdb.com/title/tt0111552/,movie,4.2,92,1993,"Action, Crime, Thriller",2275,1993-03-05,Godfrey Ho,,
319,tt0120197,2023-01-24,2023-01-24,,Star Maps,https://www.imdb.com/title/tt0120197/,movie,5.6,86,1997,"Comedy, Drama",1024,1997-01-31,Miguel Arteta,,
320,tt0210584,2023-01-24,2023-01-24,,Bootmen,https://www.imdb.com/title/tt0210584/,movie,6.2,95,2000,"Comedy, Drama, Romance",2427,2000-10-05,Dein Perry,,
321,tt0216417,2023-01-24,2023-01-24,,The Wog Boy,https://www.imdb.com/title/tt0216417/,movie,5.7,92,2000,Comedy,2210,2000-02-24,Aleksi Vellis,,
322,tt0105001,2023-01-24,2023-01-24,,Night and the City,https://www.imdb.com/title/tt0105001/,movie,5.8,105,1992,"Crime, Drama",4970,1992-10-11,Irwin Winkler,,
323,tt0330602,2023-01-24,2023-01-24,,Mambo Italiano,https://www.imdb.com/title/tt0330602/,movie,6.7,88,2003,"Comedy, Drama, Romance",6770,2003-05-15,Émile Gaudreault,,
324,tt0106505,2023-01-24,2023-01-24,,Calendar Girl,https://www.imdb.com/title/tt0106505/,movie,5.1,90,1993,"Comedy, Drama",2347,1993-09-03,John Whitesell,,
325,tt0109443,2023-01-24,2023-01-24,,Clean Slate,https://www.imdb.com/title/tt0109443/,movie,5.7,107,1994,"Comedy, Mystery",4018,1994-05-06,Mick Jackson,,
326,tt0337960,2023-01-24,2023-01-24,,Danny Deckchair,https://www.imdb.com/title/tt0337960/,movie,6.7,100,2003,"Comedy, Romance",5098,2003-05-16,Jeff Balsmeyer,,
327,tt0199950,2023-01-24,2023-01-24,,The New Adventures of Pinocchio,https://www.imdb.com/title/tt0199950/,movie,5.1,94,1999,"Adventure, Family, Fantasy",831,1999-11-15,Michael Anderson,,
328,tt0105577,2023-01-24,2023-01-24,,This Is My Life,https://www.imdb.com/title/tt0105577/,movie,6.0,105,1992,Drama,1291,1992-02-21,Nora Ephron,,
329,tt0305396,2023-01-24,2023-01-24,,The Crocodile Hunter: Collision Course,https://www.imdb.com/title/tt0305396/,movie,5.4,90,2002,"Action, Adventure, Comedy, Family",8039,2002-07-12,John Stainton,,
330,tt0105480,2023-01-24,2023-01-24,,Storyville,https://www.imdb.com/title/tt0105480/,movie,5.7,113,1992,"Drama, Mystery, Thriller",1353,1992-06-30,Mark Frost,,
331,tt0118894,2023-01-24,2023-01-24,,Cousin Bette,https://www.imdb.com/title/tt0118894/,movie,6.2,108,1998,"Comedy, Drama, Romance",2746,1998-06-12,Des McAnuff,,
332,tt0120122,2023-01-24,2023-01-24,,Shooting Fish,https://www.imdb.com/title/tt0120122/,movie,6.6,109,1997,"Comedy, Crime, Romance",7719,1997-08-22,Stefan Schwartz,,
333,tt0367088,2023-01-24,2023-01-24,,Spymate,https://www.imdb.com/title/tt0367088/,movie,3.9,81,2003,"Adventure, Comedy, Family",1349,2003-02-24,Robert Vince,,
334,tt0280696,2023-01-24,2023-01-24,,Garage Days,https://www.imdb.com/title/tt0280696/,movie,5.8,105,2002,"Comedy, Drama, Music",2865,2002-10-03,Alex Proyas,,
335,tt0120642,2023-01-24,2023-01-24,,"A Cool, Dry Place",https://www.imdb.com/title/tt0120642/,movie,6.1,97,1998,Drama,3080,1998-04-03,John N. Smith,,
336,tt0172726,2023-01-24,2023-01-24,,Light It Up,https://www.imdb.com/title/tt0172726/,movie,6.0,99,1999,"Drama, Thriller",3796,1999-11-04,Craig Bolotin,,
337,tt0104804,2023-01-24,2023-01-24,,Man Trouble,https://www.imdb.com/title/tt0104804/,movie,4.7,100,1992,"Comedy, Romance",3315,1992-07-17,Bob Rafelson,,
338,tt0109162,2023-01-24,2023-01-24,,Asterix in America,https://www.imdb.com/title/tt0109162/,movie,5.9,85,1994,"Animation, Adventure, Comedy, Family, Fantasy, Western",7887,1994-09-29,Gerhard Hahn,,
339,tt0118926,2023-01-24,2023-01-24,,The Dancer Upstairs,https://www.imdb.com/title/tt0118926/,movie,6.9,132,2002,"Crime, Drama, Thriller",6705,2002-01-11,John Malkovich,,
340,tt0277412,2023-01-24,2023-01-24,,Unspeakable,https://www.imdb.com/title/tt0277412/,movie,3.6,108,2002,"Horror, Thriller",1456,2002-04-30,Thomas J. Wright,,
341,tt0178050,2023-01-24,2023-01-24,,Sunset Strip,https://www.imdb.com/title/tt0178050/,movie,5.6,90,2000,"Comedy, Drama",1721,2000-08-18,Adam Collis,,
342,tt0114536,2023-01-24,2023-01-24,,Steal Big Steal Little,https://www.imdb.com/title/tt0114536/,movie,4.7,135,1995,Comedy,1038,1995-09-09,Andrew Davis,,
343,tt0105706,2023-01-24,2023-01-24,,Used People,https://www.imdb.com/title/tt0105706/,movie,6.1,115,1992,"Comedy, Drama, Romance",1540,1992-12-16,Beeban Kidron,,
344,tt0119560,2023-01-24,2023-01-24,,No Looking Back,https://www.imdb.com/title/tt0119560/,movie,5.9,96,1998,"Drama, Romance",2083,1998-03-27,Edward Burns,,
345,tt0178988,2023-01-24,2023-01-24,,Whiteboyz,https://www.imdb.com/title/tt0178988/,movie,5.3,92,1999,"Comedy, Drama",1912,1999-09-09,Marc Levin,,
346,tt0118763,2023-01-24,2023-01-24,,The Boys Club,https://www.imdb.com/title/tt0118763/,movie,6.2,90,1996,"Adventure, Crime, Drama, Mystery, Thriller",1278,1996-05-09,John Fawcett,,
347,tt0280674,2023-01-24,2023-01-24,,The First $20 Million Is Always the Hardest,https://www.imdb.com/title/tt0280674/,movie,5.5,105,2002,Comedy,3190,2002-06-28,Mick Jackson,,
348,tt0107090,2023-01-24,2023-01-24,,Hear No Evil,https://www.imdb.com/title/tt0107090/,movie,5.0,97,1993,Thriller,1284,1993-03-26,Robert Greenwald,,
349,tt0107102,2023-01-24,2023-01-24,,Heung Gong wun fung kwong,https://www.imdb.com/title/tt0107102/,movie,4.2,91,1993,"Adventure, Comedy",608,1993-07-10,Wellson Chin,,
350,tt0176422,2023-01-24,2023-01-24,,Alice et Martin,https://www.imdb.com/title/tt0176422/,movie,6.3,124,1998,"Drama, Romance",1837,1998-10-23,André Téchiné,,
351,tt0107046,2023-01-24,2023-01-24,,Gross Misconduct,https://www.imdb.com/title/tt0107046/,movie,5.3,95,1993,"Thriller, Drama",459,1993-07-29,George Miller,,
352,tt0114303,2023-01-24,2023-01-24,,Rough Magic,https://www.imdb.com/title/tt0114303/,movie,5.5,105,1995,"Comedy, Drama, Romance, Fantasy",1953,1995-08-30,Clare Peploe,,
353,tt0325968,2023-01-24,2023-01-24,,Perfect Strangers,https://www.imdb.com/title/tt0325968/,movie,5.2,96,2003,"Drama, Romance, Thriller",1566,2003-10-09,Gaylene Preston,,
354,tt0110805,2023-01-24,2023-01-24,,Pentathlon,https://www.imdb.com/title/tt0110805/,movie,4.3,101,1994,"Action, Drama, Thriller",1935,1994-01-01,Bruce Malmuth,,
355,tt0116931,2023-01-24,2023-01-24,,Love and Other Catastrophes,https://www.imdb.com/title/tt0116931/,movie,6.5,76,1996,"Comedy, Romance",2037,1996-08-01,Emma-Kate Croghan,,
356,tt0118870,2023-01-24,2023-01-24,,Cold Around the Heart,https://www.imdb.com/title/tt0118870/,movie,5.2,96,1997,"Crime, Drama, Thriller",1074,1997-07-31,John Ridley,,
357,tt0163080,2023-01-24,2023-01-24,,The Magic Pudding,https://www.imdb.com/title/tt0163080/,movie,5.8,80,2000,"Animation, Family, Musical",504,2000-12-14,Karl Zwicky,,
358,tt0144178,2023-01-24,2023-01-24,,Dreaming of Joseph Lees,https://www.imdb.com/title/tt0144178/,movie,6.3,92,1999,"Drama, Romance",881,1999-10-29,Eric Styles,,
359,tt0218112,2023-01-24,2023-01-24,,The Closer You Get,https://www.imdb.com/title/tt0218112/,movie,6.2,93,2000,Comedy,1506,2000-02-25,Aileen Ritchie,,
360,tt0207524,2023-01-24,2023-01-24,,How to Kill Your Neighbor's Dog,https://www.imdb.com/title/tt0207524/,movie,6.8,107,2000,"Comedy, Drama",3586,2000-09-16,Michael Kalesniko,,
361,tt0366347,2023-01-24,2023-01-24,,Deadly Stingers,https://www.imdb.com/title/tt0366347/,movie,3.9,73,2003,"Comedy, Horror, Sci-Fi",243,2003-03-28,J.R. Bookwalter,,
362,tt0103752,2023-01-24,2023-01-24,,Back in the U.S.S.R.,https://www.imdb.com/title/tt0103752/,movie,4.9,87,1992,"Crime, Drama, Thriller",468,1992-02-07,Deran Sarafian,,
363,tt0122906,2023-01-24,2023-01-24,,Among Giants,https://www.imdb.com/title/tt0122906/,movie,5.9,94,1998,"Comedy, Romance",944,1998-06-24,Sam Miller,,
364,tt0367174,2023-01-24,2023-01-24,,Heung joh chow heung yau chow,https://www.imdb.com/title/tt0367174/,movie,6.8,95,2003,"Comedy, Drama, Romance",1885,2003-09-11,"Johnnie To, Ka-Fai Wai",,
365,tt0289589,2023-01-24,2023-01-24,,Malevolent,https://www.imdb.com/title/tt0289589/,movie,5.2,95,2002,"Crime, Drama, Thriller",583,2002-05-07,John Terlesky,,
366,tt0110359,2023-01-24,2023-01-24,,Lipstick Camera,https://www.imdb.com/title/tt0110359/,movie,4.1,91,1994,"Action, Thriller",287,1994-03-25,Mike Bonifer,,
367,tt0120044,2023-01-24,2023-01-24,,Rusty: A Dog's Tale,https://www.imdb.com/title/tt0120044/,movie,4.8,90,1998,"Adventure, Comedy, Family",285,1998-09-22,Shuki Levy,,
368,tt0127500,2023-01-24,2023-01-24,,Darklands,https://www.imdb.com/title/tt0127500/,movie,4.7,90,1996,"Drama, Horror, Thriller",395,1996-11-16,Julian Richards,,
369,tt0299712,2023-01-24,2023-01-24,,They Crawl,https://www.imdb.com/title/tt0299712/,movie,3.4,93,2001,"Horror, Sci-Fi, Thriller",766,2001-03-31,John Allardice,,
370,tt0156711,2023-01-24,2023-01-24,,Kiss Toledo Goodbye,https://www.imdb.com/title/tt0156711/,movie,4.7,96,1999,"Comedy, Thriller",604,1999-11-22,Lyndon Chubbuck,,
371,tt0108264,2023-01-24,2023-01-24,,Sweet Killing,https://www.imdb.com/title/tt0108264/,movie,5.3,87,1993,"Comedy, Crime, Drama",115,1993-03-16,Eddy Matalon,,
372,tt0180181,2023-01-24,2023-01-24,,Soft Fruit,https://www.imdb.com/title/tt0180181/,movie,6.6,101,1999,"Comedy, Drama",555,1999-10-28,Christina Andreef,,
373,tt0190346,2023-01-24,2023-01-24,,The Dancer,https://www.imdb.com/title/tt0190346/,movie,5.7,89,2000,Drama,1052,2000-05-19,Frédéric Garson,,
374,tt0116449,2023-01-24,2023-01-24,,Green Plaid Shirt,https://www.imdb.com/title/tt0116449/,movie,5.6,87,1996,"Drama, Romance",422,1996-06-30,Richard Natale,,
375,tt0138987,2023-01-24,2023-01-24,,20 Dates,https://www.imdb.com/title/tt0138987/,movie,5.6,87,1998,"Biography, Comedy, Romance",1774,1998-01-31,Myles Berkowitz,,
376,tt0221691,2023-01-24,2023-01-24,,Walk the Talk,https://www.imdb.com/title/tt0221691/,movie,5.0,111,2000,Comedy,145,2000-09-09,Shirley Barrett,,
377,tt0120337,2023-01-24,2023-01-24,,Tiré à part,https://www.imdb.com/title/tt0120337/,movie,6.5,85,1996,"Thriller, Drama",198,1996-08-19,Bernard Rapp,,
378,tt0116323,2023-01-24,2023-01-24,,Flipping,https://www.imdb.com/title/tt0116323/,movie,4.1,102,1996,"Crime, Drama",176,1996-01-05,Gene Mitchell,,
379,tt0295284,2023-01-24,2023-01-24,,The Good Thief,https://www.imdb.com/title/tt0295284/,movie,5.3,118,2003,,53,2003-04-11,R.T. Herwig,,
380,tt0111161,2023-01-24,2023-01-24,,The Shawshank Redemption,https://www.imdb.com/title/tt0111161/,movie,9.3,142,1994,Drama,2698101,1994-09-10,Frank Darabont,,
381,tt0117008,2023-01-24,2023-01-24,,Matilda,https://www.imdb.com/title/tt0117008/,movie,7.0,98,1996,"Comedy, Family, Fantasy",159574,1996-07-28,Danny DeVito,,
382,tt0110413,2023-01-24,2023-01-24,,Léon,https://www.imdb.com/title/tt0110413/,movie,8.5,110,1994,"Action, Crime, Drama, Thriller",1170069,1994-09-14,Luc Besson,,
383,tt0116695,2023-01-24,2023-01-24,,Jerry Maguire,https://www.imdb.com/title/tt0116695/,movie,7.3,139,1996,"Comedy, Drama, Romance, Sport",271260,1996-12-06,Cameron Crowe,,
384,tt0119116,2023-01-24,2023-01-24,,The Fifth Element,https://www.imdb.com/title/tt0119116/,movie,7.6,126,1997,"Action, Adventure, Sci-Fi",479320,1997-05-07,Luc Besson,,
385,tt0317303,2023-01-24,2023-01-24,,Daddy Day Care,https://www.imdb.com/title/tt0317303/,movie,5.6,92,2003,"Comedy, Family",70417,2003-05-04,Steve Carr,,
386,tt0145487,2023-01-24,2023-01-24,,Spider-Man,https://www.imdb.com/title/tt0145487/,movie,7.4,121,2002,"Action, Adventure, Sci-Fi",825239,2002-04-30,Sam Raimi,,
387,tt0277371,2023-01-24,2023-01-24,,Not Another Teen Movie,https://www.imdb.com/title/tt0277371/,movie,5.7,89,2001,Comedy,108127,2001-12-07,Joel Gallen,,
388,tt0208092,2023-01-24,2023-01-24,,Snatch,https://www.imdb.com/title/tt0208092/,movie,8.2,104,2000,"Comedy, Crime",862589,2000-08-23,Guy Ritchie,,
389,tt0181875,2023-01-24,2023-01-24,,Almost Famous,https://www.imdb.com/title/tt0181875/,movie,7.9,122,2000,"Adventure, Comedy, Drama, Music",280064,2000-09-08,Cameron Crowe,,
390,tt0195685,2023-01-24,2023-01-24,,Erin Brockovich,https://www.imdb.com/title/tt0195685/,movie,7.4,131,2000,"Biography, Drama",202133,2000-03-14,Steven Soderbergh,,
391,tt0112471,2023-01-24,2023-01-24,,Before Sunrise,https://www.imdb.com/title/tt0112471/,movie,8.1,101,1995,"Drama, Romance",313266,1995-01-19,Richard Linklater,,
392,tt0103874,2023-01-24,2023-01-24,,Dracula,https://www.imdb.com/title/tt0103874/,movie,7.4,128,1992,"Drama, Fantasy, Horror, Romance",221914,1992-11-10,Francis Ford Coppola,,
393,tt0107048,2023-01-24,2023-01-24,,Groundhog Day,https://www.imdb.com/title/tt0107048/,movie,8.1,101,1993,"Comedy, Drama, Fantasy, Romance",639340,1993-02-02,Harold Ramis,,
394,tt0187393,2023-01-24,2023-01-24,,The Patriot,https://www.imdb.com/title/tt0187393/,movie,7.2,165,2000,"Action, Drama, History, War",279172,2000-06-27,Roland Emmerich,,
395,tt0120890,2023-01-24,2023-01-24,,Wild Things,https://www.imdb.com/title/tt0120890/,movie,6.6,108,1998,"Crime, Drama, Mystery, Thriller",123143,1998-03-20,John McNaughton,,
396,tt0118571,2023-01-24,2023-01-24,,Air Force One,https://www.imdb.com/title/tt0118571/,movie,6.5,124,1997,"Action, Drama, Thriller",199848,1997-07-21,Wolfgang Petersen,,
397,tt0183790,2023-01-24,2023-01-24,,A Knight's Tale,https://www.imdb.com/title/tt0183790/,movie,6.9,132,2001,"Action, Adventure, Romance",190454,2001-03-08,Brian Helgeland,,
398,tt0104257,2023-01-24,2023-01-24,,A Few Good Men,https://www.imdb.com/title/tt0104257/,movie,7.7,138,1992,"Drama, Thriller",268729,1992-12-02,Rob Reiner,,
399,tt0119654,2023-01-24,2023-01-24,,Men in Black,https://www.imdb.com/title/tt0119654/,movie,7.3,98,1997,"Action, Adventure, Comedy, Sci-Fi",575609,1997-06-25,Barry Sonnenfeld,,
400,tt0120591,2023-01-24,2023-01-24,,Armageddon,https://www.imdb.com/title/tt0120591/,movie,6.7,151,1998,"Action, Adventure, Sci-Fi, Thriller",431036,1998-06-30,Michael Bay,,
401,tt0119345,2023-01-24,2023-01-24,,I Know What You Did Last Summer,https://www.imdb.com/title/tt0119345/,movie,5.8,101,1997,"Horror, Mystery",149571,1997-10-09,Jim Gillespie,,
402,tt0257076,2023-01-24,2023-01-24,,S.W.A.T.,https://www.imdb.com/title/tt0257076/,movie,6.0,117,2003,"Action, Adventure, Crime, Thriller",149501,2003-08-08,Clark Johnson,,
403,tt0115963,2023-01-24,2023-01-24,,The Craft,https://www.imdb.com/title/tt0115963/,movie,6.4,101,1996,"Drama, Fantasy, Horror, Thriller",97377,1996-04-26,Andrew Fleming,,
404,tt0172493,2023-01-24,2023-01-24,,"Girl, Interrupted",https://www.imdb.com/title/tt0172493/,movie,7.3,127,1999,"Biography, Drama",193086,1999-12-08,James Mangold,,
405,tt0112442,2023-01-24,2023-01-24,,Bad Boys,https://www.imdb.com/title/tt0112442/,movie,6.8,119,1995,"Action, Comedy, Crime, Thriller",270378,1995-04-06,Michael Bay,,
406,tt0104694,2023-01-24,2023-01-24,,A League of Their Own,https://www.imdb.com/title/tt0104694/,movie,7.3,128,1992,"Comedy, Drama, Sport",111534,1992-07-01,Penny Marshall,,
407,tt0139134,2023-01-24,2023-01-24,,Cruel Intentions,https://www.imdb.com/title/tt0139134/,movie,6.8,97,1999,"Drama, Romance",194913,1999-03-05,Roger Kumble,,
408,tt0319061,2023-01-24,2023-01-24,,Big Fish,https://www.imdb.com/title/tt0319061/,movie,8.0,125,2003,"Adventure, Drama, Fantasy, Romance",444601,2003-12-04,Tim Burton,,
409,tt0114388,2023-01-24,2023-01-24,,Sense and Sensibility,https://www.imdb.com/title/tt0114388/,movie,7.7,136,1995,"Drama, Romance",118305,1995-12-04,Ang Lee,,
410,tt0127723,2023-01-24,2023-01-24,,Can't Hardly Wait,https://www.imdb.com/title/tt0127723/,movie,6.5,100,1998,"Comedy, Romance",51483,1998-06-12,"Deborah Kaplan, Harry Elfont",,
411,tt0309698,2023-01-24,2023-01-24,,Identity,https://www.imdb.com/title/tt0309698/,movie,7.3,90,2003,"Mystery, Thriller",252887,2003-04-23,James Mangold,,
412,tt0112346,2023-01-24,2023-01-24,,The American President,https://www.imdb.com/title/tt0112346/,movie,6.8,114,1995,"Comedy, Drama, Romance",58435,1995-11-08,Rob Reiner,,
413,tt0107362,2023-01-24,2023-01-24,,Last Action Hero,https://www.imdb.com/title/tt0107362/,movie,6.4,130,1993,"Action, Adventure, Comedy, Fantasy",154760,1993-06-13,John McTiernan,,
414,tt0110632,2023-01-24,2023-01-24,,Natural Born Killers,https://www.imdb.com/title/tt0110632/,movie,7.2,119,1994,"Action, Crime, Drama",238802,1994-08-26,Oliver Stone,,
415,tt0316396,2023-01-24,2023-01-24,,Peter Pan,https://www.imdb.com/title/tt0316396/,movie,6.8,113,2003,"Adventure, Family, Fantasy, Romance",74669,2003-12-09,P.J. Hogan,,
416,tt0119822,2023-01-24,2023-01-24,,As Good as It Gets,https://www.imdb.com/title/tt0119822/,movie,7.7,139,1997,"Comedy, Drama, Romance",302903,1997-12-06,James L. Brooks,,
417,tt0252076,2023-01-24,2023-01-24,,Maid in Manhattan,https://www.imdb.com/title/tt0252076/,movie,5.3,105,2002,"Comedy, Drama, Romance",91708,2002-12-13,Wayne Wang,,
418,tt0119177,2023-01-24,2023-01-24,,Gattaca,https://www.imdb.com/title/tt0119177/,movie,7.8,106,1997,"Drama, Sci-Fi, Thriller",308326,1997-09-07,Andrew Niccol,,
419,tt0117218,2023-01-24,2023-01-24,,The Nutty Professor,https://www.imdb.com/title/tt0117218/,movie,5.7,95,1996,"Comedy, Romance, Sci-Fi",119162,1996-06-27,Tom Shadyac,,
420,tt0245674,2023-01-24,2023-01-24,,Thir13en Ghosts,https://www.imdb.com/title/tt0245674/,movie,5.6,91,2001,"Fantasy, Horror",89065,2001-10-23,Steve Beck,,
421,tt0105265,2023-01-24,2023-01-24,,A River Runs Through It,https://www.imdb.com/title/tt0105265/,movie,7.2,123,1992,Drama,61960,1992-09-13,Robert Redford,,
422,tt0183505,2023-01-24,2023-01-24,,"Me, Myself & Irene",https://www.imdb.com/title/tt0183505/,movie,6.6,116,2000,Comedy,240976,2000-06-15,"Peter Farrelly, Bobby Farrelly",,
423,tt0272338,2023-01-24,2023-01-24,,Punch-Drunk Love,https://www.imdb.com/title/tt0272338/,movie,7.3,95,2002,"Comedy, Drama, Romance, Thriller",167974,2002-05-19,Paul Thomas Anderson,,
424,tt0112851,2023-01-24,2023-01-24,,Desperado,https://www.imdb.com/title/tt0112851/,movie,7.1,104,1995,"Action, Crime, Thriller, Western",188763,1995-05-31,Robert Rodriguez,,
425,tt0160127,2023-01-24,2023-01-24,,Charlie's Angels,https://www.imdb.com/title/tt0160127/,movie,5.6,98,2000,"Action, Adventure, Comedy, Crime, Thriller",189419,2000-10-22,McG,,
426,tt0120601,2023-01-24,2023-01-24,,Being John Malkovich,https://www.imdb.com/title/tt0120601/,movie,7.8,113,1999,"Comedy, Drama, Fantasy",339654,1999-09-02,Spike Jonze,,
427,tt0108002,2023-01-24,2023-01-24,,Rudy,https://www.imdb.com/title/tt0108002/,movie,7.5,114,1993,"Biography, Drama, Sport",65097,1993-09-18,David Anspaugh,,
428,tt0164052,2023-01-24,2023-01-24,,Hollow Man,https://www.imdb.com/title/tt0164052/,movie,5.8,112,2000,"Action, Horror, Sci-Fi, Thriller",133226,2000-08-02,Paul Verhoeven,,
429,tt0120655,2023-01-24,2023-01-24,,Dogma,https://www.imdb.com/title/tt0120655/,movie,7.3,130,1999,"Adventure, Comedy, Drama, Fantasy",220621,1999-05-21,Kevin Smith,,
430,tt0106226,2023-01-24,2023-01-24,,The Age of Innocence,https://www.imdb.com/title/tt0106226/,movie,7.2,139,1993,"Drama, Romance",61793,1993-08-31,Martin Scorsese,,
431,tt0181852,2023-01-24,2023-01-24,,Terminator 3: Rise of the Machines,https://www.imdb.com/title/tt0181852/,movie,6.3,109,2003,"Action, Sci-Fi",403839,2003-06-30,Jonathan Mostow,,
432,tt0119738,2023-01-24,2023-01-24,,My Best Friend's Wedding,https://www.imdb.com/title/tt0119738/,movie,6.3,105,1997,"Comedy, Drama, Romance",145690,1997-06-20,P.J. Hogan,,
433,tt0268126,2023-01-24,2023-01-24,,Adaptation.,https://www.imdb.com/title/tt0268126/,movie,7.7,115,2002,"Comedy, Drama",195188,2002-12-03,Spike Jonze,,
434,tt0112642,2023-01-24,2023-01-24,,Casper,https://www.imdb.com/title/tt0112642/,movie,6.1,100,1995,"Comedy, Family, Fantasy",137665,1995-05-26,Brad Silberling,,
435,tt0110367,2023-01-24,2023-01-24,,Little Women,https://www.imdb.com/title/tt0110367/,movie,7.3,115,1994,"Drama, Family, Romance",60278,1994-12-21,Gillian Armstrong,,
436,tt0314353,2023-01-24,2023-01-24,,Tears of the Sun,https://www.imdb.com/title/tt0314353/,movie,6.6,121,2003,"Action, Drama, Thriller, War",124696,2003-03-03,Antoine Fuqua,,
437,tt0295701,2023-01-24,2023-01-24,,xXx,https://www.imdb.com/title/tt0295701/,movie,5.8,124,2002,"Action, Adventure, Thriller",181650,2002-08-09,Rob Cohen,,
438,tt0172156,2023-01-24,2023-01-24,,Bad Boys II,https://www.imdb.com/title/tt0172156/,movie,6.6,147,2003,"Action, Comedy, Crime, Thriller",254894,2003-07-09,Michael Bay,,
439,tt0120828,2023-01-24,2023-01-24,,Six Days Seven Nights,https://www.imdb.com/title/tt0120828/,movie,5.9,102,1998,"Action, Adventure, Comedy, Romance",79661,1998-06-12,Ivan Reitman,,
440,tt0185431,2023-01-24,2023-01-24,,Little Nicky,https://www.imdb.com/title/tt0185431/,movie,5.3,90,2000,"Comedy, Fantasy",107578,2000-11-02,Steven Brill,,
441,tt0117318,2023-01-24,2023-01-24,,The People vs. Larry Flynt,https://www.imdb.com/title/tt0117318/,movie,7.3,130,1996,"Biography, Drama",96688,1996-10-13,Milos Forman,,
442,tt0105414,2023-01-24,2023-01-24,,Single White Female,https://www.imdb.com/title/tt0105414/,movie,6.4,107,1992,"Drama, Thriller",38692,1992-08-14,Barbet Schroeder,,
443,tt0271668,2023-01-24,2023-01-24,,National Security,https://www.imdb.com/title/tt0271668/,movie,5.6,88,2003,"Action, Comedy, Crime, Thriller",51869,2003-01-15,Dennis Dugan,,
444,tt0120686,2023-01-24,2023-01-24,,Stepmom,https://www.imdb.com/title/tt0120686/,movie,6.8,125,1998,"Comedy, Drama",70167,1998-12-15,Chris Columbus,,
445,tt0285823,2023-01-24,2023-01-24,,Once Upon a Time in Mexico,https://www.imdb.com/title/tt0285823/,movie,6.3,102,2003,"Action, Crime, Thriller",164298,2003-08-27,Robert Rodriguez,,
446,tt0181316,2023-01-24,2023-01-24,,Blue Streak,https://www.imdb.com/title/tt0181316/,movie,6.3,93,1999,"Action, Comedy, Crime, Thriller",84803,1999-09-17,Les Mayfield,,
447,tt0191754,2023-01-24,2023-01-24,,28 Days,https://www.imdb.com/title/tt0191754/,movie,6.1,103,2000,"Comedy, Drama",51367,2000-02-08,Betty Thomas,,
448,tt0190865,2023-01-24,2023-01-24,,Vertical Limit,https://www.imdb.com/title/tt0190865/,movie,5.9,124,2000,"Action, Adventure, Drama, Thriller",62752,2000-12-03,Martin Campbell,,
449,tt0107943,2023-01-24,2023-01-24,,The Remains of the Day,https://www.imdb.com/title/tt0107943/,movie,7.8,134,1993,"Drama, Romance",76211,1993-10-25,James Ivory,,
450,tt0117765,2023-01-24,2023-01-24,,Striptease,https://www.imdb.com/title/tt0117765/,movie,4.5,115,1996,"Comedy, Crime, Drama, Thriller",46362,1996-06-23,Andrew Bergman,,
451,tt0120646,2023-01-24,2023-01-24,,The Deep End of the Ocean,https://www.imdb.com/title/tt0120646/,movie,6.3,106,1999,Drama,16065,1999-03-12,Ulu Grosbard,,
452,tt0164912,2023-01-24,2023-01-24,,Stuart Little,https://www.imdb.com/title/tt0164912/,movie,6.0,84,1999,"Adventure, Comedy, Family, Fantasy",138819,1999-12-05,Rob Minkoff,,
453,tt0251075,2023-01-24,2023-01-24,,Evolution,https://www.imdb.com/title/tt0251075/,movie,6.1,101,2001,"Comedy, Sci-Fi",130806,2001-06-08,Ivan Reitman,,
454,tt0139239,2023-01-24,2023-01-24,,Go,https://www.imdb.com/title/tt0139239/,movie,7.2,102,1999,"Comedy, Crime",72525,1999-02-20,Doug Liman,,
455,tt0258000,2023-01-24,2023-01-24,,Panic Room,https://www.imdb.com/title/tt0258000/,movie,6.8,112,2002,"Crime, Drama, Thriller",283385,2002-03-18,David Fincher,,
456,tt0306047,2023-01-24,2023-01-24,,Scary Movie 3,https://www.imdb.com/title/tt0306047/,movie,5.5,84,2003,Comedy,150112,2003-10-20,David Zucker,,
457,tt0327850,2023-01-24,2023-01-24,,The Rundown,https://www.imdb.com/title/tt0327850/,movie,6.6,104,2003,"Action, Adventure, Comedy, Thriller",109157,2003-09-22,Peter Berg,,
458,tt0145681,2023-01-24,2023-01-24,,The Bone Collector,https://www.imdb.com/title/tt0145681/,movie,6.7,118,1999,"Crime, Drama, Mystery, Thriller",173465,1999-08-29,Phillip Noyce,,
459,tt0245686,2023-01-24,2023-01-24,,Joe Dirt,https://www.imdb.com/title/tt0245686/,movie,6.0,91,2001,"Adventure, Comedy, Drama",57970,2001-04-11,Dennie Gordon,,
460,tt0305224,2023-01-24,2023-01-24,,Anger Management,https://www.imdb.com/title/tt0305224/,movie,6.2,106,2003,Comedy,218957,2003-03-05,Peter Segal,,
461,tt0305357,2023-01-24,2023-01-24,,Charlie's Angels: Full Throttle,https://www.imdb.com/title/tt0305357/,movie,4.9,106,2003,"Action, Adventure, Comedy, Crime",129321,2003-06-18,McG,,
462,tt0288477,2023-01-24,2023-01-24,,Ghost Ship,https://www.imdb.com/title/tt0288477/,movie,5.5,91,2002,Horror,102893,2002-10-22,Steve Beck,,
463,tt0280590,2023-01-24,2023-01-24,,Mr. Deeds,https://www.imdb.com/title/tt0280590/,movie,5.8,96,2002,"Comedy, Romance",146618,2002-06-28,Steven Brill,,
464,tt0104779,2023-01-24,2023-01-24,,Bitter Moon,https://www.imdb.com/title/tt0104779/,movie,7.2,139,1992,"Drama, Romance, Thriller",40088,1992-07-12,Roman Polanski,,
465,tt0134273,2023-01-24,2023-01-24,,8MM,https://www.imdb.com/title/tt0134273/,movie,6.5,123,1999,"Crime, Drama, Mystery, Thriller",135413,1999-02-19,Joel Schumacher,,
466,tt0253867,2023-01-24,2023-01-24,,The Sweetest Thing,https://www.imdb.com/title/tt0253867/,movie,5.1,84,2002,"Comedy, Romance",59929,2002-04-12,Roger Kumble,,
467,tt0304415,2023-01-24,2023-01-24,,Mona Lisa Smile,https://www.imdb.com/title/tt0304415/,movie,6.5,117,2003,Drama,84816,2003-12-19,Mike Newell,,
468,tt0120685,2023-01-24,2023-01-24,,Godzilla,https://www.imdb.com/title/tt0120685/,movie,5.4,139,1998,"Action, Sci-Fi, Thriller",195878,1998-05-18,Roland Emmerich,,
469,tt0116477,2023-01-24,2023-01-24,,Hamlet,https://www.imdb.com/title/tt0116477/,movie,7.8,242,1996,Drama,38692,1996-12-25,Kenneth Branagh,,
470,tt0118615,2023-01-24,2023-01-24,,Anaconda,https://www.imdb.com/title/tt0118615/,movie,4.8,89,1997,"Action, Adventure, Horror, Thriller",106493,1997-04-11,Luis Llosa,,
471,tt0118548,2023-01-24,2023-01-24,,Absolute Power,https://www.imdb.com/title/tt0118548/,movie,6.7,121,1997,"Action, Crime, Drama, Thriller",56696,1997-02-04,Clint Eastwood,,
472,tt0115734,2023-01-24,2023-01-24,,Bottle Rocket,https://www.imdb.com/title/tt0115734/,movie,6.9,91,1996,"Comedy, Crime, Drama",78596,1996-02-21,Wes Anderson,,
473,tt0307987,2023-01-24,2023-01-24,,Bad Santa,https://www.imdb.com/title/tt0307987/,movie,7.1,92,2003,"Comedy, Crime, Drama",148040,2003-11-18,Terry Zwigoff,,
474,tt0241760,2023-01-24,2023-01-24,,The New Guy,https://www.imdb.com/title/tt0241760/,movie,5.8,88,2002,Comedy,36494,2002-05-07,Ed Decter,,
475,tt0119141,2023-01-24,2023-01-24,,Fools Rush In,https://www.imdb.com/title/tt0119141/,movie,6.1,109,1997,"Comedy, Drama, Romance",36676,1997-02-14,Andy Tennant,,
476,tt0107206,2023-01-24,2023-01-24,,In the Line of Fire,https://www.imdb.com/title/tt0107206/,movie,7.2,128,1993,"Action, Crime, Drama, Thriller",106262,1993-07-08,Wolfgang Petersen,,
477,tt0114681,2023-01-24,2023-01-24,,To Die For,https://www.imdb.com/title/tt0114681/,movie,6.8,106,1995,"Comedy, Crime, Drama, Thriller",49357,1995-05-20,Gus Van Sant,,
478,tt0113305,2023-01-24,2023-01-24,,Higher Learning,https://www.imdb.com/title/tt0113305/,movie,6.5,128,1995,"Crime, Drama, Thriller",20540,1995-01-11,John Singleton,,
479,tt0165832,2023-01-24,2023-01-24,,Interstate 60: Episodes of the Road,https://www.imdb.com/title/tt0165832/,movie,7.6,116,2002,"Adventure, Comedy, Drama, Fantasy",33975,2002-04-13,Bob Gale,,
480,tt0109642,2023-01-24,2023-01-24,,Dolores Claiborne,https://www.imdb.com/title/tt0109642/,movie,7.4,132,1995,"Crime, Drama, Mystery, Thriller",45071,1995-03-24,Taylor Hackford,,
481,tt0113957,2023-01-24,2023-01-24,,The Net,https://www.imdb.com/title/tt0113957/,movie,5.9,114,1995,"Action, Crime, Drama, Mystery, Thriller",69621,1995-07-25,Irwin Winkler,,
482,tt0107497,2023-01-24,2023-01-24,,Malice,https://www.imdb.com/title/tt0107497/,movie,6.4,107,1993,"Crime, Mystery, Thriller",25913,1993-09-29,Harold Becker,,
483,tt0112896,2023-01-24,2023-01-24,,Dracula: Dead and Loving It,https://www.imdb.com/title/tt0112896/,movie,5.8,88,1995,"Comedy, Fantasy, Horror",42819,1995-12-22,Mel Brooks,,
484,tt0278435,2023-01-24,2023-01-24,,Enough,https://www.imdb.com/title/tt0278435/,movie,5.7,115,2002,"Crime, Drama, Thriller",44770,2002-05-21,Michael Apted,,
485,tt0182789,2023-01-24,2023-01-24,,Bicentennial Man,https://www.imdb.com/title/tt0182789/,movie,6.9,132,1999,"Drama, Sci-Fi",119419,1999-12-13,Chris Columbus,,
486,tt0277027,2023-01-24,2023-01-24,,I Am Sam,https://www.imdb.com/title/tt0277027/,movie,7.6,132,2001,Drama,151433,2001-12-03,Jessie Nelson,,
487,tt0210616,2023-01-24,2023-01-24,,Center Stage,https://www.imdb.com/title/tt0210616/,movie,6.6,115,2000,"Drama, Music, Romance",21984,2000-05-12,Nicholas Hytner,,
488,tt0130018,2023-01-24,2023-01-24,,I Still Know What You Did Last Summer,https://www.imdb.com/title/tt0130018/,movie,4.7,100,1998,"Horror, Mystery, Thriller",75399,1998-11-13,Danny Cannon,,
489,tt0138510,2023-01-24,2023-01-24,,Idle Hands,https://www.imdb.com/title/tt0138510/,movie,6.2,92,1999,"Comedy, Fantasy, Horror, Thriller",44389,1999-04-30,Rodman Flender,,
490,tt0255819,2023-01-24,2023-01-24,,Baby Boy,https://www.imdb.com/title/tt0255819/,movie,6.4,130,2001,"Crime, Drama, Romance, Thriller",15329,2001-06-21,John Singleton,,
491,tt0337741,2023-01-24,2023-01-24,,Something's Gotta Give,https://www.imdb.com/title/tt0337741/,movie,6.7,128,2003,"Comedy, Drama, Romance",123773,2003-12-03,Nancy Meyers,,
492,tt0348836,2023-01-24,2023-01-24,,Gothika,https://www.imdb.com/title/tt0348836/,movie,5.8,98,2003,"Horror, Mystery, Thriller",114748,2003-11-13,Mathieu Kassovitz,,
493,tt0265349,2023-01-24,2023-01-24,,The Mothman Prophecies,https://www.imdb.com/title/tt0265349/,movie,6.4,119,2002,"Drama, Horror, Mystery, Thriller",81746,2002-01-25,Mark Pellington,,
494,tt0110613,2023-01-24,2023-01-24,,My Girl 2,https://www.imdb.com/title/tt0110613/,movie,5.3,99,1994,"Comedy, Drama, Family, Romance",20193,1994-02-11,Howard Zieff,,
495,tt0113071,2023-01-24,2023-01-24,,First Knight,https://www.imdb.com/title/tt0113071/,movie,6.0,134,1995,"Action, Adventure, Drama, Romance",74939,1995-07-07,Jerry Zucker,,
496,tt0110989,2023-01-24,2023-01-24,,Ri¢hie Ri¢h,https://www.imdb.com/title/tt0110989/,movie,5.4,95,1994,"Comedy, Family",70482,1994-12-19,Donald Petrie,,
497,tt0228333,2023-01-24,2023-01-24,,Ghosts of Mars,https://www.imdb.com/title/tt0228333/,movie,4.9,98,2001,"Action, Horror, Sci-Fi",55677,2001-08-24,John Carpenter,,
498,tt0221218,2023-01-24,2023-01-24,,The Glass House,https://www.imdb.com/title/tt0221218/,movie,5.8,106,2001,"Crime, Drama, Mystery, Thriller",38266,2001-09-14,Daniel Sackheim,,
499,tt0216216,2023-01-24,2023-01-24,,The 6th Day,https://www.imdb.com/title/tt0216216/,movie,5.9,123,2000,"Action, Mystery, Sci-Fi, Thriller",124082,2000-10-28,Roger Spottiswoode,,
500,tt0104815,2023-01-24,2023-01-24,,El mariachi,https://www.imdb.com/title/tt0104815/,movie,6.8,81,1992,"Action, Crime, Thriller",68377,1992-09-04,Robert Rodriguez,,
501,tt0120877,2023-01-24,2023-01-24,,Vampires,https://www.imdb.com/title/tt0120877/,movie,6.1,108,1998,"Action, Horror, Thriller",60706,1998-04-15,John Carpenter,,
502,tt0338188,2023-01-24,2023-01-24,,The Missing,https://www.imdb.com/title/tt0338188/,movie,6.5,137,2003,"Adventure, Thriller, Western",36841,2003-11-26,Ron Howard,,
503,tt0139809,2023-01-24,2023-01-24,,The Thirteenth Floor,https://www.imdb.com/title/tt0139809/,movie,7.0,100,1999,"Mystery, Sci-Fi, Thriller",73531,1999-04-16,Josef Rusnak,,
504,tt0295427,2023-01-24,2023-01-24,,The Master of Disguise,https://www.imdb.com/title/tt0295427/,movie,3.3,80,2002,"Adventure, Comedy, Family, Fantasy",25822,2002-08-02,Perry Andelin Blake,,
505,tt0108238,2023-01-24,2023-01-24,,Striking Distance,https://www.imdb.com/title/tt0108238/,movie,5.8,102,1993,"Action, Crime, Mystery, Thriller",43807,1993-09-17,Rowdy Herrington,,
506,tt0137363,2023-01-24,2023-01-24,,Arlington Road,https://www.imdb.com/title/tt0137363/,movie,7.2,117,1999,"Action, Crime, Drama, Mystery, Thriller",88156,1999-03-19,Mark Pellington,,
507,tt0267804,2023-01-24,2023-01-24,,The One,https://www.imdb.com/title/tt0267804/,movie,5.9,87,2001,"Action, Sci-Fi, Thriller",93251,2001-11-02,James Wong,,
508,tt0120399,2023-01-24,2023-01-24,,U Turn,https://www.imdb.com/title/tt0120399/,movie,6.7,125,1997,"Crime, Drama, Thriller",52935,1997-08-27,Oliver Stone,,
509,tt0209475,2023-01-24,2023-01-24,,The Wedding Planner,https://www.imdb.com/title/tt0209475/,movie,5.3,103,2001,"Comedy, Romance",82538,2001-01-26,Adam Shankman,,
510,tt0118689,2023-01-24,2023-01-24,,Bean,https://www.imdb.com/title/tt0118689/,movie,6.5,89,1997,"Adventure, Comedy, Family",106808,1997-07-03,Mel Smith,,
511,tt0120185,2023-01-24,2023-01-24,,Spice World,https://www.imdb.com/title/tt0120185/,movie,3.6,93,1997,"Comedy, Family, Music",36420,1997-12-15,Bob Spiers,,
512,tt0217630,2023-01-24,2023-01-24,,Loser,https://www.imdb.com/title/tt0217630/,movie,5.3,98,2000,"Comedy, Romance",29477,2000-07-20,Amy Heckerling,,
513,tt0299930,2023-01-24,2023-01-24,,Gigli,https://www.imdb.com/title/tt0299930/,movie,2.6,121,2003,"Comedy, Crime, Romance",49409,2003-07-27,Martin Brest,,
514,tt0105428,2023-01-24,2023-01-24,,Sleepwalkers,https://www.imdb.com/title/tt0105428/,movie,5.3,91,1992,"Fantasy, Horror",23201,1992-04-10,Mick Garris,,
515,tt0110678,2023-01-24,2023-01-24,,No Escape,https://www.imdb.com/title/tt0110678/,movie,6.1,118,1994,"Action, Drama, Sci-Fi, Thriller",21031,1994-02-24,Martin Campbell,,
516,tt0118972,2023-01-24,2023-01-24,,The Devil's Own,https://www.imdb.com/title/tt0118972/,movie,6.2,111,1997,"Action, Crime, Drama, Thriller",67406,1997-03-13,Alan J. Pakula,,
517,tt0239948,2023-01-24,2023-01-24,,Saving Silverman,https://www.imdb.com/title/tt0239948/,movie,5.8,90,2001,"Comedy, Crime, Romance",41116,2001-02-07,Dennis Dugan,,
518,tt0112435,2023-01-24,2023-01-24,,The Baby-Sitters Club,https://www.imdb.com/title/tt0112435/,movie,5.7,94,1995,"Comedy, Drama, Family",5924,1995-08-18,Melanie Mayron,,
519,tt0288045,2023-01-24,2023-01-24,,The Medallion,https://www.imdb.com/title/tt0288045/,movie,5.2,88,2003,"Action, Comedy, Fantasy",42330,2003-08-15,Gordon Chan,,
520,tt0114095,2023-01-24,2023-01-24,,Party Girl,https://www.imdb.com/title/tt0114095/,movie,6.5,94,1995,"Comedy, Drama, Romance",5369,1995-01-31,Daisy von Scherler Mayer,,
521,tt0110657,2023-01-24,2023-01-24,,The Next Karate Kid,https://www.imdb.com/title/tt0110657/,movie,4.5,107,1994,"Action, Drama, Family, Romance, Sport",31839,1994-08-03,Christopher Cain,,
522,tt0279493,2023-01-24,2023-01-24,,Undercover Brother,https://www.imdb.com/title/tt0279493/,movie,5.9,86,2002,"Action, Comedy",35386,2002-05-30,Malcolm D. Lee,,
523,tt0115907,2023-01-24,2023-01-24,,City Hall,https://www.imdb.com/title/tt0115907/,movie,6.2,111,1996,"Crime, Drama, Mystery, Thriller",21281,1996-02-16,Harold Becker,,
524,tt0105211,2023-01-24,2023-01-24,,Radio Flyer,https://www.imdb.com/title/tt0105211/,movie,6.9,114,1992,Drama,13728,1992-02-20,"David Mickey Evans, Richard Donner",,
525,tt0144168,2023-01-24,2023-01-24,,Dick,https://www.imdb.com/title/tt0144168/,movie,6.2,94,1999,Comedy,20626,1999-07-23,Andrew Fleming,,
526,tt0119683,2023-01-24,2023-01-24,,Les Misérables,https://www.imdb.com/title/tt0119683/,movie,7.4,134,1998,"Crime, Drama, Romance",41771,1998-05-01,Bille August,,
527,tt0264395,2023-01-24,2023-01-24,,Basic,https://www.imdb.com/title/tt0264395/,movie,6.4,98,2003,"Action, Crime, Drama, Mystery, Thriller",63903,2003-03-28,John McTiernan,,
528,tt0297162,2023-01-24,2023-01-24,,Half Past Dead,https://www.imdb.com/title/tt0297162/,movie,4.6,98,2002,"Action, Crime, Thriller",16107,2002-11-15,Don Michael Paul,,
529,tt0113419,2023-01-24,2023-01-24,,The Indian in the Cupboard,https://www.imdb.com/title/tt0113419/,movie,6.0,96,1995,"Drama, Family, Fantasy",29762,1995-07-14,Frank Oz,,
530,tt0316465,2023-01-24,2023-01-24,,Radio,https://www.imdb.com/title/tt0316465/,movie,6.9,109,2003,"Biography, Drama, Sport",41868,2003-10-24,Michael Tollin,,
531,tt0236784,2023-01-24,2023-01-24,,The Tailor of Panama,https://www.imdb.com/title/tt0236784/,movie,6.1,109,2001,"Comedy, Drama, Thriller",30052,2001-02-11,John Boorman,,
532,tt0111742,2023-01-24,2023-01-24,,Wolf,https://www.imdb.com/title/tt0111742/,movie,6.2,125,1994,"Drama, Horror, Romance, Thriller",57625,1994-06-17,Mike Nichols,,
533,tt0114367,2023-01-24,2023-01-24,,Screamers,https://www.imdb.com/title/tt0114367/,movie,6.3,108,1995,"Horror, Sci-Fi, Thriller",27968,1995-09-08,Christian Duguay,,
534,tt0111127,2023-01-24,2023-01-24,,Serial Mom,https://www.imdb.com/title/tt0111127/,movie,6.8,95,1994,"Comedy, Crime, Thriller",30572,1994-04-13,John Waters,,
535,tt0123987,2023-01-24,2023-01-24,,Madeline,https://www.imdb.com/title/tt0123987/,movie,6.0,88,1998,"Comedy, Family",7666,1998-07-10,Daisy von Scherler Mayer,,
536,tt0282209,2023-01-24,2023-01-24,,Darkness Falls,https://www.imdb.com/title/tt0282209/,movie,4.9,86,2003,"Fantasy, Horror, Mystery, Thriller",32307,2003-01-24,Jonathan Liebesman,,
537,tt0107711,2023-01-24,2023-01-24,,Nowhere to Run,https://www.imdb.com/title/tt0107711/,movie,5.7,94,1993,"Action, Drama, Romance, Thriller",24957,1993-01-14,Robert Harmon,,
538,tt0104346,2023-01-24,2023-01-24,,Gladiator,https://www.imdb.com/title/tt0104346/,movie,6.5,101,1992,"Action, Drama, Sport",9677,1992-03-06,Rowdy Herrington,,
539,tt0181536,2023-01-24,2023-01-24,,Finding Forrester,https://www.imdb.com/title/tt0181536/,movie,7.3,136,2000,Drama,87101,2000-12-01,Gus Van Sant,,
540,tt0275277,2023-01-24,2023-01-24,,Cowboy Bebop: Tengoku no tobira,https://www.imdb.com/title/tt0275277/,movie,7.8,115,2001,"Animation, Action, Crime, Drama, Sci-Fi",49896,2001-09-01,"Shin'ichirô Watanabe, Hiroyuki Okiura, Yoshiyuki Takei, Tensai Okamura",,
541,tt0107840,2023-01-24,2023-01-24,,Poetic Justice,https://www.imdb.com/title/tt0107840/,movie,6.1,109,1993,"Drama, Romance",15353,1993-07-23,John Singleton,,
542,tt0246989,2023-01-24,2023-01-24,,Tomcats,https://www.imdb.com/title/tt0246989/,movie,5.3,95,2001,Comedy,18927,2001-03-30,Gregory Poirier,,
543,tt0255798,2023-01-24,2023-01-24,,The Animal,https://www.imdb.com/title/tt0255798/,movie,4.8,84,2001,"Comedy, Sci-Fi",61180,2001-03-21,Luke Greenfield,,
544,tt0156934,2023-01-24,2023-01-24,,Random Hearts,https://www.imdb.com/title/tt0156934/,movie,5.3,133,1999,"Drama, Mystery, Romance",21814,1999-10-03,Sydney Pollack,,
545,tt0113845,2023-01-24,2023-01-24,,Money Train,https://www.imdb.com/title/tt0113845/,movie,5.7,110,1995,"Action, Comedy, Crime, Drama, Thriller",41725,1995-11-12,Joseph Ruben,,
546,tt0116329,2023-01-24,2023-01-24,,Fly Away Home,https://www.imdb.com/title/tt0116329/,movie,6.9,107,1996,"Adventure, Drama, Family",26050,1996-09-05,Carroll Ballard,,
547,tt0200027,2023-01-24,2023-01-24,,Riding in Cars with Boys,https://www.imdb.com/title/tt0200027/,movie,6.5,132,2001,"Biography, Comedy, Drama",29505,2001-10-19,Penny Marshall,,
548,tt0109327,2023-01-24,2023-01-24,,Brainscan,https://www.imdb.com/title/tt0109327/,movie,6.0,96,1994,"Horror, Sci-Fi",12022,1994-04-22,John Flynn,,
549,tt0118708,2023-01-24,2023-01-24,,Beverly Hills Ninja,https://www.imdb.com/title/tt0118708/,movie,5.5,88,1997,"Action, Comedy",42333,1997-01-16,Dennis Dugan,,
550,tt0116905,2023-01-24,2023-01-24,,Lone Star,https://www.imdb.com/title/tt0116905/,movie,7.4,135,1996,"Drama, Mystery, Western",30359,1996-03-14,John Sayles,,
551,tt0112571,2023-01-24,2023-01-24,,Boys on the Side,https://www.imdb.com/title/tt0112571/,movie,6.4,115,1995,"Comedy, Drama",13413,1995-02-03,Herbert Ross,,
552,tt0271263,2023-01-24,2023-01-24,,Eight Crazy Nights,https://www.imdb.com/title/tt0271263/,movie,5.3,76,2002,"Animation, Comedy, Musical",23913,2002-11-27,Seth Kearsley,,
553,tt0110687,2023-01-24,2023-01-24,,North,https://www.imdb.com/title/tt0110687/,movie,4.5,87,1994,"Adventure, Comedy, Drama, Family, Fantasy",14262,1994-07-22,Rob Reiner,,
554,tt0118665,2023-01-24,2023-01-24,,Baby Geniuses,https://www.imdb.com/title/tt0118665/,movie,2.5,97,1999,"Comedy, Crime, Family, Sci-Fi",26839,1999-03-12,Bob Clark,,
555,tt0110116,2023-01-24,2023-01-24,,Immortal Beloved,https://www.imdb.com/title/tt0110116/,movie,7.4,121,1994,"Biography, Drama, Music, Romance",25239,1994-12-16,Bernard Rose,,
556,tt0172396,2023-01-24,2023-01-24,,The End of the Affair,https://www.imdb.com/title/tt0172396/,movie,7.0,102,1999,"Drama, Romance",23199,1999-12-02,Neil Jordan,,
557,tt0107004,2023-01-24,2023-01-24,,Geronimo: An American Legend,https://www.imdb.com/title/tt0107004/,movie,6.5,115,1993,"Drama, History, Western",12295,1993-12-02,Walter Hill,,
558,tt0119013,2023-01-24,2023-01-24,,Double Team,https://www.imdb.com/title/tt0119013/,movie,4.8,93,1997,"Action, Comedy, Sci-Fi, Thriller",35136,1997-01-31,Hark Tsui,,
559,tt0222850,2023-01-24,2023-01-24,,The Broken Hearts Club: A Romantic Comedy,https://www.imdb.com/title/tt0222850/,movie,6.9,94,2000,"Comedy, Drama, Romance, Sport",7815,2000-01-29,Greg Berlanti,,
560,tt0120008,2023-01-24,2023-01-24,,The Replacement Killers,https://www.imdb.com/title/tt0120008/,movie,6.1,87,1998,"Action, Crime, Thriller",29515,1998-01-12,Antoine Fuqua,,
561,tt0107665,2023-01-24,2023-01-24,,Needful Things,https://www.imdb.com/title/tt0107665/,movie,6.2,120,1993,"Crime, Drama, Fantasy, Horror, Thriller",25874,1993-08-27,Fraser C. Heston,,
562,tt0246894,2023-01-24,2023-01-24,,Rollerball,https://www.imdb.com/title/tt0246894/,movie,3.1,98,2002,"Action, Sci-Fi, Sport",28611,2002-02-08,John McTiernan,,
563,tt0297181,2023-01-24,2023-01-24,,I Spy,https://www.imdb.com/title/tt0297181/,movie,5.4,97,2002,"Action, Adventure, Comedy, Thriller",52190,2002-10-23,Betty Thomas,,
564,tt0388473,2023-01-24,2023-01-24,,Tôkyô goddofâzâzu,https://www.imdb.com/title/tt0388473/,movie,7.8,92,2003,"Animation, Adventure, Comedy, Drama",42253,2003-08-30,Satoshi Kon,,
565,tt0109288,2023-01-24,2023-01-24,,Blankman,https://www.imdb.com/title/tt0109288/,movie,5.0,92,1994,"Action, Comedy, Crime",10004,1994-08-19,Mike Binder,,
566,tt0118966,2023-01-24,2023-01-24,,Desperate Measures,https://www.imdb.com/title/tt0118966/,movie,6.1,100,1998,"Action, Crime, Drama, Thriller",17143,1998-01-30,Barbet Schroeder,,
567,tt0243585,2023-01-24,2023-01-24,,Stuart Little 2,https://www.imdb.com/title/tt0243585/,movie,5.5,77,2002,"Animation, Adventure, Comedy, Family, Fantasy",55565,2002-07-14,Rob Minkoff,,
568,tt0173840,2023-01-24,2023-01-24,,Final Fantasy: The Spirits Within,https://www.imdb.com/title/tt0173840/,movie,6.4,106,2001,"Animation, Action, Adventure, Fantasy, Romance, Sci-Fi",82686,2001-07-02,"Motonori Sakakibara, Hironobu Sakaguchi",,
569,tt0265029,2023-01-24,2023-01-24,,America's Sweethearts,https://www.imdb.com/title/tt0265029/,movie,5.7,102,2001,"Comedy, Romance",58637,2001-07-17,Joe Roth,,
570,tt0116277,2023-01-24,2023-01-24,,The Fan,https://www.imdb.com/title/tt0116277/,movie,5.9,116,1996,"Action, Drama, Sport, Thriller",49277,1996-08-12,Tony Scott,,
571,tt0117011,2023-01-24,2023-01-24,,Maximum Risk,https://www.imdb.com/title/tt0117011/,movie,5.5,101,1996,"Action, Thriller",22788,1996-09-13,Ringo Lam,,
572,tt0118539,2023-01-24,2023-01-24,,3 Ninjas: High Noon at Mega Mountain,https://www.imdb.com/title/tt0118539/,movie,2.9,93,1998,"Action, Adventure, Comedy, Family",11873,1998-04-10,Sean McNamara,,
573,tt0117108,2023-01-24,2023-01-24,,Multiplicity,https://www.imdb.com/title/tt0117108/,movie,6.1,117,1996,"Comedy, Romance, Sci-Fi",33611,1996-06-27,Harold Ramis,,
574,tt0118742,2023-01-24,2023-01-24,,Bliss,https://www.imdb.com/title/tt0118742/,movie,6.0,103,1997,"Drama, Romance",2679,1997-04-14,Lance Young,,
575,tt0149624,2023-01-24,2023-01-24,,All the Pretty Horses,https://www.imdb.com/title/tt0149624/,movie,5.8,116,2000,"Drama, Romance, Western",15207,2000-12-13,Billy Bob Thornton,,
576,tt0176269,2023-01-24,2023-01-24,,Universal Soldier: The Return,https://www.imdb.com/title/tt0176269/,movie,4.2,83,1999,"Action, Sci-Fi",29825,1999-07-04,Mic Rodgers,,
577,tt0116259,2023-01-24,2023-01-24,,Extreme Measures,https://www.imdb.com/title/tt0116259/,movie,6.2,118,1996,"Crime, Drama, Mystery, Thriller",19937,1996-09-27,Michael Apted,,
578,tt0118750,2023-01-24,2023-01-24,,Booty Call,https://www.imdb.com/title/tt0118750/,movie,5.4,79,1997,"Comedy, Romance",9137,1997-02-26,Jeff Pollack,,
579,tt0104438,2023-01-24,2023-01-24,,Honeymoon in Vegas,https://www.imdb.com/title/tt0104438/,movie,5.8,96,1992,"Comedy, Romance, Thriller",18467,1992-08-28,Andrew Bergman,,
580,tt0119086,2023-01-24,2023-01-24,,Excess Baggage,https://www.imdb.com/title/tt0119086/,movie,5.3,101,1997,"Action, Comedy, Crime, Romance",13681,1997-08-29,Marco Brambilla,,
581,tt0280380,2023-01-24,2023-01-24,,Trapped,https://www.imdb.com/title/tt0280380/,movie,6.1,106,2002,"Action, Crime, Drama, Thriller",24526,2002-09-20,Luis Mandoki,,
582,tt0159421,2023-01-24,2023-01-24,,The Adventures of Elmo in Grouchland,https://www.imdb.com/title/tt0159421/,movie,5.8,73,1999,"Adventure, Comedy, Family, Fantasy, Musical",3488,1999-09-16,Gary Halvorson,,
583,tt0280760,2023-01-24,2023-01-24,,Igby Goes Down,https://www.imdb.com/title/tt0280760/,movie,6.9,98,2002,"Comedy, Drama",33834,2002-05-23,Burr Steers,,
584,tt0111001,2023-01-24,2023-01-24,,The Road to Wellville,https://www.imdb.com/title/tt0111001/,movie,5.9,118,1994,"Comedy, Drama",12615,1994-10-28,Alan Parker,,
585,tt0329717,2023-01-24,2023-01-24,,Hollywood Homicide,https://www.imdb.com/title/tt0329717/,movie,5.3,116,2003,"Action, Comedy, Crime, Drama, Thriller",38009,2003-06-10,Ron Shelton,,
586,tt0202402,2023-01-24,2023-01-24,,Whatever It Takes,https://www.imdb.com/title/tt0202402/,movie,5.5,94,2000,"Comedy, Drama, Romance",11164,2000-03-24,David Raynr,,
587,tt0158811,2023-01-24,2023-01-24,,Muppets from Space,https://www.imdb.com/title/tt0158811/,movie,6.2,87,1999,"Adventure, Comedy, Family, Fantasy, Sci-Fi",19941,1999-07-14,Tim Hill,,
588,tt0117057,2023-01-24,2023-01-24,,The Mirror Has Two Faces,https://www.imdb.com/title/tt0117057/,movie,6.6,126,1996,"Comedy, Drama, Romance",20549,1996-11-01,Barbra Streisand,,
589,tt0110363,2023-01-24,2023-01-24,,Little Big League,https://www.imdb.com/title/tt0110363/,movie,6.1,119,1994,"Comedy, Family, Sport",11042,1994-06-29,Andrew Scheinman,,
590,tt0111653,2023-01-24,2023-01-24,,Wagons East!,https://www.imdb.com/title/tt0111653/,movie,4.8,107,1994,"Adventure, Comedy, Western",5712,1994-08-26,Peter Markle,,
591,tt0116240,2023-01-24,2023-01-24,,The Evening Star,https://www.imdb.com/title/tt0116240/,movie,5.9,129,1996,"Comedy, Drama, Romance",4771,1996-12-05,Robert Harling,,
592,tt0116410,2023-01-24,2023-01-24,,Ghosts of Mississippi,https://www.imdb.com/title/tt0116410/,movie,6.7,130,1996,"Drama, History",11450,1996-12-20,Rob Reiner,,
593,tt0160399,2023-01-24,2023-01-24,,Impostor,https://www.imdb.com/title/tt0160399/,movie,6.2,95,2001,"Drama, Mystery, Sci-Fi, Thriller",24011,2001-10-27,Gary Fleder,,
594,tt0180052,2023-01-24,2023-01-24,,The Adventures of Pluto Nash,https://www.imdb.com/title/tt0180052/,movie,3.8,95,2002,"Action, Comedy, Sci-Fi",26238,2002-08-16,Ron Underwood,,
595,tt0114057,2023-01-24,2023-01-24,,Othello,https://www.imdb.com/title/tt0114057/,movie,6.9,123,1995,"Drama, Romance",9828,1995-12-15,Oliver Parker,,
596,tt0113347,2023-01-24,2023-01-24,,How to Make an American Quilt,https://www.imdb.com/title/tt0113347/,movie,6.3,117,1995,"Comedy, Drama, Romance",12035,1995-10-06,Jocelyn Moorhouse,,
597,tt0113613,2023-01-24,2023-01-24,,The Last Supper,https://www.imdb.com/title/tt0113613/,movie,6.7,92,1995,"Comedy, Crime, Drama, Thriller",15131,1995-09-08,Stacy Title,,
598,tt0120683,2023-01-24,2023-01-24,,Gloria,https://www.imdb.com/title/tt0120683/,movie,5.1,108,1999,"Crime, Drama, Thriller",5957,1999-01-22,Sidney Lumet,,
599,tt0104928,2023-01-24,2023-01-24,,Mr. Saturday Night,https://www.imdb.com/title/tt0104928/,movie,5.9,119,1992,"Comedy, Drama",6154,1992-09-12,Billy Crystal,,
600,tt0293416,2023-01-24,2023-01-24,,Metoroporisu,https://www.imdb.com/title/tt0293416/,movie,7.2,108,2001,"Animation, Adventure, Drama, Sci-Fi",21775,2001-05-26,Rintarô,,
601,tt0116731,2023-01-24,2023-01-24,,The Juror,https://www.imdb.com/title/tt0116731/,movie,5.7,118,1996,"Crime, Drama, Thriller",19198,1996-01-29,Brian Gibson,,
602,tt0115493,2023-01-24,2023-01-24,,Alaska,https://www.imdb.com/title/tt0115493/,movie,5.7,109,1996,"Adventure, Family",5589,1996-08-14,Fraser C. Heston,,
603,tt0104412,2023-01-24,2023-01-24,,Hero,https://www.imdb.com/title/tt0104412/,movie,6.5,119,1992,"Comedy, Drama, Romance",22877,1992-10-02,Stephen Frears,,
604,tt0104897,2023-01-24,2023-01-24,,Mo' Money,https://www.imdb.com/title/tt0104897/,movie,5.5,89,1992,"Action, Comedy, Crime, Romance, Thriller",7861,1992-07-24,Peter MacDonald,,
605,tt0162983,2023-01-24,2023-01-24,,Hanging Up,https://www.imdb.com/title/tt0162983/,movie,4.8,94,2000,"Comedy, Drama",12797,2000-02-16,Diane Keaton,,
606,tt0200469,2023-01-24,2023-01-24,,Bats,https://www.imdb.com/title/tt0200469/,movie,4.0,91,1999,"Horror, Sci-Fi, Thriller",10717,1999-10-22,Louis Morneau,,
607,tt0120765,2023-01-24,2023-01-24,,My Giant,https://www.imdb.com/title/tt0120765/,movie,5.0,103,1998,"Comedy, Drama",6991,1998-04-10,Michael Lehmann,,
608,tt0366292,2023-01-24,2023-01-24,,Chakushin ari,https://www.imdb.com/title/tt0366292/,movie,6.2,112,2003,"Horror, Mystery",18495,2003-11-03,Takashi Miike,,
609,tt0120782,2023-01-24,2023-01-24,,Palmetto,https://www.imdb.com/title/tt0120782/,movie,6.1,114,1998,"Crime, Drama, Mystery, Romance, Thriller",8099,1998-02-20,Volker Schlöndorff,,
610,tt0120716,2023-01-24,2023-01-24,,Jakob the Liar,https://www.imdb.com/title/tt0120716/,movie,6.5,120,1999,"Drama, War",17514,1999-09-16,Peter Kassovitz,,
611,tt0107630,2023-01-24,2023-01-24,,My Life,https://www.imdb.com/title/tt0107630/,movie,6.8,117,1993,Drama,11716,1993-11-12,Bruce Joel Rubin,,
612,tt0149151,2023-01-24,2023-01-24,,Still Crazy,https://www.imdb.com/title/tt0149151/,movie,7.0,95,1998,"Comedy, Drama, Music, Romance",8354,1998-10-30,Brian Gibson,,
613,tt0284674,2023-01-24,2023-01-24,,Pauly Shore Is Dead,https://www.imdb.com/title/tt0284674/,movie,4.4,82,2003,Comedy,4881,2003-01-31,Pauly Shore,,
614,tt0109439,2023-01-24,2023-01-24,,City Slickers II: The Legend of Curly's Gold,https://www.imdb.com/title/tt0109439/,movie,5.6,116,1994,"Comedy, Western",20068,1994-06-10,Paul Weiland,,
615,tt0118787,2023-01-24,2023-01-24,,Buddy,https://www.imdb.com/title/tt0118787/,movie,4.8,84,1997,"Adventure, Comedy, Drama, Family",2710,1997-05-31,Caroline Thompson,,
616,tt0142201,2023-01-24,2023-01-24,,Crazy in Alabama,https://www.imdb.com/title/tt0142201/,movie,6.2,111,1999,"Comedy, Crime, Drama",7134,1999-09-09,Antonio Banderas,,
617,tt0118172,2023-01-24,2023-01-24,,The Wind in the Willows,https://www.imdb.com/title/tt0118172/,movie,6.3,88,1996,"Adventure, Comedy, Family, Fantasy, Musical",3321,1996-10-18,Terry Jones,,
618,tt0110091,2023-01-24,2023-01-24,,I Like It Like That,https://www.imdb.com/title/tt0110091/,movie,6.7,104,1994,"Comedy, Drama, Romance",1747,1994-09-12,Darnell Martin,,
619,tt0120213,2023-01-24,2023-01-24,,Slappy and the Stinkers,https://www.imdb.com/title/tt0120213/,movie,5.0,78,1998,"Comedy, Family",1303,1998-01-23,Barnet Kellman,,
620,tt0120576,2023-01-24,2023-01-24,,Dance with Me,https://www.imdb.com/title/tt0120576/,movie,5.9,126,1998,"Drama, Music, Romance",6614,1998-08-21,Randa Haines,,
621,tt0119305,2023-01-24,2023-01-24,,Homegrown,https://www.imdb.com/title/tt0119305/,movie,5.7,102,1998,"Comedy, Crime, Drama, Thriller",4858,1998-04-17,Stephen Gyllenhaal,,
622,tt0120838,2023-01-24,2023-01-24,,Sour Grapes,https://www.imdb.com/title/tt0120838/,movie,5.7,91,1998,Comedy,2958,1998-04-17,Larry David,,
623,tt0250274,2023-01-24,2023-01-24,,The Brothers,https://www.imdb.com/title/tt0250274/,movie,6.3,106,2001,"Comedy, Drama, Romance",4858,2001-02-18,Gary Hardwick,,
624,tt0113089,2023-01-24,2023-01-24,,Fluke,https://www.imdb.com/title/tt0113089/,movie,6.6,96,1995,"Drama, Family, Fantasy",7125,1995-06-02,Carlo Carlei,,
625,tt0120724,2023-01-24,2023-01-24,,Knock Off,https://www.imdb.com/title/tt0120724/,movie,4.8,91,1998,"Action, Crime, Thriller",15566,1998-05-27,Hark Tsui,,
626,tt0120906,2023-01-24,2023-01-24,,Zero Effect,https://www.imdb.com/title/tt0120906/,movie,6.9,116,1998,"Comedy, Crime, Drama, Mystery, Romance, Thriller",14699,1998-01-30,Jake Kasdan,,
627,tt0181151,2023-01-24,2023-01-24,,What Planet Are You From?,https://www.imdb.com/title/tt0181151/,movie,5.6,105,2000,"Comedy, Sci-Fi",9621,2000-03-01,Mike Nichols,,
628,tt0167203,2023-01-24,2023-01-24,,I Dreamed of Africa,https://www.imdb.com/title/tt0167203/,movie,5.5,114,2000,"Adventure, Biography, Drama, Romance",4715,2000-05-05,Hugh Hudson,,
629,tt0104627,2023-01-24,2023-01-24,,Knight Moves,https://www.imdb.com/title/tt0104627/,movie,6.1,116,1992,"Crime, Drama, Mystery, Thriller",8810,1992-01-16,Carl Schenkel,,
630,tt0119630,2023-01-24,2023-01-24,,Masterminds,https://www.imdb.com/title/tt0119630/,movie,5.2,106,1997,"Action, Comedy, Thriller",3701,1997-08-22,Roger Christian,,
631,tt0272147,2023-01-24,2023-01-24,,Vampires: Los Muertos,https://www.imdb.com/title/tt0272147/,movie,4.5,94,2002,"Action, Horror, Thriller",7698,2002-09-24,Tommy Lee Wallace,,
632,tt0120257,2023-01-24,2023-01-24,,Swept from the Sea,https://www.imdb.com/title/tt0120257/,movie,6.7,115,1997,"Drama, Mystery, Romance",3499,1997-09-09,Beeban Kidron,,
633,tt0265808,2023-01-24,2023-01-24,,Stealing Harvard,https://www.imdb.com/title/tt0265808/,movie,5.1,85,2002,"Comedy, Crime",13316,2002-09-13,Bruce McCulloch,,
634,tt0144604,2023-01-24,2023-01-24,,Shadrach,https://www.imdb.com/title/tt0144604/,movie,6.4,88,1998,Drama,1271,1998-04-16,Susanna Styron,,
635,tt0107277,2023-01-24,2023-01-24,,Josh and S.A.M.,https://www.imdb.com/title/tt0107277/,movie,5.7,96,1993,"Adventure, Comedy, Drama",1567,1993-11-24,Billy Weber,,
636,tt0107443,2023-01-24,2023-01-24,,Lost in Yonkers,https://www.imdb.com/title/tt0107443/,movie,6.8,114,1993,"Comedy, Drama",3462,1993-05-14,Martha Coolidge,,
637,tt0164221,2023-01-24,2023-01-24,,Virtual Sexuality,https://www.imdb.com/title/tt0164221/,movie,5.1,92,1999,"Comedy, Drama, Romance, Sci-Fi",2940,1999-07-02,Nick Hurran,,
638,tt0110097,2023-01-24,2023-01-24,,I'll Do Anything,https://www.imdb.com/title/tt0110097/,movie,5.5,115,1994,"Comedy, Drama",2752,1994-02-04,James L. Brooks,,
639,tt0116606,2023-01-24,2023-01-24,,If Lucy Fell,https://www.imdb.com/title/tt0116606/,movie,4.9,92,1996,"Comedy, Romance",4223,1996-03-08,Eric Schaeffer,,
640,tt0191074,2023-01-24,2023-01-24,,New Best Friend,https://www.imdb.com/title/tt0191074/,movie,5.2,91,2002,"Drama, Mystery, Thriller",3376,2002-04-12,Zoe Clarke-Williams,,
641,tt0106266,2023-01-24,2023-01-24,,Amos & Andrew,https://www.imdb.com/title/tt0106266/,movie,5.7,96,1993,"Comedy, Crime",9442,1993-03-05,E. Max Frye,,
642,tt0112495,2023-01-24,2023-01-24,,Beyond Rangoon,https://www.imdb.com/title/tt0112495/,movie,6.5,100,1995,"Action, Adventure, Drama",5286,1995-05-24,John Boorman,,
643,tt0120383,2023-01-24,2023-01-24,,"Truth or Consequences, N.M.",https://www.imdb.com/title/tt0120383/,movie,6.3,106,1997,"Action, Crime, Drama, Romance, Thriller",5018,1997-05-02,Kiefer Sutherland,,
644,tt0164085,2023-01-24,2023-01-24,,Limbo,https://www.imdb.com/title/tt0164085/,movie,7.0,126,1999,"Adventure, Drama, Thriller",6146,1999-05-22,John Sayles,,
645,tt0105871,2023-01-24,2023-01-24,,Year of the Comet,https://www.imdb.com/title/tt0105871/,movie,5.8,91,1992,"Action, Adventure, Romance, Comedy",1686,1992-04-24,Peter Yates,,
646,tt0117924,2023-01-24,2023-01-24,,To Gillian on Her 37th Birthday,https://www.imdb.com/title/tt0117924/,movie,5.8,93,1996,"Drama, Fantasy, Romance",4946,1996-10-10,Michael Pressman,,
647,tt0120087,2023-01-24,2023-01-24,,The Second Jungle Book: Mowgli & Baloo,https://www.imdb.com/title/tt0120087/,movie,4.5,88,1997,"Adventure, Comedy, Drama, Family",1136,1997-05-16,Dee McLachlan,,
648,tt0107107,2023-01-24,2023-01-24,,Hexed,https://www.imdb.com/title/tt0107107/,movie,5.5,90,1993,"Comedy, Crime, Mystery, Thriller",1725,1993-01-22,Alan Spencer,,
649,tt0111151,2023-01-24,2023-01-24,,Mad Dogs and Englishmen,https://www.imdb.com/title/tt0111151/,movie,3.9,97,1995,"Thriller, Drama, Mystery, Romance",641,1995-06-02,Henry Cole,,
650,tt0116404,2023-01-24,2023-01-24,,Get on the Bus,https://www.imdb.com/title/tt0116404/,movie,6.9,120,1996,"Adventure, Drama, History",5808,1996-10-10,Spike Lee,,
651,tt0117690,2023-01-24,2023-01-24,,Some Mother's Son,https://www.imdb.com/title/tt0117690/,movie,7.2,112,1996,"Drama, History",2879,1996-05-31,Terry George,,
652,tt0117718,2023-01-24,2023-01-24,,The Spitfire Grill,https://www.imdb.com/title/tt0117718/,movie,7.0,117,1996,Drama,7007,1996-01-24,Lee David Zlotoff,,
653,tt0117193,2023-01-24,2023-01-24,,No Way Back,https://www.imdb.com/title/tt0117193/,movie,5.1,91,1995,"Action, Crime, Drama, Thriller",3044,1995-05-13,Frank A. Cappello,,
654,tt0140282,2023-01-24,2023-01-24,,In God's Hands,https://www.imdb.com/title/tt0140282/,movie,5.4,96,1998,"Action, Drama, Sport",1217,1998-04-24,Zalman King,,
655,tt0118925,2023-01-24,2023-01-24,,"Dancer, Texas Pop. 81",https://www.imdb.com/title/tt0118925/,movie,6.7,97,1998,"Comedy, Drama, Family",2539,1998-03-13,Tim McCanlies,,
656,tt0362107,2023-01-24,2023-01-24,,S Club Seeing Double,https://www.imdb.com/title/tt0362107/,movie,4.0,91,2003,"Comedy, Drama, Musical, Sci-Fi",1097,2003-04-11,Nigel Dick,,
657,tt0304328,2023-01-24,2023-01-24,,Levity,https://www.imdb.com/title/tt0304328/,movie,6.4,100,2003,"Crime, Drama",6553,2003-01-16,Ed Solomon,,
658,tt0251433,2023-01-24,2023-01-24,,Shun liu ni liu,https://www.imdb.com/title/tt0251433/,movie,6.7,113,2000,"Action, Crime, Thriller",4966,2000-09-05,Hark Tsui,,
659,tt0267989,2023-01-24,2023-01-24,,True Blue,https://www.imdb.com/title/tt0267989/,movie,5.2,101,2001,"Crime, Drama, Thriller",864,2001-11-29,J.S. Cardone,,
660,tt0109884,2023-01-24,2023-01-24,,Genesi: La creazione e il diluvio,https://www.imdb.com/title/tt0109884/,movie,5.5,91,1994,"Adventure, Drama, Fantasy, History",652,1994-09-06,Ermanno Olmi,,
661,tt0300620,2023-01-24,2023-01-24,,Xi yang tian shi,https://www.imdb.com/title/tt0300620/,movie,6.6,111,2002,"Action, Crime, Thriller",7779,2002-08-22,Corey Yuen,,
662,tt0114307,2023-01-24,2023-01-24,,The Run of the Country,https://www.imdb.com/title/tt0114307/,movie,6.2,109,1995,"Drama, Romance",433,1995-09-22,Peter Yates,,
663,tt0104309,2023-01-24,2023-01-24,,Frozen Assets,https://www.imdb.com/title/tt0104309/,movie,3.3,96,1992,Comedy,551,1992-10-23,George Miller,,
664,tt0104225,2023-01-24,2023-01-24,,Falling from Grace,https://www.imdb.com/title/tt0104225/,movie,5.5,100,1992,"Drama, Music",680,1992-02-21,John Mellencamp,,
665,tt0206334,2023-01-24,2023-01-24,,Dak ging san yan lui,https://www.imdb.com/title/tt0206334/,movie,5.9,114,1999,"Action, Comedy, Crime, Thriller",2316,1999-06-18,Benny Chan,,
666,tt0107824,2023-01-24,2023-01-24,,The Pickle,https://www.imdb.com/title/tt0107824/,movie,4.4,103,1993,"Comedy, Drama",685,1993-04-30,Paul Mazursky,,
667,tt0191037,2023-01-24,2023-01-24,,Circus,https://www.imdb.com/title/tt0191037/,movie,5.6,95,2000,"Crime, Drama, Thriller",2301,2000-05-05,Rob Walker,,
668,tt0116332,2023-01-24,2023-01-24,,For Better or Worse,https://www.imdb.com/title/tt0116332/,movie,4.8,105,1995,"Action, Comedy, Drama",531,1995-03-19,Jason Alexander,,
669,tt0218182,2023-01-24,2023-01-24,,An Everlasting Piece,https://www.imdb.com/title/tt0218182/,movie,6.2,103,2000,Comedy,1701,2000-12-25,Barry Levinson,,
670,tt0284066,2023-01-24,2023-01-24,,Shuang tong,https://www.imdb.com/title/tt0284066/,movie,6.4,113,2002,"Fantasy, Horror, Mystery",2991,2002-05-20,Kuo-Fu Chen,,
671,tt0173910,2023-01-24,2023-01-24,,Running Free,https://www.imdb.com/title/tt0173910/,movie,5.4,81,1999,"Adventure, Drama, Family, History, War",700,1999-12-10,Sergei Bodrov,,
672,tt0287934,2023-01-24,2023-01-24,,Da wan,https://www.imdb.com/title/tt0287934/,movie,6.7,107,2001,"Comedy, Drama",2312,2001-12-21,Xiaogang Feng,,
673,tt0271200,2023-01-24,2023-01-24,,Soul Assassin,https://www.imdb.com/title/tt0271200/,movie,4.3,96,2001,"Crime, Thriller, Action",1134,2001-08-23,Laurence Malkin,,
674,tt0118727,2023-01-24,2023-01-24,,Love Walked In,https://www.imdb.com/title/tt0118727/,movie,5.3,95,1997,"Drama, Thriller",426,1997-01-18,Juan José Campanella,,
675,tt0115526,2023-01-24,2023-01-24,,Amanda,https://www.imdb.com/title/tt0115526/,movie,5.4,83,1996,"Drama, Family",145,1996-12-13,Bobby Roth,,
676,tt0112286,2023-01-24,2023-01-24,,Across the Sea of Time,https://www.imdb.com/title/tt0112286/,movie,6.5,51,1995,"Adventure, Drama, Family, History",303,1995-10-20,Stephen Low,,
677,tt0144546,2023-01-24,2023-01-24,,Outside Ozona,https://www.imdb.com/title/tt0144546/,movie,6.0,100,1998,"Comedy, Drama, Romance, Thriller",966,1998-12-18,J.S. Cardone,,
678,tt0113872,2023-01-24,2023-01-24,,Murdered Innocence,https://www.imdb.com/title/tt0113872/,movie,6.6,80,1996,Thriller,84,1996-03-19,Frank Coraci,,
679,tt0112563,2023-01-24,2023-01-24,,Born Wild,https://www.imdb.com/title/tt0112563/,movie,4.4,91,1995,Drama,50,,Philippe Blot,,
680,tt4204064,2023-01-24,2023-01-24,,Prisoner of Conscience,https://www.imdb.com/title/tt4204064/,movie,,,1999,Drama,,1999-12-31,Migdia Skarsgård Chinea,,
681,tt0172495,2023-01-24,2023-01-24,,Gladiator,https://www.imdb.com/title/tt0172495/,movie,8.5,155,2000,"Action, Adventure, Drama",1510919,2000-05-01,Ridley Scott,,
682,tt0169547,2023-01-24,2023-01-24,,American Beauty,https://www.imdb.com/title/tt0169547/,movie,8.4,122,1999,Drama,1160732,1999-09-08,Sam Mendes,,
683,tt0120815,2023-01-24,2023-01-24,,Saving Private Ryan,https://www.imdb.com/title/tt0120815/,movie,8.6,169,1998,"Drama, War",1400886,1998-07-21,Steven Spielberg,,
684,tt0126029,2023-01-24,2023-01-24,,Shrek,https://www.imdb.com/title/tt0126029/,movie,7.9,90,2001,"Animation, Adventure, Comedy, Family, Fantasy, Romance",686671,2001-04-22,"Vicky Jenson, Andrew Adamson",,
685,tt0264464,2023-01-24,2023-01-24,,Catch Me If You Can,https://www.imdb.com/title/tt0264464/,movie,8.1,141,2002,"Biography, Crime, Drama",995547,2002-12-16,Steven Spielberg,,
686,tt0268978,2023-01-24,2023-01-24,,A Beautiful Mind,https://www.imdb.com/title/tt0268978/,movie,8.2,135,2001,"Biography, Drama",938576,2001-12-13,Ron Howard,,
687,tt0120794,2023-01-24,2023-01-24,,The Prince of Egypt,https://www.imdb.com/title/tt0120794/,movie,7.2,99,1998,"Animation, Adventure, Drama, Family, Fantasy, Musical",135417,1998-12-16,"Brenda Chapman, Steve Hickner, Simon Wells",,
688,tt0177789,2023-01-24,2023-01-24,,Galaxy Quest,https://www.imdb.com/title/tt0177789/,movie,7.4,102,1999,"Adventure, Comedy, Sci-Fi",166317,1999-12-23,Dean Parisot,,
689,tt0302886,2023-01-24,2023-01-24,,Old School,https://www.imdb.com/title/tt0302886/,movie,7.0,88,2003,Comedy,235181,2003-02-13,Todd Phillips,,
690,tt0298130,2023-01-24,2023-01-24,,The Ring,https://www.imdb.com/title/tt0298130/,movie,7.1,115,2002,"Horror, Mystery",355063,2002-10-02,Gore Verbinski,,
691,tt0215129,2023-01-24,2023-01-24,,Road Trip,https://www.imdb.com/title/tt0215129/,movie,6.5,93,2000,Comedy,171763,2000-05-11,Todd Phillips,,
692,tt0171363,2023-01-24,2023-01-24,,The Haunting,https://www.imdb.com/title/tt0171363/,movie,5.0,113,1999,"Fantasy, Horror, Mystery, Thriller",77534,1999-07-20,Jan de Bont,,
693,tt0212338,2023-01-24,2023-01-24,,Meet the Parents,https://www.imdb.com/title/tt0212338/,movie,7.0,108,2000,"Comedy, Romance",339852,2000-10-06,Jay Roach,,
694,tt0120647,2023-01-24,2023-01-24,,Deep Impact,https://www.imdb.com/title/tt0120647/,movie,6.2,120,1998,"Action, Drama, Sci-Fi, Thriller",181235,1998-05-07,Mimi Leder,,
695,tt0122718,2023-01-24,2023-01-24,,Small Soldiers,https://www.imdb.com/title/tt0122718/,movie,6.2,108,1998,"Action, Adventure, Comedy, Family, Sci-Fi",101303,1998-07-10,Joe Dante,,
696,tt0120630,2023-01-24,2023-01-24,,Chicken Run,https://www.imdb.com/title/tt0120630/,movie,7.1,84,2000,"Animation, Adventure, Comedy, Drama, Family",195779,2000-06-17,"Peter Lord, Nick Park",,
697,tt0138749,2023-01-24,2023-01-24,,The Road to El Dorado,https://www.imdb.com/title/tt0138749/,movie,6.9,89,2000,"Animation, Adventure, Comedy, Family, Fantasy, Musical",99224,2000-03-31,"Don Paul, Bibo Bergeron, Jeffrey Katzenberg",,
698,tt0118607,2023-01-24,2023-01-24,,Amistad,https://www.imdb.com/title/tt0118607/,movie,7.3,155,1997,"Biography, Drama, History",78790,1997-12-04,Steven Spielberg,,
699,tt0312528,2023-01-24,2023-01-24,,The Cat in the Hat,https://www.imdb.com/title/tt0312528/,movie,4.0,82,2003,"Adventure, Comedy, Family, Fantasy",84245,2003-11-08,Bo Welch,,
700,tt0272020,2023-01-24,2023-01-24,,The Last Castle,https://www.imdb.com/title/tt0272020/,movie,6.9,131,2001,"Action, Drama, Thriller",81825,2001-10-19,Rod Lurie,,
701,tt0166813,2023-01-24,2023-01-24,,Spirit: Stallion of the Cimarron,https://www.imdb.com/title/tt0166813/,movie,7.2,83,2002,"Animation, Adventure, Drama, Family, Western",78311,2002-05-18,"Lorna Cook, Kelly Asbury",,
702,tt0120587,2023-01-24,2023-01-24,,Antz,https://www.imdb.com/title/tt0120587/,movie,6.5,83,1998,"Animation, Adventure, Comedy, Family, Fantasy",157619,1998-09-19,"Tim Johnson, Eric Darnell",,
703,tt0119874,2023-01-24,2023-01-24,,The Peacemaker,https://www.imdb.com/title/tt0119874/,movie,6.0,124,1997,"Action, Thriller",59514,1997-09-23,Mimi Leder,,
704,tt0338337,2023-01-24,2023-01-24,,Paycheck,https://www.imdb.com/title/tt0338337/,movie,6.3,119,2003,"Action, Mystery, Sci-Fi, Thriller",110001,2003-12-19,John Woo,,
705,tt0119715,2023-01-24,2023-01-24,,Mouse Hunt,https://www.imdb.com/title/tt0119715/,movie,6.5,98,1997,Comedy,57830,1997-12-19,Gore Verbinski,,
706,tt0290095,2023-01-24,2023-01-24,,The Tuxedo,https://www.imdb.com/title/tt0290095/,movie,5.4,98,2002,"Action, Comedy, Sci-Fi",85396,2002-09-19,Kevin Donovan,,
707,tt0236493,2023-01-24,2023-01-24,,The Mexican,https://www.imdb.com/title/tt0236493/,movie,6.1,123,2001,"Adventure, Comedy, Crime, Romance",109777,2001-03-02,Gore Verbinski,,
708,tt0165982,2023-01-24,2023-01-24,,Sinbad: Legend of the Seven Seas,https://www.imdb.com/title/tt0165982/,movie,6.7,88,2003,"Animation, Adventure, Comedy, Family, Fantasy",55875,2003-06-22,"Patrick Gilmore, Tim Johnson",,
709,tt0315983,2023-01-24,2023-01-24,,House of Sand and Fog,https://www.imdb.com/title/tt0315983/,movie,7.5,126,2003,"Crime, Drama",69778,2003-12-19,Vadim Perelman,,
710,tt0141098,2023-01-24,2023-01-24,,Forces of Nature,https://www.imdb.com/title/tt0141098/,movie,5.5,105,1999,"Comedy, Romance",34793,1999-03-12,Bronwen Hughes,,
711,tt0332658,2023-01-24,2023-01-24,,Intermission,https://www.imdb.com/title/tt0332658/,movie,6.8,105,2003,"Comedy, Crime, Drama, Romance",16050,2003-08-29,John Crowley,,
712,tt0326769,2023-01-24,2023-01-24,,Biker Boyz,https://www.imdb.com/title/tt0326769/,movie,4.6,110,2003,"Action, Drama",13641,2003-01-31,Reggie Rock Bythewood,,
713,tt0208874,2023-01-24,2023-01-24,,The Contender,https://www.imdb.com/title/tt0208874/,movie,6.9,126,2000,"Drama, Thriller",24428,2000-09-10,Rod Lurie,,
714,tt0125454,2023-01-24,2023-01-24,,Paulie,https://www.imdb.com/title/tt0125454/,movie,6.5,91,1998,"Adventure, Comedy, Drama, Family",15608,1998-04-17,John Roberts,,
715,tt0325537,2023-01-24,2023-01-24,,Head of State,https://www.imdb.com/title/tt0325537/,movie,5.5,95,2003,Comedy,20632,2003-03-28,Chris Rock,,
716,tt0313792,2023-01-24,2023-01-24,,Anything Else,https://www.imdb.com/title/tt0313792/,movie,6.3,108,2003,"Comedy, Romance",31614,2003-08-27,Woody Allen,,
717,tt0120710,2023-01-24,2023-01-24,,In Dreams,https://www.imdb.com/title/tt0120710/,movie,5.5,100,1999,"Drama, Fantasy, Thriller",13243,1999-01-06,Neil Jordan,,
718,tt0196216,2023-01-24,2023-01-24,,Small Time Crooks,https://www.imdb.com/title/tt0196216/,movie,6.7,94,2000,"Comedy, Crime",39260,2000-05-19,Woody Allen,,
719,tt0256524,2023-01-24,2023-01-24,,The Curse of the Jade Scorpion,https://www.imdb.com/title/tt0256524/,movie,6.7,103,2001,"Comedy, Crime, Mystery, Romance",41217,2001-08-05,Woody Allen,,
720,tt0278823,2023-01-24,2023-01-24,,Hollywood Ending,https://www.imdb.com/title/tt0278823/,movie,6.5,112,2002,"Comedy, Romance",27339,2002-05-03,Woody Allen,,
721,tt0166252,2023-01-24,2023-01-24,,The Love Letter,https://www.imdb.com/title/tt0166252/,movie,5.5,88,1999,"Comedy, Drama, Romance",4528,1999-05-21,Peter Ho-Sun Chan,,
722,tt0137115,2023-01-24,2023-01-24,,Mothman,https://www.imdb.com/title/tt0137115/,movie,7.3,,2000,"Comedy, Drama, Horror, Sci-Fi",52,,Doug TenNapel,,
723,tt0146879,2023-01-24,2023-01-24,,The Hi-Line,https://www.imdb.com/title/tt0146879/,movie,6.0,95,1999,Drama,413,1999-01-31,Ron Judkins,,
724,tt21601126,2023-01-24,2023-01-24,,Miracle Faith,https://www.imdb.com/title/tt21601126/,movie,,97,1996,,,1996-07-14,Jeffrey Katzenberg,,
725,tt0114436,2023-01-24,2023-01-24,,Showgirls,https://www.imdb.com/title/tt0114436/,movie,5.0,128,1995,Drama,69631,1995-09-21,Paul Verhoeven,,
726,tt0111282,2023-01-24,2023-01-24,,Stargate,https://www.imdb.com/title/tt0111282/,movie,7.0,116,1994,"Action, Adventure, Sci-Fi",194182,1994-10-28,Roland Emmerich,,
727,tt0113189,2023-01-24,2023-01-24,,GoldenEye,https://www.imdb.com/title/tt0113189/,movie,7.2,130,1995,"Action, Adventure, Thriller",260276,1995-11-13,Martin Campbell,,
728,tt0120347,2023-01-24,2023-01-24,,Tomorrow Never Dies,https://www.imdb.com/title/tt0120347/,movie,6.5,119,1997,"Action, Adventure, Thriller",197195,1997-12-09,Roger Spottiswoode,,
729,tt0289765,2023-01-24,2023-01-24,,Red Dragon,https://www.imdb.com/title/tt0289765/,movie,7.2,124,2002,"Crime, Drama, Thriller",277471,2002-09-30,Brett Ratner,,
730,tt0113627,2023-01-24,2023-01-24,,Leaving Las Vegas,https://www.imdb.com/title/tt0113627/,movie,7.5,111,1995,"Drama, Romance",127110,1995-09-15,Mike Figgis,,
731,tt0109831,2023-01-24,2023-01-24,,Four Weddings and a Funeral,https://www.imdb.com/title/tt0109831/,movie,7.1,117,1994,"Comedy, Drama, Romance",156226,1994-01-20,Mike Newell,,
732,tt0212985,2023-01-24,2023-01-24,,Hannibal,https://www.imdb.com/title/tt0212985/,movie,6.8,131,2001,"Crime, Drama, Thriller",278910,2001-02-09,Ridley Scott,,
733,tt0104879,2023-01-24,2023-01-24,,Miracle Beach,https://www.imdb.com/title/tt0104879/,movie,5.5,88,1992,"Comedy, Romance",1680,1992-09-30,Skott Snider,,
734,tt0106308,2023-01-24,2023-01-24,,Army of Darkness,https://www.imdb.com/title/tt0106308/,movie,7.4,81,1992,"Comedy, Horror",181598,1992-10-09,Sam Raimi,,
735,tt0112461,2023-01-24,2023-01-24,,The Basketball Diaries,https://www.imdb.com/title/tt0112461/,movie,7.3,102,1995,"Biography, Crime, Drama, Sport",113839,1995-01-27,Scott Kalvert,,
736,tt0143145,2023-01-24,2023-01-24,,The World Is Not Enough,https://www.imdb.com/title/tt0143145/,movie,6.4,128,1999,"Action, Adventure, Thriller",203243,1999-11-08,Michael Apted,,
737,tt0120744,2023-01-24,2023-01-24,,The Man in the Iron Mask,https://www.imdb.com/title/tt0120744/,movie,6.5,132,1998,"Action, Adventure, Drama",170511,1998-03-02,Randall Wallace,,
738,tt0113243,2023-01-24,2023-01-24,,Hackers,https://www.imdb.com/title/tt0113243/,movie,6.2,105,1995,"Crime, Drama, Romance, Thriller",70957,1995-09-15,Iain Softley,,
739,tt0115685,2023-01-24,2023-01-24,,The Birdcage,https://www.imdb.com/title/tt0115685/,movie,7.2,117,1996,Comedy,92064,1996-03-08,Mike Nichols,,
740,tt0263488,2023-01-24,2023-01-24,,Jeepers Creepers,https://www.imdb.com/title/tt0263488/,movie,6.2,90,2001,"Horror, Mystery",132434,2001-07-20,Victor Salva,,
741,tt0116778,2023-01-24,2023-01-24,,Kingpin,https://www.imdb.com/title/tt0116778/,movie,6.9,114,1996,"Comedy, Sport",86280,1996-07-04,"Peter Farrelly, Bobby Farrelly",,
742,tt0122690,2023-01-24,2023-01-24,,Ronin,https://www.imdb.com/title/tt0122690/,movie,7.2,122,1998,"Action, Crime, Thriller",186456,1998-09-12,John Frankenheimer,,
743,tt0112760,2023-01-24,2023-01-24,,Cutthroat Island,https://www.imdb.com/title/tt0112760/,movie,5.7,124,1995,"Action, Adventure, Comedy",28898,1995-12-22,Renny Harlin,,
744,tt0101316,2023-01-24,2023-01-24,,L'amant,https://www.imdb.com/title/tt0101316/,movie,6.8,115,1992,"Biography, Drama, Romance",22104,1992-01-22,Jean-Jacques Annaud,,
745,tt0114508,2023-01-24,2023-01-24,,Species,https://www.imdb.com/title/tt0114508/,movie,5.8,108,1995,"Action, Horror, Sci-Fi, Thriller",81614,1995-07-07,Roger Donaldson,,
746,tt0104040,2023-01-24,2023-01-24,,The Cutting Edge,https://www.imdb.com/title/tt0104040/,movie,6.9,101,1992,"Comedy, Drama, Romance, Sport",21141,1992-03-27,Paul Michael Glaser,,
747,tt0125022,2023-01-24,2023-01-24,,Heartbreakers,https://www.imdb.com/title/tt0125022/,movie,6.2,123,2001,"Comedy, Crime, Romance",55619,2001-03-23,David Mirkin,,
748,tt0155267,2023-01-24,2023-01-24,,The Thomas Crown Affair,https://www.imdb.com/title/tt0155267/,movie,6.8,113,1999,"Crime, Romance, Thriller",95367,1999-07-27,John McTiernan,,
749,tt0103596,2023-01-24,2023-01-24,,3 Ninjas,https://www.imdb.com/title/tt0103596/,movie,5.3,84,1992,"Action, Comedy, Family, Sport",22166,1992-08-07,Jon Turteltaub,,
750,tt0162346,2023-01-24,2023-01-24,,Ghost World,https://www.imdb.com/title/tt0162346/,movie,7.3,111,2001,"Comedy, Drama",122458,2001-06-16,Terry Zwigoff,,
751,tt0105046,2023-01-24,2023-01-24,,Of Mice and Men,https://www.imdb.com/title/tt0105046/,movie,7.5,115,1992,"Drama, Western",44622,1992-09-16,Gary Sinise,,
752,tt0134619,2023-01-24,2023-01-24,,Disturbing Behavior,https://www.imdb.com/title/tt0134619/,movie,5.6,84,1998,"Horror, Mystery, Sci-Fi, Thriller",23583,1998-07-24,David Nutter,,
753,tt0113161,2023-01-24,2023-01-24,,Get Shorty,https://www.imdb.com/title/tt0113161/,movie,6.9,105,1995,"Comedy, Crime, Thriller",85281,1995-10-20,Barry Sonnenfeld,,
754,tt0313443,2023-01-24,2023-01-24,,Out of Time,https://www.imdb.com/title/tt0313443/,movie,6.5,105,2003,"Crime, Drama, Mystery, Thriller",62158,2003-09-07,Carl Franklin,,
755,tt0114614,2023-01-24,2023-01-24,,Tank Girl,https://www.imdb.com/title/tt0114614/,movie,5.3,104,1995,"Action, Comedy, Sci-Fi",32729,1995-03-31,Rachel Talalay,,
756,tt0134983,2023-01-24,2023-01-24,,Supernova,https://www.imdb.com/title/tt0134983/,movie,4.8,90,2000,"Horror, Sci-Fi, Thriller",18420,2000-01-14,"Walter Hill, Francis Ford Coppola, Jack Sholder",,
757,tt0115683,2023-01-24,2023-01-24,,Bio-Dome,https://www.imdb.com/title/tt0115683/,movie,4.4,88,1996,Comedy,28251,1996-01-12,Jason Bloom,,
758,tt0106453,2023-01-24,2023-01-24,,Body of Evidence,https://www.imdb.com/title/tt0106453/,movie,4.5,99,1992,"Drama, Thriller",15581,1992-12-25,Uli Edel,,
759,tt0115438,2023-01-24,2023-01-24,,2 Days in the Valley,https://www.imdb.com/title/tt0115438/,movie,6.5,104,1996,"Comedy, Crime, Thriller",20786,1996-09-12,John Herzfeld,,
760,tt0218922,2023-01-24,2023-01-24,,Original Sin,https://www.imdb.com/title/tt0218922/,movie,6.0,116,2001,"Drama, Mystery, Romance, Thriller",57602,2001-07-11,Michael Cristofer,,
761,tt0250468,2023-01-24,2023-01-24,,Killing Me Softly,https://www.imdb.com/title/tt0250468/,movie,5.4,100,2002,"Drama, Mystery, Romance, Thriller",18515,2002-02-23,Kaige Chen,,
762,tt0114287,2023-01-24,2023-01-24,,Rob Roy,https://www.imdb.com/title/tt0114287/,movie,6.9,139,1995,"Adventure, Biography, Drama, History",43737,1995-04-05,Michael Caton-Jones,,
763,tt0119256,2023-01-24,2023-01-24,,Sydney,https://www.imdb.com/title/tt0119256/,movie,7.2,102,1996,"Crime, Drama",51923,1996-01-20,Paul Thomas Anderson,,
764,tt0219965,2023-01-24,2023-01-24,,Bandits,https://www.imdb.com/title/tt0219965/,movie,6.5,123,2001,"Comedy, Crime, Drama, Romance",69002,2001-10-12,Barry Levinson,,
765,tt0106387,2023-01-24,2023-01-24,,Benny & Joon,https://www.imdb.com/title/tt0106387/,movie,7.1,98,1993,"Comedy, Drama, Romance",59500,1993-04-16,Jeremiah S. Chechik,,
766,tt0120654,2023-01-24,2023-01-24,,Dirty Work,https://www.imdb.com/title/tt0120654/,movie,6.4,82,1998,Comedy,28429,1998-06-12,Bob Saget,,
767,tt0117107,2023-01-24,2023-01-24,,Mulholland Falls,https://www.imdb.com/title/tt0117107/,movie,6.3,107,1996,"Crime, Drama, Mystery, Thriller",17923,1996-04-23,Lee Tamahori,,
768,tt0109303,2023-01-24,2023-01-24,,Blown Away,https://www.imdb.com/title/tt0109303/,movie,6.2,121,1994,"Action, Crime, Drama, Thriller",32072,1994-07-01,Stephen Hopkins,,
769,tt0119311,2023-01-24,2023-01-24,,Hoodlum,https://www.imdb.com/title/tt0119311/,movie,6.3,130,1997,"Crime, Drama",11768,1997-08-27,Bill Duke,,
770,tt0122459,2023-01-24,2023-01-24,,Return to Me,https://www.imdb.com/title/tt0122459/,movie,6.9,115,2000,"Comedy, Drama, Romance",21618,2000-04-07,Bonnie Hunt,,
771,tt0274309,2023-01-24,2023-01-24,,24 Hour Party People,https://www.imdb.com/title/tt0274309/,movie,7.3,117,2002,"Biography, Comedy, Drama, Music",38017,2002-02-13,Michael Winterbottom,,
772,tt0145531,2023-01-24,2023-01-24,,Stigmata,https://www.imdb.com/title/tt0145531/,movie,6.2,103,1999,Horror,69677,1999-09-10,Rupert Wainwright,,
773,tt0379217,2023-01-24,2023-01-24,,Coffee and Cigarettes,https://www.imdb.com/title/tt0379217/,movie,7.0,95,2003,"Comedy, Drama, Music",64570,2003-09-05,Jim Jarmusch,,
774,tt0108149,2023-01-24,2023-01-24,,Six Degrees of Separation,https://www.imdb.com/title/tt0108149/,movie,6.8,112,1993,"Comedy, Drama, Mystery",21643,1993-12-08,Fred Schepisi,,
775,tt0106307,2023-01-24,2023-01-24,,Arizona Dream,https://www.imdb.com/title/tt0106307/,movie,7.2,142,1993,"Comedy, Drama, Fantasy, Romance",44318,1993-01-06,Emir Kusturica,,
776,tt0114279,2023-01-24,2023-01-24,,Richard III,https://www.imdb.com/title/tt0114279/,movie,7.3,110,1995,"Drama, Sci-Fi, War",14987,1995-08-20,Richard Loncraine,,
777,tt0120841,2023-01-24,2023-01-24,,Species II,https://www.imdb.com/title/tt0120841/,movie,4.5,93,1998,"Action, Horror, Sci-Fi, Thriller",29928,1998-04-10,Peter Medak,,
778,tt0108451,2023-01-24,2023-01-24,,Untamed Heart,https://www.imdb.com/title/tt0108451/,movie,6.8,102,1993,"Drama, Romance",14427,1993-02-12,Tony Bill,,
779,tt0112757,2023-01-24,2023-01-24,,The Cure,https://www.imdb.com/title/tt0112757/,movie,7.7,97,1995,"Adventure, Drama",10129,1995-04-18,Peter Horton,,
780,tt0108045,2023-01-24,2023-01-24,,Save Me,https://www.imdb.com/title/tt0108045/,movie,4.0,93,1994,"Mystery, Thriller",1512,1994-02-02,Alan Roberts,,
781,tt0311648,2023-01-24,2023-01-24,,Pieces of April,https://www.imdb.com/title/tt0311648/,movie,7.0,80,2003,"Comedy, Drama",21470,2003-01-19,Peter Hedges,,
782,tt0116571,2023-01-24,2023-01-24,,House Arrest,https://www.imdb.com/title/tt0116571/,movie,5.7,108,1996,"Comedy, Family",8875,1996-08-14,Harry Winer,,
783,tt0114938,2023-01-24,2023-01-24,,Wild Bill,https://www.imdb.com/title/tt0114938/,movie,5.8,98,1995,"Action, Biography, Western",7337,1995-12-01,Walter Hill,,
784,tt0309912,2023-01-24,2023-01-24,,Nicholas Nickleby,https://www.imdb.com/title/tt0309912/,movie,7.1,132,2002,"Adventure, Drama, Romance",12809,2002-12-27,Douglas McGrath,,
785,tt0107501,2023-01-24,2023-01-24,,The Man Without a Face,https://www.imdb.com/title/tt0107501/,movie,6.7,115,1993,Drama,29989,1993-08-25,Mel Gibson,,
786,tt0111048,2023-01-24,2023-01-24,,S.F.W.,https://www.imdb.com/title/tt0111048/,movie,5.7,96,1994,"Comedy, Drama",5246,1994-09-15,Jefery Levy,,
787,tt0265591,2023-01-24,2023-01-24,,Pumpkin,https://www.imdb.com/title/tt0265591/,movie,6.1,113,2002,"Comedy, Drama, Romance, Sport",9191,2002-01-14,"Adam Larson Broder, Anthony Abrams",,
788,tt0144814,2023-01-24,2023-01-24,,The Rage: Carrie 2,https://www.imdb.com/title/tt0144814/,movie,4.7,104,1999,"Drama, Horror, Sci-Fi, Thriller",16961,1999-03-12,"Katt Shea, Robert Mandel",,
789,tt0110186,2023-01-24,2023-01-24,,Jason's Lyric,https://www.imdb.com/title/tt0110186/,movie,6.6,119,1994,"Crime, Drama, Romance",4364,1994-09-28,Doug McHenry,,
790,tt0107563,2023-01-24,2023-01-24,,The Meteor Man,https://www.imdb.com/title/tt0107563/,movie,5.2,100,1993,"Action, Comedy, Fantasy, Sci-Fi",8434,1993-08-06,Robert Townsend,,
791,tt0283509,2023-01-24,2023-01-24,,No Man's Land,https://www.imdb.com/title/tt0283509/,movie,7.9,98,2001,"Comedy, Drama, War",47603,2001-05-12,Danis Tanovic,,
792,tt0120479,2023-01-24,2023-01-24,,Warriors of Virtue,https://www.imdb.com/title/tt0120479/,movie,4.7,131,1997,"Action, Adventure, Fantasy",3319,1997-05-02,Ronny Yu,,
793,tt0109578,2023-01-24,2023-01-24,,Death Wish V: The Face of Death,https://www.imdb.com/title/tt0109578/,movie,4.8,95,1994,"Action, Crime, Drama, Thriller",8098,1994-01-14,Allan A. Goldstein,,
794,tt0116275,2023-01-24,2023-01-24,,A Family Thing,https://www.imdb.com/title/tt0116275/,movie,7.0,109,1996,"Comedy, Drama",3846,1996-03-29,Richard Pearce,,
795,tt0174480,2023-01-24,2023-01-24,,Autumn in New York,https://www.imdb.com/title/tt0174480/,movie,5.6,103,2000,"Drama, Romance",27118,2000-08-11,Joan Chen,,
796,tt0120357,2023-01-24,2023-01-24,,Touch,https://www.imdb.com/title/tt0120357/,movie,5.6,96,1997,"Comedy, Drama, Romance",2564,1997-02-14,Paul Schrader,,
797,tt0111218,2023-01-24,2023-01-24,,Sleep with Me,https://www.imdb.com/title/tt0111218/,movie,5.7,86,1994,"Comedy, Drama, Romance",2730,1994-05-14,Rory Kelly,,
798,tt0286261,2023-01-24,2023-01-24,,All or Nothing,https://www.imdb.com/title/tt0286261/,movie,7.5,128,2002,Drama,10995,2002-05-17,Mike Leigh,,
799,tt0203540,2023-01-24,2023-01-24,,Greenfingers,https://www.imdb.com/title/tt0203540/,movie,6.8,91,2000,"Comedy, Crime, Drama, Romance",6213,2000-09-10,Joel Hershman,,
800,tt0108442,2023-01-24,2023-01-24,,Undercover Blues,https://www.imdb.com/title/tt0108442/,movie,6.0,90,1993,"Comedy, Crime",9596,1993-09-10,Herbert Ross,,
801,tt0120390,2023-01-24,2023-01-24,,Turbulence,https://www.imdb.com/title/tt0120390/,movie,4.9,100,1997,"Action, Thriller",12072,1997-01-10,Robert Butler,,
802,tt0231448,2023-01-24,2023-01-24,,Deuces Wild,https://www.imdb.com/title/tt0231448/,movie,5.6,96,2002,"Action, Drama",7596,2002-05-03,Scott Kalvert,,
803,tt0114108,2023-01-24,2023-01-24,,The Pebble and the Penguin,https://www.imdb.com/title/tt0114108/,movie,5.5,74,1995,"Animation, Adventure, Comedy, Family, Musical",5234,1995-04-12,"Don Bluth, Gary Goldman",,
804,tt0119994,2023-01-24,2023-01-24,,Red Corner,https://www.imdb.com/title/tt0119994/,movie,6.3,122,1997,"Crime, Drama, Thriller",17619,1997-10-21,Jon Avnet,,
805,tt0104107,2023-01-24,2023-01-24,,Diggstown,https://www.imdb.com/title/tt0104107/,movie,6.9,98,1992,"Drama, Sport",7650,1992-08-14,Michael Ritchie,,
806,tt0109891,2023-01-24,2023-01-24,,Getting Even with Dad,https://www.imdb.com/title/tt0109891/,movie,4.8,109,1994,"Comedy, Crime, Family",8262,1994-06-17,Howard Deutch,,
807,tt0106873,2023-01-24,2023-01-24,,Fatal Instinct,https://www.imdb.com/title/tt0106873/,movie,5.7,91,1993,"Comedy, Crime, Thriller",7716,1993-10-29,Carl Reiner,,
808,tt0155711,2023-01-24,2023-01-24,,Flawless,https://www.imdb.com/title/tt0155711/,movie,6.4,112,1999,"Crime, Drama",19119,1999-11-24,Joel Schumacher,,
809,tt0104027,2023-01-24,2023-01-24,,CrissCross,https://www.imdb.com/title/tt0104027/,movie,5.8,100,1992,"Crime, Drama",2080,1992-05-08,Chris Menges,,
810,tt0218378,2023-01-24,2023-01-24,,The Claim,https://www.imdb.com/title/tt0218378/,movie,6.3,120,2000,"Drama, Romance, Western",6446,2000-12-07,Michael Winterbottom,,
811,tt0311110,2023-01-24,2023-01-24,,It Runs in the Family,https://www.imdb.com/title/tt0311110/,movie,5.5,109,2003,"Comedy, Drama, Romance",5067,2003-04-25,Fred Schepisi,,
812,tt0118040,2023-01-24,2023-01-24,,Unforgettable,https://www.imdb.com/title/tt0118040/,movie,6.0,117,1996,"Drama, Mystery, Sci-Fi, Thriller",5607,1996-02-16,John Dahl,,
813,tt0116953,2023-01-24,2023-01-24,,Mad Dog Time,https://www.imdb.com/title/tt0116953/,movie,5.4,93,1996,"Comedy, Crime, Drama",3472,1996-11-08,Larry Bishop,,
814,tt0106660,2023-01-24,2023-01-24,,Snake Eyes,https://www.imdb.com/title/tt0106660/,movie,5.6,108,1993,Drama,3963,1993-09-10,Abel Ferrara,,
815,tt0298856,2023-01-24,2023-01-24,,Evelyn,https://www.imdb.com/title/tt0298856/,movie,7.0,94,2002,Drama,6808,2002-09-09,Bruce Beresford,,
816,tt0101625,2023-01-24,2023-01-24,,Once Upon a Crime...,https://www.imdb.com/title/tt0101625/,movie,5.8,94,1992,"Comedy, Crime, Mystery",4850,1992-03-06,Eugene Levy,,
817,tt0120757,2023-01-24,2023-01-24,,The Mod Squad,https://www.imdb.com/title/tt0120757/,movie,4.3,92,1999,"Action, Crime, Thriller",9247,1999-01-20,Scott Silver,,
818,tt0096056,2023-01-24,2023-01-24,,Crime and Punishment,https://www.imdb.com/title/tt0096056/,movie,5.6,126,2002,Drama,831,2002-06-27,Menahem Golan,,
819,tt0116320,2023-01-24,2023-01-24,,Fled,https://www.imdb.com/title/tt0116320/,movie,5.4,98,1996,"Action, Adventure, Crime, Drama, Romance",9262,1996-07-19,Kevin Hooks,,
820,tt0199290,2023-01-24,2023-01-24,,3 Strikes,https://www.imdb.com/title/tt0199290/,movie,4.6,82,2000,Comedy,3540,2000-03-01,DJ Pooh,,
821,tt0132512,2023-01-24,2023-01-24,,At First Sight,https://www.imdb.com/title/tt0132512/,movie,5.9,128,1999,"Drama, Romance",13941,1999-01-12,Irwin Winkler,,
822,tt0108187,2023-01-24,2023-01-24,,Son of the Pink Panther,https://www.imdb.com/title/tt0108187/,movie,3.9,93,1993,"Comedy, Crime",5543,1993-08-27,Blake Edwards,,
823,tt0120550,2023-01-24,2023-01-24,,Zeus and Roxanne,https://www.imdb.com/title/tt0120550/,movie,5.3,98,1997,"Adventure, Comedy, Family, Romance",3132,1997-01-24,George Miller,,
824,tt0110168,2023-01-24,2023-01-24,,It Runs in the Family,https://www.imdb.com/title/tt0110168/,movie,5.6,85,1994,"Comedy, Family",1713,1994-09-23,Bob Clark,,
825,tt0197384,2023-01-24,2023-01-24,,Crime + Punishment in Suburbia,https://www.imdb.com/title/tt0197384/,movie,5.8,100,2000,"Drama, Thriller",3446,2000-01-24,Rob Schmidt,,
826,tt0105719,2023-01-24,2023-01-24,,The Vagrant,https://www.imdb.com/title/tt0105719/,movie,5.8,91,1992,"Comedy, Horror, Thriller",1757,1992-05-15,Chris Walas,,
827,tt0119098,2023-01-24,2023-01-24,,Fall,https://www.imdb.com/title/tt0119098/,movie,5.9,93,1997,"Drama, Romance",1969,1997-06-20,Eric Schaeffer,,
828,tt0345061,2023-01-24,2023-01-24,,Code 46,https://www.imdb.com/title/tt0345061/,movie,6.1,93,2003,"Drama, Romance, Sci-Fi, Thriller",20768,2003-09-02,Michael Winterbottom,,
829,tt0115509,2023-01-24,2023-01-24,,All Dogs Go to Heaven 2,https://www.imdb.com/title/tt0115509/,movie,5.5,82,1996,"Animation, Adventure, Family, Fantasy, Romance",6267,1996-03-29,"Larry Leker, Paul Sabella",,
830,tt0210358,2023-01-24,2023-01-24,,Things You Can Tell Just by Looking at Her,https://www.imdb.com/title/tt0210358/,movie,6.5,109,2000,"Drama, Romance",7155,2000-01-22,Rodrigo García,,
831,tt0164003,2023-01-24,2023-01-24,,City of Ghosts,https://www.imdb.com/title/tt0164003/,movie,5.9,116,2002,"Crime, Drama, Thriller",5584,2002-09-10,Matt Dillon,,
832,tt0110913,2023-01-24,2023-01-24,,Pumpkinhead II: Blood Wings,https://www.imdb.com/title/tt0110913/,movie,4.6,88,1993,"Fantasy, Horror, Thriller",4777,1993-10-31,Jeff Burr,,
833,tt0107680,2023-01-24,2023-01-24,,Night Eyes Three,https://www.imdb.com/title/tt0107680/,movie,4.1,97,1993,"Drama, Thriller",570,1993-09-01,Andrew Stevens,,
834,tt0112625,2023-01-24,2023-01-24,,Candyman: Farewell to the Flesh,https://www.imdb.com/title/tt0112625/,movie,5.2,95,1995,"Horror, Thriller",13559,1995-03-17,Bill Condon,,
835,tt0105395,2023-01-24,2023-01-24,,Shootfighter: Fight to the Death,https://www.imdb.com/title/tt0105395/,movie,5.4,96,1993,Action,1342,1993-05-05,Patrick Alan,,
836,tt0119527,2023-01-24,2023-01-24,,Deceiver,https://www.imdb.com/title/tt0119527/,movie,6.5,106,1997,"Crime, Drama, Mystery, Thriller",6737,1997-08-31,"Jonas Pate, Josh Pate",,
837,tt0110197,2023-01-24,2023-01-24,,Jimmy Hollywood,https://www.imdb.com/title/tt0110197/,movie,5.3,112,1994,"Comedy, Crime, Drama",3439,1994-03-30,Barry Levinson,,
838,tt0110689,2023-01-24,2023-01-24,,Nostradamus,https://www.imdb.com/title/tt0110689/,movie,5.8,119,1994,"Biography, Drama",3003,1994-07-02,Roger Christian,,
839,tt0248190,2023-01-24,2023-01-24,,No Such Thing,https://www.imdb.com/title/tt0248190/,movie,6.0,102,2001,"Comedy, Drama, Fantasy",4254,2001-05-31,Hal Hartley,,
840,tt0111256,2023-01-24,2023-01-24,,Speechless,https://www.imdb.com/title/tt0111256/,movie,5.8,99,1994,"Comedy, Romance",5262,1994-12-16,Ron Underwood,,
841,tt0116823,2023-01-24,2023-01-24,,Larger Than Life,https://www.imdb.com/title/tt0116823/,movie,5.6,93,1996,"Comedy, Family",7548,1996-07-26,Howard Franklin,,
842,tt0119734,2023-01-24,2023-01-24,,Music from Another Room,https://www.imdb.com/title/tt0119734/,movie,6.3,104,1998,"Comedy, Drama, Romance",5217,1998-04-24,Charlie Peters,,
843,tt0113443,2023-01-24,2023-01-24,,It's My Party,https://www.imdb.com/title/tt0113443/,movie,7.1,110,1996,"Drama, Romance",3125,1996-01-11,Randal Kleiser,,
844,tt0278487,2023-01-24,2023-01-24,,Hotel,https://www.imdb.com/title/tt0278487/,movie,4.1,93,2001,Comedy,2088,2001-09-12,Mike Figgis,,
845,tt0278259,2023-01-24,2023-01-24,,.com for Murder,https://www.imdb.com/title/tt0278259/,movie,2.5,96,2002,"Horror, Sci-Fi, Thriller",4958,2001-10-31,Nico Mastorakis,,
846,tt0156807,2023-01-24,2023-01-24,,Mr. Accident,https://www.imdb.com/title/tt0156807/,movie,4.3,89,2000,Comedy,1153,2000-03-24,Yahoo Serious,,
847,tt0109376,2023-01-24,2023-01-24,,"Car 54, Where Are You?",https://www.imdb.com/title/tt0109376/,movie,2.5,89,1994,Comedy,4489,1994-01-28,Bill Fishman,,
848,tt0143746,2023-01-24,2023-01-24,,Molly,https://www.imdb.com/title/tt0143746/,movie,5.7,102,1999,"Comedy, Drama, Romance",3020,1999-07-06,John Duigan,,
849,tt0283897,2023-01-24,2023-01-24,,Assassination Tango,https://www.imdb.com/title/tt0283897/,movie,5.7,114,2002,"Crime, Drama, Romance, Thriller",3277,2002-09-11,Robert Duvall,,
850,tt0119062,2023-01-24,2023-01-24,,The End of Violence,https://www.imdb.com/title/tt0119062/,movie,5.6,122,1997,"Drama, Thriller",5016,1997-05-11,Wim Wenders,,
851,tt0295238,2023-01-24,2023-01-24,,Personal Velocity: Three Portraits,https://www.imdb.com/title/tt0295238/,movie,6.5,86,2002,"Drama, Romance",3781,2002-01-12,Rebecca Miller,,
852,tt0118702,2023-01-24,2023-01-24,,Best Men,https://www.imdb.com/title/tt0118702/,movie,5.5,90,1997,"Action, Comedy, Crime, Drama, Thriller",3014,1997-10-17,Tamra Davis,,
853,tt0113026,2023-01-24,2023-01-24,,The Fantasticks,https://www.imdb.com/title/tt0113026/,movie,5.6,86,2000,"Musical, Romance",1393,2000-09-22,Michael Ritchie,,
854,tt0115530,2023-01-24,2023-01-24,,American Buffalo,https://www.imdb.com/title/tt0115530/,movie,5.8,88,1996,Drama,3863,1996-09-12,Michael Corrente,,
855,tt0105256,2023-01-24,2023-01-24,,Rich in Love,https://www.imdb.com/title/tt0105256/,movie,6.2,105,1992,Drama,871,1992-10-29,Bruce Beresford,,
856,tt0127629,2023-01-24,2023-01-24,,Kiss the Sky,https://www.imdb.com/title/tt0127629/,movie,5.8,107,1998,"Drama, Romance",830,1998-10-26,Roger Young,,
857,tt0189744,2023-01-24,2023-01-24,,Miss Julie,https://www.imdb.com/title/tt0189744/,movie,6.2,103,1999,Drama,1583,1999-09-12,Mike Figgis,,
858,tt0326664,2023-01-24,2023-01-24,,Swimming Upstream,https://www.imdb.com/title/tt0326664/,movie,7.0,114,2003,"Biography, Drama, Sport",3387,2003-02-27,Russell Mulcahy,,
859,tt0107448,2023-01-24,2023-01-24,,Love Bites,https://www.imdb.com/title/tt0107448/,movie,5.4,98,1993,"Comedy, Horror, Romance",628,1993-09-15,Malcolm Marmorstein,,
860,tt0190255,2023-01-24,2023-01-24,,The Basket,https://www.imdb.com/title/tt0190255/,movie,6.4,105,1999,Drama,622,1999-06-05,Rich Cowan,,
861,tt0201899,2023-01-24,2023-01-24,,A Rumor of Angels,https://www.imdb.com/title/tt0201899/,movie,6.8,106,2000,Drama,1597,2000-09-08,Peter O'Fallon,,
862,tt0254199,2023-01-24,2023-01-24,,CQ,https://www.imdb.com/title/tt0254199/,movie,6.2,88,2001,"Comedy, Drama, Sci-Fi",4962,2001-05-12,Roman Coppola,,
863,tt0105377,2023-01-24,2023-01-24,,Shadow of the Wolf,https://www.imdb.com/title/tt0105377/,movie,5.8,112,1992,"Adventure, Drama, Thriller",974,1992-11-12,"Pierre Magny, Jacques Dorfmann",,
864,tt0368913,2023-01-24,2023-01-24,,Osama,https://www.imdb.com/title/tt0368913/,movie,7.3,83,2003,Drama,9274,2003-05-20,Siddiq Barmak,,
865,tt0104693,2023-01-24,2023-01-24,,Laws of Gravity,https://www.imdb.com/title/tt0104693/,movie,6.7,100,1992,"Crime, Drama",1117,1992-03-21,Nick Gomez,,
866,tt0308443,2023-01-24,2023-01-24,,Just for Kicks,https://www.imdb.com/title/tt0308443/,movie,3.0,92,2003,"Adventure, Comedy, Family, Sport",1375,2003-09-26,Sydney J. Bartholomew Jr.,,
867,tt0168473,2023-01-24,2023-01-24,,Babes in Toyland,https://www.imdb.com/title/tt0168473/,movie,4.7,74,1997,"Animation, Comedy, Family, Fantasy, Musical",591,1997-10-14,"Paul Sabella, Charles Grosvenor, Toby Bluth",,
868,tt0119415,2023-01-24,2023-01-24,,Joey,https://www.imdb.com/title/tt0119415/,movie,4.7,96,1997,"Family, Adventure, Comedy",590,1997-12-26,Ian Barry,,
869,tt0107319,2023-01-24,2023-01-24,,Grey Knight,https://www.imdb.com/title/tt0107319/,movie,4.6,82,1993,"Horror, War",769,1993-03-07,George Hickenlooper,,
870,tt0198460,2023-01-24,2023-01-24,,Escape to Grizzly Mountain,https://www.imdb.com/title/tt0198460/,movie,5.8,95,2000,"Family, Sci-Fi, Western",287,2000-01-01,Anthony Dalesandro,,
871,tt0119338,2023-01-24,2023-01-24,,Hurricane,https://www.imdb.com/title/tt0119338/,movie,6.3,86,1997,"Crime, Drama, Romance",1257,1997-01-21,Morgan J. Freeman,,
872,tt0120835,2023-01-24,2023-01-24,,A Soldier's Daughter Never Cries,https://www.imdb.com/title/tt0120835/,movie,6.8,127,1998,Drama,2440,1998-09-04,James Ivory,,
873,tt0123221,2023-01-24,2023-01-24,,Just the Ticket,https://www.imdb.com/title/tt0123221/,movie,5.6,115,1998,"Comedy, Drama, Romance",1977,1999-02-17,Richard Wenk,,
874,tt0117716,2023-01-24,2023-01-24,,Virus,https://www.imdb.com/title/tt0117716/,movie,3.0,90,1996,"Action, Thriller",631,1996-12-10,Allan A. Goldstein,,
875,tt0114397,2023-01-24,2023-01-24,,The Set Up,https://www.imdb.com/title/tt0114397/,tvMovie,4.8,93,1995,"Action, Drama, Thriller",542,1995-07-23,Strathford Hamilton,,
876,tt4739392,2023-01-24,2023-01-24,,Damned!,https://www.imdb.com/title/tt4739392/,movie,5.2,51,1998,Comedy,170,1998-12-31,James Murray,,
877,tt0108521,2023-01-24,2023-01-24,,Watch It,https://www.imdb.com/title/tt0108521/,movie,6.2,102,1993,Comedy,625,1993-03-26,Tom Flynn,,
878,tt0101652,2023-01-24,2023-01-24,,Dance Macabre,https://www.imdb.com/title/tt0101652/,movie,3.9,97,1992,"Crime, Horror, Thriller",454,1992-05-29,Greydon Clark,,
879,tt0236034,2023-01-24,2023-01-24,,Born Romantic,https://www.imdb.com/title/tt0236034/,movie,6.4,96,2000,"Comedy, Romance",1628,2000-09-14,David Kane,,
880,tt0276428,2023-01-24,2023-01-24,,Puckoon,https://www.imdb.com/title/tt0276428/,movie,5.7,82,2002,Comedy,383,2002-06-07,Terence Ryan,,
881,tt0219126,2023-01-24,2023-01-24,,The Learning Curve,https://www.imdb.com/title/tt0219126/,movie,5.1,113,1999,"Crime, Drama, Thriller",485,1999-08-28,Eric Schwab,,
882,tt0101860,2023-01-24,2023-01-24,,Fatal Instinct,https://www.imdb.com/title/tt0101860/,movie,4.1,95,1992,Thriller,461,1992-09-09,John Dirlam,,
883,tt0116055,2023-01-24,2023-01-24,,Deadly Heroes,https://www.imdb.com/title/tt0116055/,movie,3.5,105,1993,"Action, Drama",441,1993-10-31,Menahem Golan,,
884,tt0104055,2023-01-24,2023-01-24,,Dark Vengeance,https://www.imdb.com/title/tt0104055/,movie,2.8,92,1992,"Action, Sci-Fi",166,1993-08-18,Faruque Ahmed,,
885,tt0110936,2023-01-24,2023-01-24,,Radio Inside,https://www.imdb.com/title/tt0110936/,movie,6.3,91,1994,"Drama, Romance",581,1994-10-21,Jeffrey Bell,,
886,tt0206184,2023-01-24,2023-01-24,,On Edge,https://www.imdb.com/title/tt0206184/,movie,5.0,93,2001,"Comedy, Romance, Sport",301,2001-03-01,Karl Slovin,,
887,tt0118601,2023-01-24,2023-01-24,,American Dragons,https://www.imdb.com/title/tt0118601/,movie,4.9,95,1998,"Action, Crime",853,1998-09-15,Ralph Hemecker,,
888,tt0106822,2023-01-24,2023-01-24,,Entangled,https://www.imdb.com/title/tt0106822/,movie,4.1,89,1993,"Crime, Drama, Thriller",476,1993-03-24,Max Fischer,,
889,tt0110587,2023-01-24,2023-01-24,,Mr. Write,https://www.imdb.com/title/tt0110587/,movie,3.7,89,1994,"Comedy, Drama",204,1994-05-06,Charlie Loventhal,,
890,tt0104218,2023-01-24,2023-01-24,,Eyes of the Beholder,https://www.imdb.com/title/tt0104218/,movie,4.1,89,1992,"Horror, Mystery, Thriller",197,1992-09-30,Lawrence L. Simeone,,
891,tt0191428,2023-01-24,2023-01-24,,Rakuyô,https://www.imdb.com/title/tt0191428/,movie,6.5,152,1992,Drama,124,1992-09-15,Rou Tomono,,
892,tt0104864,2023-01-24,2023-01-24,,Midnight Witness,https://www.imdb.com/title/tt0104864/,movie,4.2,90,1993,"Action, Thriller",205,1993-02-25,Peter Foldy,,
893,tt0175555,2023-01-24,2023-01-24,,Deal of a Lifetime,https://www.imdb.com/title/tt0175555/,movie,4.8,94,1999,"Comedy, Fantasy, Romance",413,1999-12-31,Paul Levine,,
894,tt0109581,2023-01-24,2023-01-24,,Rage,https://www.imdb.com/title/tt0109581/,movie,5.1,93,1993,Action,110,1993-05-31,Anthony Maharaj,,
895,tt0176467,2023-01-24,2023-01-24,,Avalanche,https://www.imdb.com/title/tt0176467/,movie,3.5,76,1994,"Drama, Family",65,1994-04-02,John Danischewsky,,
896,tt0167205,2023-01-24,2023-01-24,,Ice Pawn,https://www.imdb.com/title/tt0167205/,movie,4.3,100,1992,"Drama, Sport",46,1992-03-05,Barry Samson,,
897,tt6533724,2023-01-24,2023-01-24,,Silo 3 Jane,https://www.imdb.com/title/tt6533724/,movie,,,1995,,,1995-12-31,John Frankenheimer,,
898,tt0125023,2023-01-24,2023-01-24,,The Broken Spur,https://www.imdb.com/title/tt0125023/,movie,,,1992,Western,,,Warren Chaney,,
899,tt1864532,2023-01-24,2023-01-24,,The Kindness of Strangers,https://www.imdb.com/title/tt1864532/,movie,,90,1998,Music,,2009-06-01,Tony Palmer,,
900,tt0110912,2023-01-24,2023-01-24,,Pulp Fiction,https://www.imdb.com/title/tt0110912/,movie,8.9,154,1994,"Crime, Drama",2070987,1994-05-21,Quentin Tarantino,,
901,tt0109830,2023-01-24,2023-01-24,,Forrest Gump,https://www.imdb.com/title/tt0109830/,movie,8.8,142,1994,"Drama, Romance",2095471,1994-06-23,Robert Zemeckis,,
902,tt0114369,2023-01-24,2023-01-24,,Se7en,https://www.imdb.com/title/tt0114369/,movie,8.6,127,1995,"Crime, Drama, Mystery, Thriller",1665532,1995-09-15,David Fincher,,
903,tt0196229,2023-01-24,2023-01-24,,Zoolander,https://www.imdb.com/title/tt0196229/,movie,6.5,90,2001,Comedy,277004,2001-09-28,Ben Stiller,,
904,tt0117060,2023-01-24,2023-01-24,,Mission: Impossible,https://www.imdb.com/title/tt0117060/,movie,7.1,110,1996,"Action, Adventure, Thriller",432336,1996-05-20,Brian De Palma,,
905,tt0106220,2023-01-24,2023-01-24,,Addams Family Values,https://www.imdb.com/title/tt0106220/,movie,6.8,94,1993,"Comedy, Fantasy",101796,1993-11-19,Barry Sonnenfeld,,
906,tt0120382,2023-01-24,2023-01-24,,The Truman Show,https://www.imdb.com/title/tt0120382/,movie,8.2,103,1998,"Comedy, Drama",1093368,1998-06-01,Peter Weir,,
907,tt0117381,2023-01-24,2023-01-24,,Primal Fear,https://www.imdb.com/title/tt0117381/,movie,7.7,129,1996,"Crime, Drama, Mystery, Thriller",225119,1996-04-01,Gregory Hoblit,,
908,tt0106246,2023-01-24,2023-01-24,,Alive,https://www.imdb.com/title/tt0106246/,movie,7.1,128,1993,"Biography, Drama, Thriller",57720,1993-01-15,Frank Marshall,,
909,tt0103772,2023-01-24,2023-01-24,,Basic Instinct,https://www.imdb.com/title/tt0103772/,movie,7.0,127,1992,"Drama, Mystery, Thriller",204559,1992-03-18,Paul Verhoeven,,
910,tt0112697,2023-01-24,2023-01-24,,Clueless,https://www.imdb.com/title/tt0112697/,movie,6.9,97,1995,"Comedy, Romance",223968,1995-07-07,Amy Heckerling,,
911,tt0119094,2023-01-24,2023-01-24,,Face/Off,https://www.imdb.com/title/tt0119094/,movie,7.3,138,1997,"Action, Crime, Sci-Fi, Thriller",382239,1997-06-19,John Woo,,
912,tt0108550,2023-01-24,2023-01-24,,What's Eating Gilbert Grape,https://www.imdb.com/title/tt0108550/,movie,7.7,118,1993,Drama,240820,1993-10-01,Lasse Hallström,,
913,tt0251127,2023-01-24,2023-01-24,,How to Lose a Guy in 10 Days,https://www.imdb.com/title/tt0251127/,movie,6.4,116,2003,"Comedy, Romance",245776,2003-01-27,Donald Petrie,,
914,tt0120755,2023-01-24,2023-01-24,,Mission: Impossible II,https://www.imdb.com/title/tt0120755/,movie,6.1,123,2000,"Action, Adventure, Thriller",347569,2000-05-18,John Woo,,
915,tt0119081,2023-01-24,2023-01-24,,Event Horizon,https://www.imdb.com/title/tt0119081/,movie,6.6,96,1997,"Horror, Sci-Fi, Thriller",184554,1997-08-15,Paul W.S. Anderson,,
916,tt0332379,2023-01-24,2023-01-24,,School of Rock,https://www.imdb.com/title/tt0332379/,movie,7.2,109,2003,"Comedy, Music",311306,2003-09-09,Richard Linklater,,
917,tt0139699,2023-01-24,2023-01-24,,Varsity Blues,https://www.imdb.com/title/tt0139699/,movie,6.5,106,1999,"Comedy, Drama, Romance, Sport",46968,1999-01-15,Brian Robbins,,
918,tt0105327,2023-01-24,2023-01-24,,School Ties,https://www.imdb.com/title/tt0105327/,movie,6.9,106,1992,Drama,25550,1992-09-18,Robert Mandel,,
919,tt0119488,2023-01-24,2023-01-24,,L.A. Confidential,https://www.imdb.com/title/tt0119488/,movie,8.2,138,1997,"Crime, Drama, Mystery, Thriller",586763,1997-05-14,Curtis Hanson,,
920,tt0317740,2023-01-24,2023-01-24,,The Italian Job,https://www.imdb.com/title/tt0317740/,movie,7.0,111,2003,"Action, Crime, Thriller",373080,2003-05-30,F. Gary Gray,,
921,tt0315327,2023-01-24,2023-01-24,,Bruce Almighty,https://www.imdb.com/title/tt0315327/,movie,6.8,101,2003,"Comedy, Fantasy",410068,2003-05-14,Tom Shadyac,,
922,tt0162661,2023-01-24,2023-01-24,,Sleepy Hollow,https://www.imdb.com/title/tt0162661/,movie,7.3,105,1999,"Fantasy, Horror, Mystery",365723,1999-11-17,Tim Burton,,
923,tt0134119,2023-01-24,2023-01-24,,The Talented Mr. Ripley,https://www.imdb.com/title/tt0134119/,movie,7.4,139,1999,"Crime, Drama, Thriller",215770,1999-12-12,Anthony Minghella,,
924,tt0227445,2023-01-24,2023-01-24,,The Score,https://www.imdb.com/title/tt0227445/,movie,6.8,124,2001,"Action, Crime, Drama, Thriller",129800,2001-07-09,Frank Oz,,
925,tt0150377,2023-01-24,2023-01-24,,Double Jeopardy,https://www.imdb.com/title/tt0150377/,movie,6.5,105,1999,"Crime, Drama, Mystery, Thriller",89108,1999-09-21,Bruce Beresford,,
926,tt0114682,2023-01-24,2023-01-24,,"To Wong Foo Thanks for Everything, Julie Newmar",https://www.imdb.com/title/tt0114682/,movie,6.6,109,1995,"Comedy, Drama",33158,1995-09-08,Beeban Kidron,,
927,tt0105793,2023-01-24,2023-01-24,,Wayne's World,https://www.imdb.com/title/tt0105793/,movie,7.0,94,1992,"Comedy, Music",160590,1992-02-14,Penelope Spheeris,,
928,tt0277434,2023-01-24,2023-01-24,,We Were Soldiers,https://www.imdb.com/title/tt0277434/,movie,7.1,138,2002,"Action, Drama, History, War",144518,2002-02-25,Randall Wallace,,
929,tt0146316,2023-01-24,2023-01-24,,Lara Croft: Tomb Raider,https://www.imdb.com/title/tt0146316/,movie,5.7,100,2001,"Action, Adventure, Fantasy, Thriller",211854,2001-06-11,Simon West,,
930,tt0112572,2023-01-24,2023-01-24,,The Brady Bunch Movie,https://www.imdb.com/title/tt0112572/,movie,6.2,90,1995,Comedy,23100,1995-02-17,Betty Thomas,,
931,tt0109444,2023-01-24,2023-01-24,,Clear and Present Danger,https://www.imdb.com/title/tt0109444/,movie,6.9,141,1994,"Action, Crime, Drama, Thriller",102108,1994-08-03,Phillip Noyce,,
932,tt0119978,2023-01-24,2023-01-24,,The Rainmaker,https://www.imdb.com/title/tt0119978/,movie,7.2,135,1997,"Crime, Drama, Thriller",77427,1997-11-18,Francis Ford Coppola,,
933,tt0106918,2023-01-24,2023-01-24,,The Firm,https://www.imdb.com/title/tt0106918/,movie,6.8,154,1993,"Drama, Mystery, Thriller",138161,1993-06-23,Sydney Pollack,,
934,tt0164184,2023-01-24,2023-01-24,,The Sum of All Fears,https://www.imdb.com/title/tt0164184/,movie,6.4,124,2002,"Action, Drama, Thriller, War",118911,2002-05-29,Phil Alden Robinson,,
935,tt0215750,2023-01-24,2023-01-24,,Enemy at the Gates,https://www.imdb.com/title/tt0215750/,movie,7.6,131,2001,"Action, Drama, War",265969,2001-02-07,Jean-Jacques Annaud,,
936,tt0107211,2023-01-24,2023-01-24,,Indecent Proposal,https://www.imdb.com/title/tt0107211/,movie,6.0,117,1993,"Drama, Romance",73351,1993-04-06,Adrian Lyne,,
937,tt0106912,2023-01-24,2023-01-24,,Fire in the Sky,https://www.imdb.com/title/tt0106912/,movie,6.5,109,1993,"Biography, Drama, Fantasy, Mystery, Sci-Fi",25914,1993-03-12,Robert Lieberman,,
938,tt0219699,2023-01-24,2023-01-24,,The Gift,https://www.imdb.com/title/tt0219699/,movie,6.7,112,2000,"Drama, Fantasy, Horror, Mystery",70770,2000-12-18,Sam Raimi,,
939,tt0105112,2023-01-24,2023-01-24,,Patriot Games,https://www.imdb.com/title/tt0105112/,movie,6.8,117,1992,"Action, Thriller",114534,1992-06-05,Phillip Noyce,,
940,tt0250687,2023-01-24,2023-01-24,,Rat Race,https://www.imdb.com/title/tt0250687/,movie,6.4,112,2001,"Action, Adventure, Comedy",118337,2001-07-30,Jerry Zucker,,
941,tt0108162,2023-01-24,2023-01-24,,Sliver,https://www.imdb.com/title/tt0108162/,movie,5.0,107,1993,"Drama, Thriller",32255,1993-05-21,Phillip Noyce,,
942,tt0298814,2023-01-24,2023-01-24,,The Core,https://www.imdb.com/title/tt0298814/,movie,5.5,135,2003,"Action, Adventure, Sci-Fi, Thriller",102668,2003-03-25,Jon Amiel,,
943,tt0116260,2023-01-24,2023-01-24,,Eye for an Eye,https://www.imdb.com/title/tt0116260/,movie,6.1,101,1996,"Crime, Drama, Thriller",17575,1996-01-12,John Schlesinger,,
944,tt0207201,2023-01-24,2023-01-24,,What Women Want,https://www.imdb.com/title/tt0207201/,movie,6.4,127,2000,"Comedy, Fantasy, Romance",211182,2000-12-13,Nancy Meyers,,
945,tt0184907,2023-01-24,2023-01-24,,Snow Day,https://www.imdb.com/title/tt0184907/,movie,5.1,89,2000,"Adventure, Comedy, Family",13114,2000-01-29,Chris Koch,,
946,tt0114694,2023-01-24,2023-01-24,,Tommy Boy,https://www.imdb.com/title/tt0114694/,movie,7.1,97,1995,"Adventure, Comedy",90345,1995-03-31,Peter Segal,,
947,tt0107207,2023-01-24,2023-01-24,,In the Name of the Father,https://www.imdb.com/title/tt0107207/,movie,8.1,133,1993,"Biography, Crime, Drama",177352,1993-12-12,Jim Sheridan,,
948,tt0120148,2023-01-24,2023-01-24,,Sliding Doors,https://www.imdb.com/title/tt0120148/,movie,6.7,99,1998,"Comedy, Drama, Fantasy, Romance",68402,1998-01-26,Peter Howitt,,
949,tt0242193,2023-01-24,2023-01-24,,Bully,https://www.imdb.com/title/tt0242193/,movie,6.9,108,2001,"Biography, Crime, Drama",39004,2001-01-01,Larry Clark,,
950,tt0274558,2023-01-24,2023-01-24,,The Hours,https://www.imdb.com/title/tt0274558/,movie,7.5,110,2002,"Drama, Romance",133594,2002-12-15,Stephen Daldry,,
951,tt0120324,2023-01-24,2023-01-24,,A Simple Plan,https://www.imdb.com/title/tt0120324/,movie,7.5,121,1998,"Crime, Drama, Thriller",71954,1998-09-12,Sam Raimi,,
952,tt0116225,2023-01-24,2023-01-24,,Escape from L.A.,https://www.imdb.com/title/tt0116225/,movie,5.7,101,1996,"Action, Adventure, Sci-Fi, Thriller",76561,1996-08-09,John Carpenter,,
953,tt0119468,2023-01-24,2023-01-24,,Kiss the Girls,https://www.imdb.com/title/tt0119468/,movie,6.6,115,1997,"Crime, Drama, Mystery, Thriller",75897,1997-09-10,Gary Fleder,,
954,tt0104009,2023-01-24,2023-01-24,,Cool World,https://www.imdb.com/title/tt0104009/,movie,4.8,102,1992,"Animation, Comedy, Fantasy",23708,1992-07-10,Ralph Bakshi,,
955,tt0112715,2023-01-24,2023-01-24,,Congo,https://www.imdb.com/title/tt0112715/,movie,5.3,109,1995,"Action, Adventure, Mystery, Sci-Fi",46563,1995-06-09,Frank Marshall,,
956,tt0106598,2023-01-24,2023-01-24,,Coneheads,https://www.imdb.com/title/tt0106598/,movie,5.4,88,1993,"Comedy, Sci-Fi",55449,1993-07-23,Steve Barron,,
957,tt0119951,2023-01-24,2023-01-24,,Private Parts,https://www.imdb.com/title/tt0119951/,movie,6.9,109,1997,"Biography, Comedy, Drama",37956,1997-03-07,Betty Thomas,,
958,tt0120770,2023-01-24,2023-01-24,,A Night at the Roxbury,https://www.imdb.com/title/tt0120770/,movie,6.2,82,1998,"Comedy, Music, Romance",61798,1998-10-01,John Fortenberry,,
959,tt0126886,2023-01-24,2023-01-24,,Election,https://www.imdb.com/title/tt0126886/,movie,7.3,103,1999,"Comedy, Romance",98769,1999-04-23,Alexander Payne,,
960,tt0158983,2023-01-24,2023-01-24,,"South Park: Bigger, Longer & Uncut",https://www.imdb.com/title/tt0158983/,movie,7.7,81,1999,"Animation, Comedy, Fantasy, Musical",207082,1999-06-17,Trey Parker,,
961,tt0116313,2023-01-24,2023-01-24,,The First Wives Club,https://www.imdb.com/title/tt0116313/,movie,6.4,103,1996,Comedy,50680,1996-09-20,Hugh Wilson,,
962,tt0105698,2023-01-24,2023-01-24,,Universal Soldier,https://www.imdb.com/title/tt0105698/,movie,6.1,102,1992,"Action, Sci-Fi",91554,1992-07-07,Roland Emmerich,,
963,tt0300556,2023-01-24,2023-01-24,,Timeline,https://www.imdb.com/title/tt0300556/,movie,5.6,116,2003,"Action, Adventure, Sci-Fi, War",64009,2003-11-19,Richard Donner,,
964,tt0114319,2023-01-24,2023-01-24,,Sabrina,https://www.imdb.com/title/tt0114319/,movie,6.3,127,1995,"Comedy, Drama, Romance",42152,1995-12-15,Sydney Pollack,,
965,tt0120053,2023-01-24,2023-01-24,,The Saint,https://www.imdb.com/title/tt0120053/,movie,6.2,116,1997,"Action, Adventure, Romance, Sci-Fi, Thriller",69806,1997-04-03,Phillip Noyce,,
966,tt0120789,2023-01-24,2023-01-24,,Pleasantville,https://www.imdb.com/title/tt0120789/,movie,7.5,124,1998,"Comedy, Drama, Fantasy",131235,1998-09-17,Gary Ross,,
967,tt0109254,2023-01-24,2023-01-24,,Beverly Hills Cop III,https://www.imdb.com/title/tt0109254/,movie,5.5,104,1994,"Action, Comedy, Crime, Thriller",83293,1994-05-25,John Landis,,
968,tt0120632,2023-01-24,2023-01-24,,City of Angels,https://www.imdb.com/title/tt0120632/,movie,6.7,114,1998,"Drama, Fantasy, Romance",122658,1998-04-10,Brad Silberling,,
969,tt0265298,2023-01-24,2023-01-24,,Big Fat Liar,https://www.imdb.com/title/tt0265298/,movie,5.5,88,2002,"Adventure, Comedy, Family",38026,2002-02-02,Shawn Levy,,
970,tt0162650,2023-01-24,2023-01-24,,Shaft,https://www.imdb.com/title/tt0162650/,movie,6.0,99,2000,"Action, Crime, Thriller",78132,2000-06-16,John Singleton,,
971,tt0253754,2023-01-24,2023-01-24,,Star Trek: Nemesis,https://www.imdb.com/title/tt0253754/,movie,6.4,116,2002,"Action, Adventure, Sci-Fi, Thriller",80558,2002-12-09,Stuart Baird,,
972,tt0117731,2023-01-24,2023-01-24,,Star Trek: First Contact,https://www.imdb.com/title/tt0117731/,movie,7.6,111,1996,"Action, Adventure, Drama, Sci-Fi, Thriller",127061,1996-11-18,Jonathan Frakes,,
973,tt0117894,2023-01-24,2023-01-24,,Thinner,https://www.imdb.com/title/tt0117894/,movie,5.8,93,1996,"Fantasy, Horror",31747,1996-10-25,Tom Holland,,
974,tt0103939,2023-01-24,2023-01-24,,Chaplin,https://www.imdb.com/title/tt0103939/,movie,7.5,143,1992,"Biography, Comedy, Drama",58825,1992-12-16,Richard Attenborough,,
975,tt0120784,2023-01-24,2023-01-24,,Payback,https://www.imdb.com/title/tt0120784/,movie,7.1,100,1999,"Action, Crime, Drama, Thriller",140357,1999-02-05,Brian Helgeland,,
976,tt0112818,2023-01-24,2023-01-24,,Dead Man Walking,https://www.imdb.com/title/tt0112818/,movie,7.5,122,1995,"Crime, Drama",96892,1995-12-29,Tim Robbins,,
977,tt0325703,2023-01-24,2023-01-24,,Lara Croft Tomb Raider: The Cradle of Life,https://www.imdb.com/title/tt0325703/,movie,5.5,117,2003,"Action, Adventure, Fantasy",140287,2003-07-21,Jan de Bont,,
978,tt0264935,2023-01-24,2023-01-24,,Murder by Numbers,https://www.imdb.com/title/tt0264935/,movie,6.1,115,2002,"Crime, Mystery, Thriller",59159,2002-04-19,Barbet Schroeder,,
979,tt0119215,2023-01-24,2023-01-24,,Good Burger,https://www.imdb.com/title/tt0119215/,movie,5.7,95,1997,"Comedy, Family",29899,1997-07-21,Brian Robbins,,
980,tt0116409,2023-01-24,2023-01-24,,The Ghost and the Darkness,https://www.imdb.com/title/tt0116409/,movie,6.8,110,1996,"Adventure, Drama, Thriller",63341,1996-10-03,Stephen Hopkins,,
981,tt0111280,2023-01-24,2023-01-24,,Star Trek: Generations,https://www.imdb.com/title/tt0111280/,movie,6.6,118,1994,"Action, Adventure, Mystery, Sci-Fi, Thriller",83308,1994-11-17,David Carson,,
982,tt0114857,2023-01-24,2023-01-24,,Virtuosity,https://www.imdb.com/title/tt0114857/,movie,5.5,106,1995,"Action, Crime, Sci-Fi, Thriller",30805,1995-08-04,Brett Leonard,,
983,tt0206275,2023-01-24,2023-01-24,,Save the Last Dance,https://www.imdb.com/title/tt0206275/,movie,6.2,112,2001,"Drama, Music, Romance",63458,2001-01-09,Thomas Carter,,
984,tt0113442,2023-01-24,2023-01-24,,It Takes Two,https://www.imdb.com/title/tt0113442/,movie,5.9,101,1995,"Comedy, Family, Romance",23478,1995-11-17,Andy Tennant,,
985,tt0117331,2023-01-24,2023-01-24,,The Phantom,https://www.imdb.com/title/tt0117331/,movie,5.0,100,1996,"Action, Adventure, Comedy, Fantasy",34607,1996-06-07,Simon Wincer,,
986,tt0144214,2023-01-24,2023-01-24,,The General's Daughter,https://www.imdb.com/title/tt0144214/,movie,6.4,116,1999,"Crime, Drama, Mystery, Thriller",60638,1999-06-15,Simon West,,
987,tt0119360,2023-01-24,2023-01-24,,In & Out,https://www.imdb.com/title/tt0119360/,movie,6.4,90,1997,"Comedy, Romance",42416,1997-09-10,Frank Oz,,
988,tt0120844,2023-01-24,2023-01-24,,Star Trek: Insurrection,https://www.imdb.com/title/tt0120844/,movie,6.4,103,1998,"Action, Adventure, Sci-Fi, Thriller",76343,1998-12-10,Jonathan Frakes,,
989,tt0231402,2023-01-24,2023-01-24,,Crocodile Dundee in Los Angeles,https://www.imdb.com/title/tt0231402/,movie,4.8,95,2001,"Action, Adventure, Comedy, Crime",25362,2001-04-12,Simon Wincer,,
990,tt0104573,2023-01-24,2023-01-24,,Juice,https://www.imdb.com/title/tt0104573/,movie,7.0,95,1992,"Action, Crime, Drama, Thriller",28005,1992-01-17,Ernest R. Dickerson,,
991,tt0210070,2023-01-24,2023-01-24,,Ginger Snaps,https://www.imdb.com/title/tt0210070/,movie,6.8,108,2000,"Drama, Fantasy, Horror, Thriller",48680,2000-08-01,John Fawcett,,
992,tt0120832,2023-01-24,2023-01-24,,Snake Eyes,https://www.imdb.com/title/tt0120832/,movie,6.1,98,1998,"Crime, Mystery, Thriller",83229,1998-07-30,Brian De Palma,,
993,tt0119594,2023-01-24,2023-01-24,,Twilight,https://www.imdb.com/title/tt0119594/,movie,6.2,94,1998,"Crime, Drama, Mystery, Thriller",13398,1998-03-06,Robert Benton,,
994,tt0273923,2023-01-24,2023-01-24,,Orange County,https://www.imdb.com/title/tt0273923/,movie,6.2,82,2002,"Comedy, Drama",50668,2002-01-07,Jake Kasdan,,
995,tt0103859,2023-01-24,2023-01-24,,Boomerang,https://www.imdb.com/title/tt0103859/,movie,5.6,117,1992,"Comedy, Drama, Romance",30095,1992-06-28,Reginald Hudlin,,
996,tt0163187,2023-01-24,2023-01-24,,Runaway Bride,https://www.imdb.com/title/tt0163187/,movie,5.6,116,1999,"Comedy, Romance",100246,1999-07-25,Garry Marshall,,
997,tt0269347,2023-01-24,2023-01-24,,The Hunted,https://www.imdb.com/title/tt0269347/,movie,6.0,94,2003,"Action, Crime, Drama, Thriller",48621,2003-03-11,William Friedkin,,
998,tt0115697,2023-01-24,2023-01-24,,Black Sheep,https://www.imdb.com/title/tt0115697/,movie,6.2,87,1996,Comedy,41758,1996-02-02,Penelope Spheeris,,
999,tt0104181,2023-01-24,2023-01-24,,Wuthering Heights,https://www.imdb.com/title/tt0104181/,movie,6.7,105,1992,"Drama, History, Romance",13766,1992-08-25,Peter Kosminsky,,
1000,tt0180734,2023-01-24,2023-01-24,,Hard Ball,https://www.imdb.com/title/tt0180734/,movie,6.4,106,2001,"Comedy, Drama, Sport",32044,2001-09-10,Brian Robbins,,
1001,tt0163988,2023-01-24,2023-01-24,,Bringing Out the Dead,https://www.imdb.com/title/tt0163988/,movie,6.8,121,1999,"Drama, Thriller",71574,1999-10-22,Martin Scorsese,,
1002,tt0108525,2023-01-24,2023-01-24,,Wayne's World 2,https://www.imdb.com/title/tt0108525/,movie,6.2,95,1993,"Comedy, Music",84275,1993-12-10,Stephen Surjik,,
1003,tt0264150,2023-01-24,2023-01-24,,View from the Top,https://www.imdb.com/title/tt0264150/,movie,5.3,87,2003,"Comedy, Romance",27584,2003-03-21,Bruno Barreto,,
1004,tt0120004,2023-01-24,2023-01-24,,The Relic,https://www.imdb.com/title/tt0120004/,movie,5.8,110,1997,"Horror, Mystery, Sci-Fi, Thriller",28516,1997-01-10,Peter Hyams,,
1005,tt0167427,2023-01-24,2023-01-24,,Superstar,https://www.imdb.com/title/tt0167427/,movie,5.2,81,1999,"Comedy, Romance",19659,1999-10-05,Bruce McCulloch,,
1006,tt0185014,2023-01-24,2023-01-24,,Wonder Boys,https://www.imdb.com/title/tt0185014/,movie,7.2,107,2000,"Comedy, Drama",65035,2000-02-22,Curtis Hanson,,
1007,tt0108327,2023-01-24,2023-01-24,,The Thing Called Love,https://www.imdb.com/title/tt0108327/,movie,6.4,116,1993,"Comedy, Drama, Music, Romance",8291,1993-08-27,Peter Bogdanovich,,
1008,tt0113451,2023-01-24,2023-01-24,,Jade,https://www.imdb.com/title/tt0113451/,movie,5.3,95,1995,"Crime, Drama, Thriller",13117,1995-09-30,William Friedkin,,
1009,tt0120696,2023-01-24,2023-01-24,,Hard Rain,https://www.imdb.com/title/tt0120696/,movie,5.9,97,1998,"Action, Crime, Drama, Thriller",36009,1998-01-16,Mikael Salomon,,
1010,tt0268397,2023-01-24,2023-01-24,,Jimmy Neutron: Boy Genius,https://www.imdb.com/title/tt0268397/,movie,6.0,82,2001,"Animation, Action, Adventure, Comedy, Family, Sci-Fi",35690,2001-06-22,John A. Davis,,
1011,tt0103594,2023-01-24,2023-01-24,,1492: Conquest of Paradise,https://www.imdb.com/title/tt0103594/,movie,6.4,154,1992,"Adventure, Biography, Drama, History",31081,1992-10-08,Ridley Scott,,
1012,tt0113691,2023-01-24,2023-01-24,,Losing Isaiah,https://www.imdb.com/title/tt0113691/,movie,6.4,111,1993,Drama,6260,1993-11-27,Stephen Gyllenhaal,,
1013,tt0160797,2023-01-24,2023-01-24,,Rules of Engagement,https://www.imdb.com/title/tt0160797/,movie,6.4,128,2000,"Drama, Thriller, War",48615,2000-04-07,William Friedkin,,
1014,tt0267626,2023-01-24,2023-01-24,,K-19: The Widowmaker,https://www.imdb.com/title/tt0267626/,movie,6.7,138,2002,"Drama, History, Thriller, War",64538,2002-07-19,Kathryn Bigelow,,
1015,tt0108065,2023-01-24,2023-01-24,,Searching for Bobby Fischer,https://www.imdb.com/title/tt0108065/,movie,7.4,109,1993,"Biography, Drama, Sport",40809,1993-08-11,Steven Zaillian,,
1016,tt0106770,2023-01-24,2023-01-24,,Dragon: The Bruce Lee Story,https://www.imdb.com/title/tt0106770/,movie,7.0,120,1993,"Action, Biography, Drama, Romance",31649,1993-05-07,Rob Cohen,,
1017,tt0113321,2023-01-24,2023-01-24,,Home for the Holidays,https://www.imdb.com/title/tt0113321/,movie,6.5,103,1995,"Comedy, Drama, Romance",13758,1995-11-03,Jodie Foster,,
1018,tt0120633,2023-01-24,2023-01-24,,A Civil Action,https://www.imdb.com/title/tt0120633/,movie,6.6,115,1998,Drama,29879,1998-12-25,Steven Zaillian,,
1019,tt0161100,2023-01-24,2023-01-24,,The Wood,https://www.imdb.com/title/tt0161100/,movie,7.0,106,1999,"Comedy, Drama, Romance",9677,1999-07-14,Rick Famuyiwa,,
1020,tt0118073,2023-01-24,2023-01-24,,A Very Brady Sequel,https://www.imdb.com/title/tt0118073/,movie,5.8,90,1996,Comedy,11226,1996-08-23,Arlene Sanford,,
1021,tt0240510,2023-01-24,2023-01-24,,The Four Feathers,https://www.imdb.com/title/tt0240510/,movie,6.5,132,2002,"Action, Adventure, Drama, Romance, War",34639,2002-09-08,Shekhar Kapur,,
1022,tt0113972,2023-01-24,2023-01-24,,Nick of Time,https://www.imdb.com/title/tt0113972/,movie,6.3,90,1995,"Action, Crime, Drama, Thriller",43484,1995-11-22,John Badham,,
1023,tt0261289,2023-01-24,2023-01-24,,Serving Sara,https://www.imdb.com/title/tt0261289/,movie,5.3,102,2002,"Comedy, Romance",18002,2002-08-20,Reginald Hudlin,,
1024,tt0137338,2023-01-24,2023-01-24,,200 Cigarettes,https://www.imdb.com/title/tt0137338/,movie,5.9,101,1999,"Comedy, Drama, Romance",15833,1999-02-26,Risa Bramon Garcia,,
1025,tt0231775,2023-01-24,2023-01-24,,Down to Earth,https://www.imdb.com/title/tt0231775/,movie,5.4,87,2001,"Comedy, Fantasy",24181,2001-02-12,"Paul Weitz, Chris Weitz",,
1026,tt0157472,2023-01-24,2023-01-24,,Clockstoppers,https://www.imdb.com/title/tt0157472/,movie,5.2,94,2002,"Action, Adventure, Comedy, Sci-Fi, Thriller",14602,2002-03-17,Jonathan Frakes,,
1027,tt0105128,2023-01-24,2023-01-24,,Pet Sematary II,https://www.imdb.com/title/tt0105128/,movie,4.9,100,1992,"Fantasy, Horror, Thriller",21980,1992-08-28,Mary Lambert,,
1028,tt0116493,2023-01-24,2023-01-24,,Harriet the Spy,https://www.imdb.com/title/tt0116493/,movie,5.9,100,1996,"Comedy, Drama, Family",10541,1996-07-10,Bronwen Hughes,,
1029,tt0264472,2023-01-24,2023-01-24,,Changing Lanes,https://www.imdb.com/title/tt0264472/,movie,6.5,98,2002,"Drama, Thriller",72624,2002-04-07,Roger Michell,,
1030,tt0103978,2023-01-24,2023-01-24,,Class Act,https://www.imdb.com/title/tt0103978/,movie,6.0,98,1992,Comedy,7791,1992-06-05,Randall Miller,,
1031,tt0104670,2023-01-24,2023-01-24,,Ladybugs,https://www.imdb.com/title/tt0104670/,movie,5.4,90,1992,"Comedy, Sport",10044,1992-03-27,Sidney J. Furie,,
1032,tt0112438,2023-01-24,2023-01-24,,The Babysitter,https://www.imdb.com/title/tt0112438/,movie,4.3,90,1995,"Drama, Thriller",5601,1995-10-17,Guy Ferland,,
1033,tt0134067,2023-01-24,2023-01-24,,The Rugrats Movie,https://www.imdb.com/title/tt0134067/,movie,5.9,79,1998,"Animation, Adventure, Comedy, Drama, Family, Musical",19808,1998-11-08,"Norton Virgien, Igor Kovalyov",,
1034,tt0119210,2023-01-24,2023-01-24,,Switchback,https://www.imdb.com/title/tt0119210/,movie,6.4,118,1997,"Crime, Mystery, Thriller",14507,1997-10-31,Jeb Stuart,,
1035,tt0114825,2023-01-24,2023-01-24,,Vampire in Brooklyn,https://www.imdb.com/title/tt0114825/,movie,4.6,100,1995,"Comedy, Fantasy, Horror, Romance",24057,1995-10-27,Wes Craven,,
1036,tt0291341,2023-01-24,2023-01-24,,Mean Machine,https://www.imdb.com/title/tt0291341/,movie,6.4,99,2001,"Comedy, Crime, Drama, Sport",40225,2001-12-26,Barry Skolnick,,
1037,tt0109305,2023-01-24,2023-01-24,,Blue Chips,https://www.imdb.com/title/tt0109305/,movie,6.2,108,1994,"Drama, Sport",14225,1994-02-18,William Friedkin,,
1038,tt0118301,2023-01-24,2023-01-24,,Dead Man on Campus,https://www.imdb.com/title/tt0118301/,movie,6.0,96,1998,Comedy,15953,1998-08-01,Alan Cohn,,
1039,tt0129280,2023-01-24,2023-01-24,,The Out-of-Towners,https://www.imdb.com/title/tt0129280/,movie,5.5,90,1999,Comedy,14417,1999-04-02,Sam Weisman,,
1040,tt0213790,2023-01-24,2023-01-24,,The Ladies Man,https://www.imdb.com/title/tt0213790/,movie,5.2,84,2000,Comedy,13419,2000-10-10,Reginald Hudlin,,
1041,tt0118691,2023-01-24,2023-01-24,,The Beautician and the Beast,https://www.imdb.com/title/tt0118691/,movie,5.4,105,1997,"Comedy, Romance",9553,1997-02-07,Ken Kwapis,,
1042,tt0115641,2023-01-24,2023-01-24,,Beavis and Butt-Head Do America,https://www.imdb.com/title/tt0115641/,movie,6.8,81,1996,"Animation, Adventure, Comedy, Crime, Music",58285,1996-12-15,"Mike de Seve, Brian Mulroney, Yvette Kaplan, Mike Judge",,
1043,tt0110146,2023-01-24,2023-01-24,,Intersection,https://www.imdb.com/title/tt0110146/,movie,5.3,98,1994,"Drama, Romance",8673,1994-01-14,Mark Rydell,,
1044,tt0119644,2023-01-24,2023-01-24,,Meet Wally Sparks,https://www.imdb.com/title/tt0119644/,movie,5.2,105,1997,Comedy,3657,1997-01-16,Peter Baldwin,,
1045,tt0104549,2023-01-24,2023-01-24,,Jennifer Eight,https://www.imdb.com/title/tt0104549/,movie,6.3,124,1992,"Crime, Drama, Mystery, Thriller",17443,1992-11-06,Bruce Robinson,,
1046,tt0258038,2023-01-24,2023-01-24,,Pootie Tang,https://www.imdb.com/title/tt0258038/,movie,5.2,81,2001,"Action, Adventure, Comedy, Musical",14591,2001-06-29,Louis C.K.,,
1047,tt0109120,2023-01-24,2023-01-24,,Andre,https://www.imdb.com/title/tt0109120/,movie,5.7,95,1994,"Adventure, Drama, Family",6975,1994-08-17,George Miller,,
1048,tt0110516,2023-01-24,2023-01-24,,Milk Money,https://www.imdb.com/title/tt0110516/,movie,5.6,110,1994,"Comedy, Romance",12483,1994-08-31,Richard Benjamin,,
1049,tt0280778,2023-01-24,2023-01-24,,Iris,https://www.imdb.com/title/tt0280778/,movie,7.0,91,2001,"Biography, Drama, Romance",18578,2001-12-14,Richard Eyre,,
1050,tt0106926,2023-01-24,2023-01-24,,Flesh and Bone,https://www.imdb.com/title/tt0106926/,movie,6.2,126,1993,"Drama, Mystery, Romance",5915,1993-11-05,Steve Kloves,,
1051,tt0119942,2023-01-24,2023-01-24,,Primary Colors,https://www.imdb.com/title/tt0119942/,movie,6.7,143,1998,"Comedy, Drama",29331,1998-03-20,Mike Nichols,,
1052,tt0294357,2023-01-24,2023-01-24,,Beyond Borders,https://www.imdb.com/title/tt0294357/,movie,6.4,127,2003,"Adventure, Drama, Romance, War",28593,2003-10-24,Martin Campbell,,
1053,tt0284490,2023-01-24,2023-01-24,,Showtime,https://www.imdb.com/title/tt0284490/,movie,5.5,95,2002,"Action, Comedy, Crime",63711,2002-03-11,Tom Dey,,
1054,tt0213203,2023-01-24,2023-01-24,,Rugrats in Paris: The Movie - Rugrats II,https://www.imdb.com/title/tt0213203/,movie,6.1,78,2000,"Animation, Adventure, Comedy, Family, Romance",12937,2000-11-05,"Paul Demeyer, Stig Bergqvist",,
1055,tt0109661,2023-01-24,2023-01-24,,Dragonworld,https://www.imdb.com/title/tt0109661/,movie,5.4,86,1994,"Adventure, Family, Fantasy",619,1994-07-27,Ted Nicolaou,,
1056,tt0109676,2023-01-24,2023-01-24,,Drop Zone,https://www.imdb.com/title/tt0109676/,movie,5.6,101,1994,"Action, Adventure, Thriller",20881,1994-12-09,John Badham,,
1057,tt0215545,2023-01-24,2023-01-24,,Bamboozled,https://www.imdb.com/title/tt0215545/,movie,6.6,135,2000,"Comedy, Drama, Music",11813,2000-09-18,Spike Lee,,
1058,tt0110099,2023-01-24,2023-01-24,,I.Q.,https://www.imdb.com/title/tt0110099/,movie,6.2,100,1994,"Comedy, Romance",25814,1994-12-25,Fred Schepisi,,
1059,tt0103783,2023-01-24,2023-01-24,,Bebe's Kids,https://www.imdb.com/title/tt0103783/,movie,5.8,70,1992,"Animation, Comedy, Fantasy, Musical",5293,1992-07-31,Bruce W. Smith,,
1060,tt0249478,2023-01-24,2023-01-24,,Domestic Disturbance,https://www.imdb.com/title/tt0249478/,movie,5.6,89,2001,"Crime, Thriller",27830,2001-10-30,Harold Becker,,
1061,tt0191133,2023-01-24,2023-01-24,,The Fighting Temptations,https://www.imdb.com/title/tt0191133/,movie,5.5,123,2003,"Comedy, Drama, Music, Romance",7330,2003-09-17,Jonathan Lynn,,
1062,tt0119095,2023-01-24,2023-01-24,,FairyTale: A True Story,https://www.imdb.com/title/tt0119095/,movie,6.5,99,1997,"Drama, Family, Fantasy, Mystery",6104,1997-09-11,Charles Sturridge,,
1063,tt0282120,2023-01-24,2023-01-24,,The Wild Thornberrys Movie,https://www.imdb.com/title/tt0282120/,movie,5.6,85,2002,"Animation, Adventure, Comedy, Family, Fantasy",14892,2002-09-08,"Jeff McGrath, Cathy Malkasian",,
1064,tt0116353,2023-01-24,2023-01-24,,Foxfire,https://www.imdb.com/title/tt0116353/,movie,6.1,102,1996,"Drama, Romance",9445,1996-08-23,Annette Haywood-Carter,,
1065,tt0119783,2023-01-24,2023-01-24,,Night Falls on Manhattan,https://www.imdb.com/title/tt0119783/,movie,6.6,113,1996,"Crime, Drama, Thriller",8268,1996-10-22,Sidney Lumet,,
1066,tt0120773,2023-01-24,2023-01-24,,The Odd Couple II,https://www.imdb.com/title/tt0120773/,movie,6.4,97,1998,"Adventure, Comedy",10289,1998-04-10,Howard Deutch,,
1067,tt0120788,2023-01-24,2023-01-24,,Permanent Midnight,https://www.imdb.com/title/tt0120788/,movie,6.2,88,1998,"Biography, Drama, Romance",7665,1998-09-12,David Veloz,,
1068,tt0125971,2023-01-24,2023-01-24,,Outside Providence,https://www.imdb.com/title/tt0125971/,movie,6.4,96,1999,"Comedy, Drama, Romance",9042,1999-08-16,Michael Corrente,,
1069,tt0119987,2023-01-24,2023-01-24,,The Real Blonde,https://www.imdb.com/title/tt0119987/,movie,6.0,105,1997,"Comedy, Drama, Romance",4210,1997-09-14,Tom DiCillo,,
1070,tt0110305,2023-01-24,2023-01-24,,Lassie,https://www.imdb.com/title/tt0110305/,movie,5.8,94,1994,"Family, Adventure",6392,1994-07-22,Daniel Petrie,,
1071,tt0337711,2023-01-24,2023-01-24,,Rugrats Go Wild,https://www.imdb.com/title/tt0337711/,movie,5.5,81,2003,"Animation, Adventure, Comedy, Family, Fantasy, Musical",8553,2003-06-01,"Norton Virgien, John Eng, Priit Pärn",,
1072,tt0134630,2023-01-24,2023-01-24,,Duets,https://www.imdb.com/title/tt0134630/,movie,6.1,112,2000,"Comedy, Drama, Music, Romance",9743,2000-09-09,Bruce Paltrow,,
1073,tt0280477,2023-01-24,2023-01-24,,Better Luck Tomorrow,https://www.imdb.com/title/tt0280477/,movie,7.0,101,2002,"Crime, Drama, Romance",10056,2002-01-12,Justin Lin,,
1074,tt0107863,2023-01-24,2023-01-24,,Posse,https://www.imdb.com/title/tt0107863/,movie,5.5,111,1993,Western,4641,1993-04-27,Mario Van Peebles,,
1075,tt0109340,2023-01-24,2023-01-24,,The Browning Version,https://www.imdb.com/title/tt0109340/,movie,7.2,97,1994,Drama,3446,1994-06-08,Mike Figgis,,
1076,tt0116059,2023-01-24,2023-01-24,,Dear God,https://www.imdb.com/title/tt0116059/,movie,5.4,112,1996,Comedy,4093,1996-11-01,Garry Marshall,,
1077,tt0267248,2023-01-24,2023-01-24,,Abandon,https://www.imdb.com/title/tt0267248/,movie,4.8,99,2002,"Drama, Mystery, Romance, Thriller",9907,2002-03-01,Stephen Gaghan,,
1078,tt0163983,2023-01-24,2023-01-24,,Bless the Child,https://www.imdb.com/title/tt0163983/,movie,5.1,107,2000,"Crime, Drama, Horror, Thriller",14877,2000-08-11,Chuck Russell,,
1079,tt0280720,2023-01-24,2023-01-24,,The Guru,https://www.imdb.com/title/tt0280720/,movie,5.4,94,2002,"Comedy, Music, Romance",15309,2002-08-21,Daisy von Scherler Mayer,,
1080,tt0113748,2023-01-24,2023-01-24,,Malicious,https://www.imdb.com/title/tt0113748/,movie,5.0,92,1995,"Drama, Thriller",1361,1995-10-31,Ian Corson,,
1081,tt0314166,2023-01-24,2023-01-24,,Hey Arnold! The Movie,https://www.imdb.com/title/tt0314166/,movie,5.9,76,2002,"Animation, Adventure, Comedy, Family",7454,2002-05-31,Tuck Tucker,,
1082,tt0219952,2023-01-24,2023-01-24,,Lucky Numbers,https://www.imdb.com/title/tt0219952/,movie,5.1,105,2000,"Comedy, Crime",10642,2000-10-24,Nora Ephron,,
1083,tt0107870,2023-01-24,2023-01-24,,Prehysteria!,https://www.imdb.com/title/tt0107870/,movie,4.6,84,1993,"Adventure, Comedy, Family, Fantasy, Sci-Fi",2020,1993-06-30,"Albert Band, Charles Band",,
1084,tt0156841,2023-01-24,2023-01-24,,The Next Best Thing,https://www.imdb.com/title/tt0156841/,movie,4.6,108,2000,"Comedy, Drama, Romance",11430,2000-03-03,John Schlesinger,,
1085,tt0108311,2023-01-24,2023-01-24,,The Temp,https://www.imdb.com/title/tt0108311/,movie,5.3,96,1993,"Drama, Thriller",3399,1993-02-12,Tom Holland,,
1086,tt0258816,2023-01-24,2023-01-24,,The Reckoning,https://www.imdb.com/title/tt0258816/,movie,6.5,112,2002,"Crime, Drama, Mystery",6150,2003-08-06,Paul McGuigan,,
1087,tt0162973,2023-01-24,2023-01-24,,Get Real,https://www.imdb.com/title/tt0162973/,movie,7.5,108,1998,"Comedy, Drama, Romance",14257,1998-08-31,Simon Shore,,
1088,tt0266747,2023-01-24,2023-01-24,,Marci X,https://www.imdb.com/title/tt0266747/,movie,2.9,84,2003,"Comedy, Music",5402,2003-08-22,Richard Benjamin,,
1089,tt0116768,2023-01-24,2023-01-24,,Kids in the Hall: Brain Candy,https://www.imdb.com/title/tt0116768/,movie,6.9,89,1996,Comedy,9239,1996-04-12,Kelly Makin,,
1090,tt0103872,2023-01-24,2023-01-24,,Brain Donors,https://www.imdb.com/title/tt0103872/,movie,6.9,80,1992,Comedy,4462,1992-04-17,Dennis Dugan,,
1091,tt0117091,2023-01-24,2023-01-24,,Mother,https://www.imdb.com/title/tt0117091/,movie,6.9,104,1996,"Comedy, Drama",6414,1996-09-07,Albert Brooks,,
1092,tt0120107,2023-01-24,2023-01-24,,Shadow Conspiracy,https://www.imdb.com/title/tt0120107/,movie,4.9,103,1997,"Action, Thriller",5027,1997-01-25,George P. Cosmatos,,
1093,tt0283160,2023-01-24,2023-01-24,,Extreme Ops,https://www.imdb.com/title/tt0283160/,movie,4.4,93,2002,"Action, Adventure, Thriller",5578,2002-11-27,Christian Duguay,,
1094,tt0221799,2023-01-24,2023-01-24,,An American Rhapsody,https://www.imdb.com/title/tt0221799/,movie,6.7,106,2001,Drama,4446,2001-06-20,Éva Gárdos,,
1095,tt0105811,2023-01-24,2023-01-24,,Whispers in the Dark,https://www.imdb.com/title/tt0105811/,movie,5.6,103,1992,"Drama, Mystery, Thriller",2297,1992-08-07,Christopher Crowe,,
1096,tt0118523,2023-01-24,2023-01-24,,'Til There Was You,https://www.imdb.com/title/tt0118523/,movie,4.8,113,1997,"Romance, Comedy",2918,1997-05-30,Scott Winant,,
1097,tt0107979,2023-01-24,2023-01-24,,Robot Wars,https://www.imdb.com/title/tt0107979/,movie,3.9,72,1993,"Action, Sci-Fi",1373,1993-04-28,Albert Band,,
1098,tt0110818,2023-01-24,2023-01-24,,Pet Shop,https://www.imdb.com/title/tt0110818/,movie,4.3,87,1994,"Comedy, Family, Sci-Fi",474,1994-12-23,Hope Perello,,
1099,tt0114571,2023-01-24,2023-01-24,,Stuart Saves His Family,https://www.imdb.com/title/tt0114571/,movie,5.3,95,1995,"Comedy, Drama",2874,1995-04-12,Harold Ramis,,
1100,tt0105573,2023-01-24,2023-01-24,,There Goes the Neighborhood,https://www.imdb.com/title/tt0105573/,movie,5.8,88,1992,"Comedy, Crime, Romance",1192,1992-10-23,Bill Phillips,,
1101,tt0109494,2023-01-24,2023-01-24,,Crackerjack,https://www.imdb.com/title/tt0109494/,movie,4.5,96,1994,"Action, Thriller",814,1994-07-29,Michael Mazo,,
1102,tt0114957,2023-01-24,2023-01-24,,Witchboard III: The Possession,https://www.imdb.com/title/tt0114957/,movie,4.2,93,1995,Horror,824,1995-11-02,Peter Svatek,,
1103,tt0119052,2023-01-24,2023-01-24,,The Education of Little Tree,https://www.imdb.com/title/tt0119052/,movie,7.1,116,1997,Drama,1754,1997-12-25,Richard Friedenberg,,
1104,tt0109227,2023-01-24,2023-01-24,,Beanstalk,https://www.imdb.com/title/tt0109227/,movie,4.8,78,1994,"Comedy, Family, Fantasy",390,1994-12-21,Michael Davis,,
1105,tt0119465,2023-01-24,2023-01-24,,"Kiss Me, Guido",https://www.imdb.com/title/tt0119465/,movie,6.1,86,1997,Comedy,2057,1997-06-26,Tony Vitale,,
1106,tt0271882,2023-01-24,2023-01-24,,You Stupid Man,https://www.imdb.com/title/tt0271882/,movie,5.7,95,2002,"Comedy, Romance",2553,2002-10-18,Brian Burns,,
1107,tt0106464,2023-01-24,2023-01-24,,Bopha!,https://www.imdb.com/title/tt0106464/,movie,6.5,120,1993,Drama,981,1993-09-17,Morgan Freeman,,
1108,tt0108360,2023-01-24,2023-01-24,,Tomcat: Dangerous Desires,https://www.imdb.com/title/tt0108360/,movie,3.8,85,1993,"Horror, Thriller",312,1993-08-11,Paul Donovan,,
1109,tt0293854,2023-01-24,2023-01-24,,The Little Bear Movie,https://www.imdb.com/title/tt0293854/,movie,6.6,75,2000,"Animation, Adventure, Family, Fantasy",318,2000-12-31,Raymond Jafelice,,
1110,tt0110867,2023-01-24,2023-01-24,,Pontiac Moon,https://www.imdb.com/title/tt0110867/,movie,5.6,108,1994,Drama,791,1994-11-04,Peter Medak,,
1111,tt0246134,2023-01-24,2023-01-24,,Lucky Break,https://www.imdb.com/title/tt0246134/,movie,6.2,107,2001,"Comedy, Crime, Romance",2239,2001-08-14,Peter Cattaneo,,
1112,tt0166321,2023-01-24,2023-01-24,,The Real Macaw,https://www.imdb.com/title/tt0166321/,movie,5.4,91,1998,"Family, Adventure",512,1998-09-17,Mario Andreacchio,,
1113,tt0202314,2023-01-24,2023-01-24,,Deep Core,https://www.imdb.com/title/tt0202314/,movie,3.1,80,2000,"Action, Sci-Fi, Thriller",1305,2000-06-14,Rodney McDonald,,
1114,tt0171698,2023-01-24,2023-01-24,,Rites of Passage,https://www.imdb.com/title/tt0171698/,movie,6.0,95,1999,"Crime, Drama, Mystery, Thriller",1273,1999-10-27,Victor Salva,,
1115,tt0115927,2023-01-24,2023-01-24,,Commandments,https://www.imdb.com/title/tt0115927/,movie,5.5,88,1997,"Comedy, Drama, Romance",1710,1997-05-02,Daniel Taplitz,,
1116,tt0120151,2023-01-24,2023-01-24,,A Smile Like Yours,https://www.imdb.com/title/tt0120151/,movie,4.8,98,1997,"Comedy, Romance",1498,1997-08-22,Keith Samples,,
1117,tt0104816,2023-01-24,2023-01-24,,El marido perfecto,https://www.imdb.com/title/tt0104816/,movie,5.9,89,1993,Drama,194,1993-06-02,Beda Docampo Feijóo,,
1118,tt0219640,2023-01-24,2023-01-24,,Daybreak,https://www.imdb.com/title/tt0219640/,movie,4.1,94,2000,"Action, Adventure, Drama, Thriller",399,2000-12-19,Jean Pellerin,,
1119,tt0113624,2023-01-24,2023-01-24,,Leapin' Leprechauns!,https://www.imdb.com/title/tt0113624/,movie,4.6,84,1995,"Family, Fantasy, Horror",273,1995-07-26,Ted Nicolaou,,
1120,tt0168805,2023-01-24,2023-01-24,,Four Days,https://www.imdb.com/title/tt0168805/,movie,5.5,92,1999,Drama,351,1999-09-12,Curtis Wehrfritz,,
1121,tt0400446,2023-01-24,2023-01-24,,Frankie and Johnny Are Married,https://www.imdb.com/title/tt0400446/,movie,6.0,95,2003,Comedy,238,2003-09-04,Michael Pressman,,
1122,tt0159379,2023-01-24,2023-01-24,,The Criminal,https://www.imdb.com/title/tt0159379/,movie,5.5,99,1999,"Action, Drama",367,1999-10-31,Julian Simpson,,
1123,tt0144084,2023-01-24,2023-01-24,,American Psycho,https://www.imdb.com/title/tt0144084/,movie,7.6,102,2000,"Crime, Drama, Horror",634267,2000-01-21,Mary Harron,,
1124,tt0120616,2023-01-24,2023-01-24,,The Mummy,https://www.imdb.com/title/tt0120616/,movie,7.1,124,1999,"Action, Adventure, Fantasy",436151,1999-04-16,Stephen Sommers,,
1125,tt0163651,2023-01-24,2023-01-24,,American Pie,https://www.imdb.com/title/tt0163651/,movie,7.0,95,1999,Comedy,412423,1999-07-07,"Paul Weitz, Chris Weitz",,
1126,tt0107290,2023-01-24,2023-01-24,,Jurassic Park,https://www.imdb.com/title/tt0107290/,movie,8.2,127,1993,"Action, Adventure, Sci-Fi, Thriller",997137,1993-06-09,Steven Spielberg,,
1127,tt0106677,2023-01-24,2023-01-24,,Dazed and Confused,https://www.imdb.com/title/tt0106677/,movie,7.6,103,1993,Comedy,187201,1993-06-04,Richard Linklater,,
1128,tt0108052,2023-01-24,2023-01-24,,Schindler's List,https://www.imdb.com/title/tt0108052/,movie,9.0,195,1993,"Biography, Drama, History",1364041,1993-11-30,Steven Spielberg,,
1129,tt0180093,2023-01-24,2023-01-24,,Requiem for a Dream,https://www.imdb.com/title/tt0180093/,movie,8.3,102,2000,Drama,848948,2000-05-14,Darren Aronofsky,,
1130,tt0120689,2023-01-24,2023-01-24,,The Green Mile,https://www.imdb.com/title/tt0120689/,movie,8.6,189,1999,"Crime, Drama, Fantasy, Mystery",1311461,1999-12-06,Frank Darabont,,
1131,tt0166924,2023-01-24,2023-01-24,,Mulholland Dr.,https://www.imdb.com/title/tt0166924/,movie,7.9,147,2001,"Drama, Mystery, Thriller",361276,2001-05-16,David Lynch,,
1132,tt0118715,2023-01-24,2023-01-24,,The Big Lebowski,https://www.imdb.com/title/tt0118715/,movie,8.1,117,1998,"Comedy, Crime",815320,1998-01-18,"Joel Coen, Ethan Coen",,
1133,tt0117951,2023-01-24,2023-01-24,,Trainspotting,https://www.imdb.com/title/tt0117951/,movie,8.1,93,1996,Drama,692533,1996-02-23,Danny Boyle,,
1134,tt0123964,2023-01-24,2023-01-24,,Life,https://www.imdb.com/title/tt0123964/,movie,6.8,108,1999,"Comedy, Crime, Drama",51973,1999-04-13,Ted Demme,,
1135,tt0247425,2023-01-24,2023-01-24,,In the Bedroom,https://www.imdb.com/title/tt0247425/,movie,7.4,131,2001,"Crime, Drama",40444,2001-01-19,Todd Field,,
1136,tt0253474,2023-01-24,2023-01-24,,The Pianist,https://www.imdb.com/title/tt0253474/,movie,8.5,150,2002,"Biography, Drama, Music, War",839388,2002-05-24,Roman Polanski,,
1137,tt0232500,2023-01-24,2023-01-24,,The Fast and the Furious,https://www.imdb.com/title/tt0232500/,movie,6.8,106,2001,"Action, Crime, Thriller",390613,2001-06-18,Rob Cohen,,
1138,tt0125439,2023-01-24,2023-01-24,,Notting Hill,https://www.imdb.com/title/tt0125439/,movie,7.2,124,1999,"Comedy, Drama, Romance",318887,1999-04-27,Roger Michell,,
1139,tt0110366,2023-01-24,2023-01-24,,The Little Rascals,https://www.imdb.com/title/tt0110366/,movie,6.3,82,1994,"Comedy, Family, Romance",51732,1994-08-05,Penelope Spheeris,,
1140,tt0113497,2023-01-24,2023-01-24,,Jumanji,https://www.imdb.com/title/tt0113497/,movie,7.0,104,1995,"Adventure, Comedy, Family, Fantasy",352117,1995-12-15,Joe Johnston,,
1141,tt0209163,2023-01-24,2023-01-24,,The Mummy Returns,https://www.imdb.com/title/tt0209163/,movie,6.4,130,2001,"Action, Adventure, Fantasy, Thriller",330187,2001-04-29,Stephen Sommers,,
1142,tt0112641,2023-01-24,2023-01-24,,Casino,https://www.imdb.com/title/tt0112641/,movie,8.2,178,1995,"Crime, Drama",525675,1995-11-14,Martin Scorsese,,
1143,tt0322259,2023-01-24,2023-01-24,,2 Fast 2 Furious,https://www.imdb.com/title/tt0322259/,movie,5.9,107,2003,"Action, Crime, Thriller",277894,2003-06-03,John Singleton,,
1144,tt0298203,2023-01-24,2023-01-24,,8 Mile,https://www.imdb.com/title/tt0298203/,movie,7.2,110,2002,"Drama, Music",295782,2002-09-08,Curtis Hanson,,
1145,tt0117665,2023-01-24,2023-01-24,,Sleepers,https://www.imdb.com/title/tt0117665/,movie,7.5,147,1996,"Crime, Drama, Thriller",226918,1996-08-28,Barry Levinson,,
1146,tt0190590,2023-01-24,2023-01-24,,"O Brother, Where Art Thou?",https://www.imdb.com/title/tt0190590/,movie,7.7,107,2000,"Adventure, Comedy, Crime, Music",316526,2000-05-13,"Joel Coen, Ethan Coen",,
1147,tt0119567,2023-01-24,2023-01-24,,The Lost World: Jurassic Park,https://www.imdb.com/title/tt0119567/,movie,6.5,129,1997,"Action, Adventure, Sci-Fi",422973,1997-05-19,Steven Spielberg,,
1148,tt0335266,2023-01-24,2023-01-24,,Lost in Translation,https://www.imdb.com/title/tt0335266/,movie,7.7,102,2003,"Comedy, Drama",460507,2003-08-29,Sofia Coppola,,
1149,tt0119643,2023-01-24,2023-01-24,,Meet Joe Black,https://www.imdb.com/title/tt0119643/,movie,7.2,178,1998,"Drama, Fantasy, Romance",246753,1998-11-02,Martin Brest,,
1150,tt0258463,2023-01-24,2023-01-24,,The Bourne Identity,https://www.imdb.com/title/tt0258463/,movie,7.9,119,2002,"Action, Mystery, Thriller",551956,2002-06-06,Doug Liman,,
1151,tt0119528,2023-01-24,2023-01-24,,Liar Liar,https://www.imdb.com/title/tt0119528/,movie,6.9,86,1997,"Comedy, Fantasy",314217,1997-03-18,Tom Shadyac,,
1152,tt0316356,2023-01-24,2023-01-24,,Open Range,https://www.imdb.com/title/tt0316356/,movie,7.4,139,2003,"Action, Drama, Romance, Western",74592,2003-08-11,Kevin Costner,,
1153,tt0114746,2023-01-24,2023-01-24,,Twelve Monkeys,https://www.imdb.com/title/tt0114746/,movie,8.0,129,1995,"Mystery, Sci-Fi, Thriller",623034,1995-12-08,Terry Gilliam,,
1154,tt0276751,2023-01-24,2023-01-24,,About a Boy,https://www.imdb.com/title/tt0276751/,movie,7.1,101,2002,"Comedy, Drama, Romance",186231,2002-04-26,"Paul Weitz, Chris Weitz",,
1155,tt0116483,2023-01-24,2023-01-24,,Happy Gilmore,https://www.imdb.com/title/tt0116483/,movie,7.0,92,1996,"Comedy, Sport",230510,1996-02-07,Dennis Dugan,,
1156,tt0117998,2023-01-24,2023-01-24,,Twister,https://www.imdb.com/title/tt0117998/,movie,6.4,113,1996,"Action, Adventure, Thriller",199725,1996-05-08,Jan de Bont,,
1157,tt0170016,2023-01-24,2023-01-24,,How the Grinch Stole Christmas,https://www.imdb.com/title/tt0170016/,movie,6.3,104,2000,"Comedy, Family, Fantasy",266089,2000-11-08,Ron Howard,,
1158,tt0105323,2023-01-24,2023-01-24,,Scent of a Woman,https://www.imdb.com/title/tt0105323/,movie,8.0,156,1992,Drama,301190,1992-12-23,Martin Brest,,
1159,tt0311289,2023-01-24,2023-01-24,,Holes,https://www.imdb.com/title/tt0311289/,movie,7.0,117,2003,"Adventure, Comedy, Drama, Family, Mystery",91877,2003-04-11,Andrew Davis,,
1160,tt0204946,2023-01-24,2023-01-24,,Bring It On,https://www.imdb.com/title/tt0204946/,movie,6.1,98,2000,"Comedy, Romance, Sport",98649,2000-08-22,Peyton Reed,,
1161,tt0112384,2023-01-24,2023-01-24,,Apollo 13,https://www.imdb.com/title/tt0112384/,movie,7.7,140,1995,"Adventure, Drama, History",299359,1995-06-22,Ron Howard,,
1162,tt0114214,2023-01-24,2023-01-24,,The Quick and the Dead,https://www.imdb.com/title/tt0114214/,movie,6.5,108,1995,"Action, Romance, Thriller, Western",96509,1995-02-10,Sam Raimi,,
1163,tt0120669,2023-01-24,2023-01-24,,Fear and Loathing in Las Vegas,https://www.imdb.com/title/tt0120669/,movie,7.5,118,1998,"Adventure, Comedy, Drama",286806,1998-05-15,Terry Gilliam,,
1164,tt0251736,2023-01-24,2023-01-24,,House of 1000 Corpses,https://www.imdb.com/title/tt0251736/,movie,6.0,89,2003,Horror,88159,2003-03-13,Rob Zombie,,
1165,tt0104348,2023-01-24,2023-01-24,,Glengarry Glen Ross,https://www.imdb.com/title/tt0104348/,movie,7.7,100,1992,"Crime, Drama, Mystery",108158,1992-08-30,James Foley,,
1166,tt0163025,2023-01-24,2023-01-24,,Jurassic Park III,https://www.imdb.com/title/tt0163025/,movie,5.9,92,2001,"Action, Adventure, Sci-Fi, Thriller",326455,2001-07-16,Joe Johnston,,
1167,tt0114898,2023-01-24,2023-01-24,,Waterworld,https://www.imdb.com/title/tt0114898/,movie,6.2,135,1995,"Action, Adventure, Sci-Fi",199370,1995-07-28,Kevin Reynolds,,
1168,tt0280707,2023-01-24,2023-01-24,,Gosford Park,https://www.imdb.com/title/tt0280707/,movie,7.2,137,2001,"Comedy, Drama, Mystery",89500,2001-11-07,Robert Altman,,
1169,tt0120780,2023-01-24,2023-01-24,,Out of Sight,https://www.imdb.com/title/tt0120780/,movie,7.0,123,1998,"Comedy, Crime, Drama, Romance, Thriller",94608,1998-06-26,Steven Soderbergh,,
1170,tt0118928,2023-01-24,2023-01-24,,Dante's Peak,https://www.imdb.com/title/tt0118928/,movie,6.0,108,1997,"Action, Adventure, Thriller",92896,1997-02-07,Roger Donaldson,,
1171,tt0252866,2023-01-24,2023-01-24,,American Pie 2,https://www.imdb.com/title/tt0252866/,movie,6.4,108,2001,Comedy,259575,2001-08-06,J.B. Rogers,,
1172,tt0277296,2023-01-24,2023-01-24,,The Scorpion King,https://www.imdb.com/title/tt0277296/,movie,5.5,92,2002,"Action, Adventure, Fantasy",140588,2002-04-15,Chuck Russell,,
1173,tt0112508,2023-01-24,2023-01-24,,Billy Madison,https://www.imdb.com/title/tt0112508/,movie,6.3,89,1995,Comedy,147653,1995-02-10,Tamra Davis,,
1174,tt0106519,2023-01-24,2023-01-24,,Carlito's Way,https://www.imdb.com/title/tt0106519/,movie,7.9,144,1993,"Crime, Drama, Thriller",221438,1993-11-07,Brian De Palma,,
1175,tt0256103,2023-01-24,2023-01-24,,Intimacy,https://www.imdb.com/title/tt0256103/,movie,6.1,119,2001,"Drama, Romance",12522,2001-01-20,Patrice Chéreau,,
1176,tt0116287,2023-01-24,2023-01-24,,Fear,https://www.imdb.com/title/tt0116287/,movie,6.2,97,1996,"Drama, Thriller",50128,1996-04-12,James Foley,,
1177,tt0104036,2023-01-24,2023-01-24,,The Crying Game,https://www.imdb.com/title/tt0104036/,movie,7.2,112,1992,"Crime, Drama, Romance, Thriller",56756,1992-09-02,Neil Jordan,,
1178,tt0249462,2023-01-24,2023-01-24,,Billy Elliot,https://www.imdb.com/title/tt0249462/,movie,7.7,110,2000,"Drama, Music",136971,2000-05-19,Stephen Daldry,,
1179,tt0104070,2023-01-24,2023-01-24,,Death Becomes Her,https://www.imdb.com/title/tt0104070/,movie,6.6,104,1992,"Comedy, Fantasy, Horror",122355,1992-07-13,Robert Zemeckis,,
1180,tt0329575,2023-01-24,2023-01-24,,Seabiscuit,https://www.imdb.com/title/tt0329575/,movie,7.3,140,2003,"Drama, History, Sport",74293,2003-07-22,Gary Ross,,
1181,tt0286716,2023-01-24,2023-01-24,,Hulk,https://www.imdb.com/title/tt0286716/,movie,5.6,138,2003,"Action, Sci-Fi",270739,2003-06-17,Ang Lee,,
1182,tt0111301,2023-01-24,2023-01-24,,Street Fighter,https://www.imdb.com/title/tt0111301/,movie,4.0,102,1994,"Action, Adventure, Comedy, Thriller",72377,1994-12-23,Steven E. de Souza,,
1183,tt0109813,2023-01-24,2023-01-24,,The Flintstones,https://www.imdb.com/title/tt0109813/,movie,5.0,91,1994,"Comedy, Family, Fantasy",82544,1994-05-23,Brian Levant,,
1184,tt0129290,2023-01-24,2023-01-24,,Patch Adams,https://www.imdb.com/title/tt0129290/,movie,6.8,115,1998,"Biography, Comedy, Drama, Romance",116060,1998-10-21,Tom Shadyac,,
1185,tt0138097,2023-01-24,2023-01-24,,Shakespeare in Love,https://www.imdb.com/title/tt0138097/,movie,7.1,123,1998,"Comedy, Drama, History, Romance",227253,1998-12-03,John Madden,,
1186,tt0324216,2023-01-24,2023-01-24,,The Texas Chainsaw Massacre,https://www.imdb.com/title/tt0324216/,movie,6.2,98,2003,"Crime, Horror",145166,2003-10-15,Marcus Nispel,,
1187,tt0120889,2023-01-24,2023-01-24,,What Dreams May Come,https://www.imdb.com/title/tt0120889/,movie,6.9,113,1998,"Drama, Fantasy, Romance",110322,1998-09-28,Vincent Ward,,
1188,tt0315733,2023-01-24,2023-01-24,,21 Grams,https://www.imdb.com/title/tt0315733/,movie,7.6,124,2003,"Crime, Drama, Thriller",239450,2003-09-05,Alejandro G. Iñárritu,,
1189,tt0283111,2023-01-24,2023-01-24,,National Lampoon's Van Wilder,https://www.imdb.com/title/tt0283111/,movie,6.4,92,2002,"Comedy, Romance",111517,2002-04-04,Walt Becker,,
1190,tt0111149,2023-01-24,2023-01-24,,Shallow Grave,https://www.imdb.com/title/tt0111149/,movie,7.3,89,1994,"Crime, Thriller",62838,1994-05-17,Danny Boyle,,
1191,tt0338564,2023-01-24,2023-01-24,,Mou gaan dou,https://www.imdb.com/title/tt0338564/,movie,8.0,101,2002,"Action, Crime, Drama, Mystery, Thriller",126354,2002-12-12,"Andrew Lau, Alan Mak",,
1192,tt0115624,2023-01-24,2023-01-24,,Barb Wire,https://www.imdb.com/title/tt0115624/,movie,3.5,98,1996,"Action, Sci-Fi",29635,1996-05-03,David Hogan,,
1193,tt0120693,2023-01-24,2023-01-24,,Half Baked,https://www.imdb.com/title/tt0120693/,movie,6.6,82,1998,"Comedy, Crime",65074,1998-01-16,Tamra Davis,,
1194,tt0118755,2023-01-24,2023-01-24,,The Borrowers,https://www.imdb.com/title/tt0118755/,movie,5.9,89,1997,"Adventure, Comedy, Family, Fantasy",22783,1997-12-03,Peter Hewitt,,
1195,tt0168501,2023-01-24,2023-01-24,,The Best Man,https://www.imdb.com/title/tt0168501/,movie,6.7,120,1999,"Comedy, Drama, Romance",11181,1999-09-02,Malcolm D. Lee,,
1196,tt0113749,2023-01-24,2023-01-24,,Mallrats,https://www.imdb.com/title/tt0113749/,movie,7.0,94,1995,"Comedy, Romance",124537,1995-10-20,Kevin Smith,,
1197,tt0103786,2023-01-24,2023-01-24,,Beethoven,https://www.imdb.com/title/tt0103786/,movie,5.7,87,1992,"Comedy, Drama, Family",73007,1992-04-03,Brian Levant,,
1198,tt0125664,2023-01-24,2023-01-24,,Man on the Moon,https://www.imdb.com/title/tt0125664/,movie,7.4,118,1999,"Biography, Comedy, Drama",132796,1999-12-07,Milos Forman,,
1199,tt0110443,2023-01-24,2023-01-24,,Major Payne,https://www.imdb.com/title/tt0110443/,movie,6.2,95,1995,"Adventure, Comedy, Family",36568,1995-03-24,Nick Castle,,
1200,tt0116365,2023-01-24,2023-01-24,,The Frighteners,https://www.imdb.com/title/tt0116365/,movie,7.1,110,1996,"Comedy, Fantasy, Horror",90703,1996-07-17,Peter Jackson,,
1201,tt0132347,2023-01-24,2023-01-24,,Mystery Men,https://www.imdb.com/title/tt0132347/,movie,6.1,121,1999,"Action, Comedy, Fantasy, Sci-Fi",68212,1999-07-22,Kinka Usher,,
1202,tt0266987,2023-01-24,2023-01-24,,Spy Game,https://www.imdb.com/title/tt0266987/,movie,7.0,126,2001,"Action, Crime, Thriller",159367,2001-11-19,Tony Scott,,
1203,tt0328828,2023-01-24,2023-01-24,,American Wedding,https://www.imdb.com/title/tt0328828/,movie,6.3,96,2003,Comedy,209192,2003-07-24,Jesse Dylan,,
1204,tt0110950,2023-01-24,2023-01-24,,Reality Bites,https://www.imdb.com/title/tt0110950/,movie,6.6,99,1994,"Comedy, Drama, Romance",51037,1994-01-31,Ben Stiller,,
1205,tt0105435,2023-01-24,2023-01-24,,Sneakers,https://www.imdb.com/title/tt0105435/,movie,7.1,126,1992,"Comedy, Crime, Drama, Mystery, Thriller",59921,1992-09-09,Phil Alden Robinson,,
1206,tt0119395,2023-01-24,2023-01-24,,The Jackal,https://www.imdb.com/title/tt0119395/,movie,6.4,124,1997,"Action, Crime, Drama, Thriller",119143,1997-11-14,Michael Caton-Jones,,
1207,tt0289992,2023-01-24,2023-01-24,,The Life of David Gale,https://www.imdb.com/title/tt0289992/,movie,7.5,130,2003,"Crime, Drama, Thriller",122109,2003-02-07,Alan Parker,,
1208,tt0150915,2023-01-24,2023-01-24,,Hilary and Jackie,https://www.imdb.com/title/tt0150915/,movie,7.3,121,1998,"Biography, Drama, Music",10426,1998-09-05,Anand Tucker,,
1209,tt0112431,2023-01-24,2023-01-24,,Babe,https://www.imdb.com/title/tt0112431/,movie,6.9,91,1995,"Comedy, Drama, Family",127714,1995-08-04,Chris Noonan,,
1210,tt0324133,2023-01-24,2023-01-24,,Swimming Pool,https://www.imdb.com/title/tt0324133/,movie,6.7,102,2003,"Crime, Drama, Mystery, Thriller",46735,2003-05-18,François Ozon,,
1211,tt0190374,2023-01-24,2023-01-24,,Dungeons & Dragons,https://www.imdb.com/title/tt0190374/,movie,3.6,107,2000,"Action, Adventure, Fantasy",34025,2000-12-08,Courtney Solomon,,
1212,tt0146675,2023-01-24,2023-01-24,,End of Days,https://www.imdb.com/title/tt0146675/,movie,5.8,122,1999,"Action, Fantasy, Horror, Thriller",112237,1999-11-16,Peter Hyams,,
1213,tt0144120,2023-01-24,2023-01-24,,Bride of Chucky,https://www.imdb.com/title/tt0144120/,movie,5.5,89,1998,"Comedy, Horror, Thriller",60435,1998-10-15,Ronny Yu,,
1214,tt0160184,2023-01-24,2023-01-24,,D-Tox,https://www.imdb.com/title/tt0160184/,movie,5.3,96,2002,"Crime, Thriller",28151,2002-01-04,Jim Gillespie,,
1215,tt0278488,2023-01-24,2023-01-24,,How High,https://www.imdb.com/title/tt0278488/,movie,6.2,93,2001,"Comedy, Fantasy",59318,2001-12-17,Jesse Dylan,,
1216,tt0132477,2023-01-24,2023-01-24,,October Sky,https://www.imdb.com/title/tt0132477/,movie,7.8,108,1999,"Biography, Drama, Family",92955,1999-02-19,Joe Johnston,,
1217,tt0218967,2023-01-24,2023-01-24,,The Family Man,https://www.imdb.com/title/tt0218967/,movie,6.8,125,2000,"Comedy, Drama, Fantasy, Romance",113126,2000-12-12,Brett Ratner,,
1218,tt0124819,2023-01-24,2023-01-24,,Orgazmo,https://www.imdb.com/title/tt0124819/,movie,6.1,94,1997,Comedy,37169,1997-09-06,Trey Parker,,
1219,tt0110729,2023-01-24,2023-01-24,,Once Were Warriors,https://www.imdb.com/title/tt0110729/,movie,7.9,102,1994,"Crime, Drama",35025,1994-09-02,Lee Tamahori,,
1220,tt0107076,2023-01-24,2023-01-24,,Hard Target,https://www.imdb.com/title/tt0107076/,movie,6.2,97,1993,"Action, Crime, Thriller",52834,1993-08-20,John Woo,,
1221,tt0274166,2023-01-24,2023-01-24,,Johnny English,https://www.imdb.com/title/tt0274166/,movie,6.2,89,2003,"Action, Adventure, Comedy",164099,2003-04-06,Peter Howitt,,
1222,tt0204626,2023-01-24,2023-01-24,,The Watcher,https://www.imdb.com/title/tt0204626/,movie,5.3,97,2000,"Crime, Drama, Mystery, Thriller",27636,2000-09-07,Joe Charbanic,,
1223,tt0104231,2023-01-24,2023-01-24,,Far and Away,https://www.imdb.com/title/tt0104231/,movie,6.6,140,1992,"Adventure, Drama, Romance, Western",65153,1992-05-18,Ron Howard,,
1224,tt0151137,2023-01-24,2023-01-24,,Joan of Arc,https://www.imdb.com/title/tt0151137/,movie,6.4,158,1999,"Adventure, Biography, Drama, History, War",67554,1999-10-18,Luc Besson,,
1225,tt0138524,2023-01-24,2023-01-24,,Intolerable Cruelty,https://www.imdb.com/title/tt0138524/,movie,6.3,100,2003,"Comedy, Crime, Romance",98882,2003-09-02,"Joel Coen, Ethan Coen",,
1226,tt0116136,2023-01-24,2023-01-24,,DragonHeart,https://www.imdb.com/title/tt0116136/,movie,6.4,103,1996,"Action, Adventure, Fantasy",98688,1996-05-31,Rob Cohen,,
1227,tt0174856,2023-01-24,2023-01-24,,The Hurricane,https://www.imdb.com/title/tt0174856/,movie,7.6,146,1999,"Biography, Drama, Sport",98601,1999-09-17,Norman Jewison,,
1228,tt0272152,2023-01-24,2023-01-24,,K-PAX,https://www.imdb.com/title/tt0272152/,movie,7.4,120,2001,"Drama, Mystery, Sci-Fi",186285,2001-10-22,Iain Softley,,
1229,tt0114608,2023-01-24,2023-01-24,,Tales from the Crypt: Demon Knight,https://www.imdb.com/title/tt0114608/,movie,6.7,92,1995,"Action, Fantasy, Horror, Thriller",24721,1995-01-13,Ernest R. Dickerson,,
1230,tt0105477,2023-01-24,2023-01-24,,Stop! Or My Mom Will Shoot,https://www.imdb.com/title/tt0105477/,movie,4.3,87,1992,"Action, Comedy",43169,1992-02-21,Roger Spottiswoode,,
1231,tt0112453,2023-01-24,2023-01-24,,Balto,https://www.imdb.com/title/tt0112453/,movie,7.1,78,1995,"Animation, Adventure, Drama, Family, History",45012,1995-12-22,Simon Wells,,
1232,tt0131857,2023-01-24,2023-01-24,,BASEketball,https://www.imdb.com/title/tt0131857/,movie,6.5,103,1998,"Comedy, Sport",63222,1998-07-28,David Zucker,,
1233,tt0116040,2023-01-24,2023-01-24,,Daylight,https://www.imdb.com/title/tt0116040/,movie,5.9,114,1996,"Action, Adventure, Drama, Thriller",74067,1996-12-05,Rob Cohen,,
1234,tt0110216,2023-01-24,2023-01-24,,Junior,https://www.imdb.com/title/tt0110216/,movie,4.7,109,1994,"Comedy, Romance, Sci-Fi",70121,1994-11-14,Ivan Reitman,,
1235,tt0284837,2023-01-24,2023-01-24,,Ali G Indahouse,https://www.imdb.com/title/tt0284837/,movie,6.2,85,2002,Comedy,92692,2002-03-22,Mark Mylod,,
1236,tt0243736,2023-01-24,2023-01-24,,40 Days and 40 Nights,https://www.imdb.com/title/tt0243736/,movie,5.6,96,2002,"Comedy, Romance",74240,2002-03-01,Michael Lehmann,,
1237,tt0131325,2023-01-24,2023-01-24,,Bowfinger,https://www.imdb.com/title/tt0131325/,movie,6.5,97,1999,Comedy,71609,1999-08-13,Frank Oz,,
1238,tt0300532,2023-01-24,2023-01-24,,Blue Crush,https://www.imdb.com/title/tt0300532/,movie,5.7,104,2002,"Drama, Romance, Sport",31870,2002-08-08,John Stockwell,,
1239,tt0120749,2023-01-24,2023-01-24,,Mercury Rising,https://www.imdb.com/title/tt0120749/,movie,6.1,111,1998,"Action, Crime, Drama, Thriller",75406,1998-04-01,Harold Becker,,
1240,tt0144528,2023-01-24,2023-01-24,,Nutty Professor II: The Klumps,https://www.imdb.com/title/tt0144528/,movie,4.4,106,2000,"Comedy, Romance, Sci-Fi",51743,2000-07-24,Peter Segal,,
1241,tt0141926,2023-01-24,2023-01-24,,U-571,https://www.imdb.com/title/tt0141926/,movie,6.6,116,2000,"Action, War",83456,2000-04-17,Jonathan Mostow,,
1242,tt0104452,2023-01-24,2023-01-24,,HouseSitter,https://www.imdb.com/title/tt0104452/,movie,6.1,102,1992,"Comedy, Romance",25678,1992-06-12,Frank Oz,,
1243,tt0158622,2023-01-24,2023-01-24,,The Flintstones in Viva Rock Vegas,https://www.imdb.com/title/tt0158622/,movie,3.7,90,2000,"Comedy, Family, Romance, Sci-Fi",24131,2000-04-15,Brian Levant,,
1244,tt0245238,2023-01-24,2023-01-24,,Lost and Delirious,https://www.imdb.com/title/tt0245238/,movie,6.8,103,2001,"Drama, Romance",21510,2001-01-21,Léa Pool,,
1245,tt0108101,2023-01-24,2023-01-24,,Shadowlands,https://www.imdb.com/title/tt0108101/,movie,7.4,131,1993,"Biography, Drama, Romance",19404,1993-12-25,Richard Attenborough,,
1246,tt0112883,2023-01-24,2023-01-24,,Don Juan DeMarco,https://www.imdb.com/title/tt0112883/,movie,6.7,97,1994,"Comedy, Drama, Romance",51719,1994-10-31,Jeremy Leven,,
1247,tt0155975,2023-01-24,2023-01-24,,Psycho,https://www.imdb.com/title/tt0155975/,movie,4.6,105,1998,"Horror, Mystery, Thriller",49126,1998-12-04,Gus Van Sant,,
1248,tt0118747,2023-01-24,2023-01-24,,Blues Brothers 2000,https://www.imdb.com/title/tt0118747/,movie,4.9,123,1998,"Action, Comedy, Crime, Music, Musical",33844,1998-02-06,John Landis,,
1249,tt0119695,2023-01-24,2023-01-24,,Money Talks,https://www.imdb.com/title/tt0119695/,movie,6.2,97,1997,"Action, Comedy, Crime, Thriller",30086,1997-08-22,Brett Ratner,,
1250,tt0111438,2023-01-24,2023-01-24,,Timecop,https://www.imdb.com/title/tt0111438/,movie,5.9,99,1994,"Action, Crime, Sci-Fi, Thriller",60878,1994-09-16,Peter Hyams,,
1251,tt0109842,2023-01-24,2023-01-24,,Fresh,https://www.imdb.com/title/tt0109842/,movie,7.5,114,1994,"Crime, Drama, Thriller",13742,1994-01-31,Boaz Yakin,,
1252,tt0110074,2023-01-24,2023-01-24,,The Hudsucker Proxy,https://www.imdb.com/title/tt0110074/,movie,7.2,111,1994,"Comedy, Drama, Fantasy",82221,1994-01-27,"Joel Coen, Ethan Coen",,
1253,tt0114852,2023-01-24,2023-01-24,,Village of the Damned,https://www.imdb.com/title/tt0114852/,movie,5.6,98,1995,"Horror, Sci-Fi, Thriller",32723,1995-04-28,John Carpenter,,
1254,tt0238112,2023-01-24,2023-01-24,,Captain Corelli's Mandolin,https://www.imdb.com/title/tt0238112/,movie,5.9,131,2001,"Drama, Music, Romance, War",34893,2001-04-19,John Madden,,
1255,tt0283832,2023-01-24,2023-01-24,,8 femmes,https://www.imdb.com/title/tt0283832/,movie,7.0,111,2002,"Comedy, Crime, Musical, Romance",32993,2002-01-08,François Ozon,,
1256,tt0107286,2023-01-24,2023-01-24,,Judgment Night,https://www.imdb.com/title/tt0107286/,movie,6.6,110,1993,"Action, Crime, Drama, Thriller",17462,1993-10-15,Stephen Hopkins,,
1257,tt0131704,2023-01-24,2023-01-24,,The Adventures of Rocky & Bullwinkle,https://www.imdb.com/title/tt0131704/,movie,4.3,92,2000,"Animation, Adventure, Comedy, Family, Fantasy",20590,2000-06-24,Des McAnuff,,
1258,tt0111143,2023-01-24,2023-01-24,,The Shadow,https://www.imdb.com/title/tt0111143/,movie,6.0,108,1994,"Action, Adventure, Crime, Fantasy, Mystery, Thriller",25963,1994-07-01,Russell Mulcahy,,
1259,tt0192071,2023-01-24,2023-01-24,,Get Over It,https://www.imdb.com/title/tt0192071/,movie,5.7,87,2001,"Comedy, Romance",19362,2001-03-09,Tommy O'Haver,,
1260,tt0126916,2023-01-24,2023-01-24,,For Love of the Game,https://www.imdb.com/title/tt0126916/,movie,6.6,137,1999,"Drama, Romance, Sport",35818,1999-09-15,Sam Raimi,,
1261,tt0322589,2023-01-24,2023-01-24,,Honey,https://www.imdb.com/title/tt0322589/,movie,5.3,94,2003,"Drama, Music, Romance",46249,2003-11-24,Bille Woodruff,,
1262,tt0120458,2023-01-24,2023-01-24,,Virus,https://www.imdb.com/title/tt0120458/,movie,5.0,99,1999,"Action, Horror, Sci-Fi, Thriller",28681,1999-01-15,John Bruno,,
1263,tt0111323,2023-01-24,2023-01-24,,Surviving the Game,https://www.imdb.com/title/tt0111323/,movie,6.2,96,1994,"Action, Adventure, Crime, Drama, Thriller",12271,1994-04-15,Ernest R. Dickerson,,
1264,tt0114576,2023-01-24,2023-01-24,,Sudden Death,https://www.imdb.com/title/tt0114576/,movie,5.8,111,1995,"Action, Crime, Thriller",35288,1995-10-26,Peter Hyams,,
1265,tt0108526,2023-01-24,2023-01-24,,We're Back! A Dinosaur's Story,https://www.imdb.com/title/tt0108526/,movie,6.0,72,1993,"Animation, Adventure, Comedy, Family, Fantasy",15388,1993-11-24,"Dick Zondag, Phil Nibbelink, Ralph Zondag, Simon Wells",,
1266,tt0105217,2023-01-24,2023-01-24,,Raising Cain,https://www.imdb.com/title/tt0105217/,movie,6.0,92,1992,"Crime, Drama, Horror, Thriller",16508,1992-08-07,Brian De Palma,,
1267,tt0110997,2023-01-24,2023-01-24,,The River Wild,https://www.imdb.com/title/tt0110997/,movie,6.5,111,1994,"Adventure, Crime, Thriller",47506,1994-09-30,Curtis Hanson,,
1268,tt0107091,2023-01-24,2023-01-24,,Heart and Souls,https://www.imdb.com/title/tt0107091/,movie,7.0,104,1993,"Comedy, Drama, Fantasy, Romance",17947,1993-08-13,Ron Underwood,,
1269,tt0103671,2023-01-24,2023-01-24,,American Me,https://www.imdb.com/title/tt0103671/,movie,7.1,125,1992,"Biography, Crime, Drama, Romance",9707,1992-03-13,Edward James Olmos,,
1270,tt0259288,2023-01-24,2023-01-24,,Dragonfly,https://www.imdb.com/title/tt0259288/,movie,6.1,104,2002,"Drama, Fantasy, Mystery, Romance, Thriller",39002,2002-02-18,Tom Shadyac,,
1271,tt0111667,2023-01-24,2023-01-24,,The War,https://www.imdb.com/title/tt0111667/,movie,6.7,126,1994,Drama,13064,1994-11-04,Jon Avnet,,
1272,tt0109493,2023-01-24,2023-01-24,,The Cowboy Way,https://www.imdb.com/title/tt0109493/,movie,5.9,102,1994,"Action, Comedy, Crime, Drama, Thriller, Western",8578,1994-06-03,Gregg Champion,,
1273,tt0115783,2023-01-24,2023-01-24,,Bulletproof,https://www.imdb.com/title/tt0115783/,movie,5.8,84,1996,"Action, Comedy, Crime",38952,1996-09-06,Ernest R. Dickerson,,
1274,tt0106375,2023-01-24,2023-01-24,,Beethoven's 2nd,https://www.imdb.com/title/tt0106375/,movie,4.9,89,1993,"Comedy, Family, Romance",28590,1993-12-15,Rod Daniel,,
1275,tt0107529,2023-01-24,2023-01-24,,Matinee,https://www.imdb.com/title/tt0107529/,movie,6.9,99,1993,"Comedy, Drama",11623,1993-01-29,Joe Dante,,
1276,tt0157583,2023-01-24,2023-01-24,,Enigma,https://www.imdb.com/title/tt0157583/,movie,6.4,119,2001,"Drama, Mystery, Romance, Thriller, War",21368,2001-01-22,Michael Apted,,
1277,tt0117420,2023-01-24,2023-01-24,,The Quest,https://www.imdb.com/title/tt0117420/,movie,5.6,95,1996,"Action, Adventure, Drama, Thriller",26707,1996-04-19,Jean-Claude Van Damme,,
1278,tt0116722,2023-01-24,2023-01-24,,Jude,https://www.imdb.com/title/tt0116722/,movie,6.9,123,1996,"Drama, Romance",10777,1996-07-31,Michael Winterbottom,,
1279,tt0124901,2023-01-24,2023-01-24,,Thursday,https://www.imdb.com/title/tt0124901/,movie,7.1,87,1998,"Action, Comedy, Crime, Drama, Mystery, Thriller",18878,1998-09-10,Skip Woods,,
1280,tt0104756,2023-01-24,2023-01-24,,Lorenzo's Oil,https://www.imdb.com/title/tt0104756/,movie,7.3,129,1992,"Biography, Drama",23113,1992-12-30,George Miller,,
1281,tt0160236,2023-01-24,2023-01-24,,Dudley Do-Right,https://www.imdb.com/title/tt0160236/,movie,3.9,77,1999,"Comedy, Family, Romance",10936,1999-08-21,Hugh Wilson,,
1282,tt0120595,2023-01-24,2023-01-24,,Babe: Pig in the City,https://www.imdb.com/title/tt0120595/,movie,5.8,97,1998,"Adventure, Comedy, Drama, Family, Fantasy",34172,1998-11-25,George Miller,,
1283,tt0309820,2023-01-24,2023-01-24,,Luther,https://www.imdb.com/title/tt0309820/,movie,6.6,123,2003,"Biography, Drama, History",15570,2003-09-26,Eric Till,,
1284,tt0118760,2023-01-24,2023-01-24,,The Boxer,https://www.imdb.com/title/tt0118760/,movie,7.0,113,1997,"Drama, Romance, Sport",21231,1997-12-31,Jim Sheridan,,
1285,tt0109936,2023-01-24,2023-01-24,,Greedy,https://www.imdb.com/title/tt0109936/,movie,6.3,113,1994,Comedy,15407,1994-03-04,Jonathan Lynn,,
1286,tt0117826,2023-01-24,2023-01-24,,Bordello of Blood,https://www.imdb.com/title/tt0117826/,movie,5.4,87,1996,"Comedy, Fantasy, Horror",15153,1996-08-16,Gilbert Adler,,
1287,tt0109504,2023-01-24,2023-01-24,,Crooklyn,https://www.imdb.com/title/tt0109504/,movie,7.0,115,1994,"Comedy, Drama",10734,1994-05-09,Spike Lee,,
1288,tt0130121,2023-01-24,2023-01-24,,Mickey Blue Eyes,https://www.imdb.com/title/tt0130121/,movie,5.9,102,1999,"Comedy, Crime, Romance",37314,1999-08-10,"Carl Gottlieb, Kelly Makin",,
1289,tt0277941,2023-01-24,2023-01-24,,Ned Kelly,https://www.imdb.com/title/tt0277941/,movie,6.4,110,2003,"Action, Adventure, Biography, Crime, History, Romance, Western",27403,2003-03-22,Gregor Jordan,,
1290,tt0124595,2023-01-24,2023-01-24,,Return to Paradise,https://www.imdb.com/title/tt0124595/,movie,6.9,111,1998,"Drama, Romance, Thriller",14912,1998-08-10,Joseph Ruben,,
1291,tt0131369,2023-01-24,2023-01-24,,Edtv,https://www.imdb.com/title/tt0131369/,movie,6.1,122,1999,"Comedy, Drama",43924,1999-03-26,Ron Howard,,
1292,tt0119484,2023-01-24,2023-01-24,,Kull the Conqueror,https://www.imdb.com/title/tt0119484/,movie,4.8,95,1997,"Action, Adventure, Fantasy",8487,1997-08-29,John Nicolella,,
1293,tt0221559,2023-01-24,2023-01-24,,On the Edge,https://www.imdb.com/title/tt0221559/,movie,6.9,85,2001,Drama,4447,2001-09-13,John Carney,,
1294,tt0192111,2023-01-24,2023-01-24,,Head Over Heels,https://www.imdb.com/title/tt0192111/,movie,5.4,86,2001,"Comedy, Mystery, Romance",14797,2001-02-02,Mark Waters,,
1295,tt0116322,2023-01-24,2023-01-24,,Flipper,https://www.imdb.com/title/tt0116322/,movie,5.3,95,1996,"Adventure, Family",11242,1996-05-17,"Shelly Hatton, Alan Shapiro",,
1296,tt0308878,2023-01-24,2023-01-24,,The Shape of Things,https://www.imdb.com/title/tt0308878/,movie,6.6,96,2003,"Comedy, Drama, Romance",11583,2003-01-18,Neil LaBute,,
1297,tt0113188,2023-01-24,2023-01-24,,Gold Diggers: The Secret of Bear Mountain,https://www.imdb.com/title/tt0113188/,movie,6.0,94,1995,"Adventure, Drama, Family, Mystery",4697,1995-11-03,Kevin James Dobson,,
1298,tt0206917,2023-01-24,2023-01-24,,The Man Who Cried,https://www.imdb.com/title/tt0206917/,movie,6.1,100,2000,"Drama, Music, Romance, War",15891,2000-09-02,Sally Potter,,
1299,tt0134154,2023-01-24,2023-01-24,,Ride with the Devil,https://www.imdb.com/title/tt0134154/,movie,6.7,138,1999,"Drama, Romance, War, Western",13993,1999-09-09,Ang Lee,,
1300,tt0120834,2023-01-24,2023-01-24,,Snow Falling on Cedars,https://www.imdb.com/title/tt0120834/,movie,6.7,127,1999,"Drama, Mystery, Romance, Thriller",14282,1999-09-12,Scott Hicks,,
1301,tt0119142,2023-01-24,2023-01-24,,For Richer or Poorer,https://www.imdb.com/title/tt0119142/,movie,5.8,115,1997,Comedy,11498,1997-12-12,Bryan Spicer,,
1302,tt0105636,2023-01-24,2023-01-24,,Trespass,https://www.imdb.com/title/tt0105636/,movie,6.3,101,1992,"Action, Thriller",13216,1992-12-25,Walter Hill,,
1303,tt0119115,2023-01-24,2023-01-24,,Fierce Creatures,https://www.imdb.com/title/tt0119115/,movie,6.4,93,1997,Comedy,24900,1997-01-23,"Robert Young, Fred Schepisi",,
1304,tt0117608,2023-01-24,2023-01-24,,Sgt. Bilko,https://www.imdb.com/title/tt0117608/,movie,5.8,93,1996,Comedy,23084,1996-03-29,Jonathan Lynn,,
1305,tt0219822,2023-01-24,2023-01-24,,Human Nature,https://www.imdb.com/title/tt0219822/,movie,6.4,96,2001,"Comedy, Drama",18518,2001-05-18,Michel Gondry,,
1306,tt0106941,2023-01-24,2023-01-24,,For Love or Money,https://www.imdb.com/title/tt0106941/,movie,6.2,96,1993,"Comedy, Drama, Romance",14686,1993-10-01,Barry Sonnenfeld,,
1307,tt0294594,2023-01-24,2023-01-24,,The Gathering,https://www.imdb.com/title/tt0294594/,movie,5.6,96,2002,"Horror, Thriller",8195,2003-01-31,Brian Gilbert,,
1308,tt0119225,2023-01-24,2023-01-24,,Gridlock'd,https://www.imdb.com/title/tt0119225/,movie,6.9,91,1997,"Comedy, Crime, Drama",15962,1997-01-29,Vondie Curtis-Hall,,
1309,tt0112688,2023-01-24,2023-01-24,,Clockers,https://www.imdb.com/title/tt0112688/,movie,6.9,128,1995,"Crime, Drama, Mystery",22656,1995-09-05,Spike Lee,,
1310,tt0265343,2023-01-24,2023-01-24,,Monsoon Wedding,https://www.imdb.com/title/tt0265343/,movie,7.3,114,2001,"Comedy, Drama, Romance",26016,2001-08-31,Mira Nair,,
1311,tt0160916,2023-01-24,2023-01-24,,The Story of Us,https://www.imdb.com/title/tt0160916/,movie,5.9,95,1999,"Comedy, Drama, Romance",24276,1999-10-13,Rob Reiner,,
1312,tt0246544,2023-01-24,2023-01-24,,The Musketeer,https://www.imdb.com/title/tt0246544/,movie,4.7,104,2001,"Action, Adventure, Romance",14735,2001-09-07,Peter Hyams,,
1313,tt0110771,2023-01-24,2023-01-24,,The Paper,https://www.imdb.com/title/tt0110771/,movie,6.6,112,1994,"Comedy, Drama",14467,1994-03-25,Ron Howard,,
1314,tt0302674,2023-01-24,2023-01-24,,Gerry,https://www.imdb.com/title/tt0302674/,movie,6.0,103,2002,"Adventure, Drama, Mystery",19079,2002-01-12,Gus Van Sant,,
1315,tt0119509,2023-01-24,2023-01-24,,Leave It to Beaver,https://www.imdb.com/title/tt0119509/,movie,5.1,84,1997,"Comedy, Family",4399,1997-08-22,Andy Cadiff,,
1316,tt0117561,2023-01-24,2023-01-24,,Schizopolis,https://www.imdb.com/title/tt0117561/,movie,6.7,96,1996,"Comedy, Fantasy, Mystery",5826,1996-05-18,Steven Soderbergh,,
1317,tt0104139,2023-01-24,2023-01-24,,Dr. Giggles,https://www.imdb.com/title/tt0104139/,movie,5.2,95,1992,"Comedy, Drama, Horror, Mystery, Thriller",6555,1992-10-23,Manny Coto,,
1318,tt0120610,2023-01-24,2023-01-24,,Black Dog,https://www.imdb.com/title/tt0120610/,movie,5.4,89,1998,"Action, Crime, Drama, Thriller",9496,1998-05-01,Kevin Hooks,,
1319,tt0104647,2023-01-24,2023-01-24,,Kuffs,https://www.imdb.com/title/tt0104647/,movie,5.9,102,1992,"Action, Comedy, Crime",11101,1992-01-10,Bruce A. Evans,,
1320,tt0115862,2023-01-24,2023-01-24,,The Chamber,https://www.imdb.com/title/tt0115862/,movie,6.0,113,1996,"Crime, Drama, Thriller",15578,1996-10-02,James Foley,,
1321,tt0283530,2023-01-24,2023-01-24,,The Emperor's Club,https://www.imdb.com/title/tt0283530/,movie,6.9,109,2002,Drama,17389,2002-09-09,Michael Hoffman,,
1322,tt0114609,2023-01-24,2023-01-24,,Tales from the Hood,https://www.imdb.com/title/tt0114609/,movie,6.5,98,1995,"Crime, Drama, Horror, Thriller",8756,1995-05-24,Rusty Cundieff,,
1323,tt0119632,2023-01-24,2023-01-24,,The MatchMaker,https://www.imdb.com/title/tt0119632/,movie,6.5,97,1997,"Comedy, Romance",5738,1997-10-03,Mark Joffe,,
1324,tt0106500,2023-01-24,2023-01-24,,CB4,https://www.imdb.com/title/tt0106500/,movie,6.2,89,1993,"Comedy, Music",9905,1993-03-12,Tamra Davis,,
1325,tt0119227,2023-01-24,2023-01-24,,Snow White: A Tale of Terror,https://www.imdb.com/title/tt0119227/,movie,6.1,100,1997,"Adventure, Fantasy, Horror",10883,1997-01-01,Michael Cohn,,
1326,tt0120133,2023-01-24,2023-01-24,,A Simple Wish,https://www.imdb.com/title/tt0120133/,movie,5.3,89,1997,"Comedy, Family, Fantasy",5661,1997-07-11,Michael Ritchie,,
1327,tt0325055,2023-01-24,2023-01-24,,Sylvia,https://www.imdb.com/title/tt0325055/,movie,6.3,110,2003,"Biography, Drama, Romance",10980,2003-10-17,Christine Jeffs,,
1328,tt0107322,2023-01-24,2023-01-24,,King of the Hill,https://www.imdb.com/title/tt0107322/,movie,7.3,103,1993,"Drama, History",8485,1993-05-19,Steven Soderbergh,,
1329,tt0107473,2023-01-24,2023-01-24,,Mad Dog and Glory,https://www.imdb.com/title/tt0107473/,movie,6.2,97,1993,"Comedy, Crime, Drama, Romance",22067,1993-03-01,John McNaughton,,
1330,tt0116621,2023-01-24,2023-01-24,,In Love and War,https://www.imdb.com/title/tt0116621/,movie,5.9,113,1996,"Biography, Drama, Romance, War",8850,1996-12-18,Richard Attenborough,,
1331,tt0120598,2023-01-24,2023-01-24,,Barney's Great Adventure,https://www.imdb.com/title/tt0120598/,movie,3.1,76,1998,"Adventure, Comedy, Drama, Family, Fantasy, Musical",3519,1998-03-27,Steve Gomer,,
1332,tt0120857,2023-01-24,2023-01-24,,Un tè con Mussolini,https://www.imdb.com/title/tt0120857/,movie,6.9,117,1999,"Comedy, Drama, War",13684,1999-03-26,Franco Zeffirelli,,
1333,tt0110939,2023-01-24,2023-01-24,,Radioland Murders,https://www.imdb.com/title/tt0110939/,movie,6.1,108,1994,"Comedy, Crime, Drama, Musical, Mystery, Romance",3764,1994-10-21,Mel Smith,,
1334,tt0245046,2023-01-24,2023-01-24,,Charlotte Gray,https://www.imdb.com/title/tt0245046/,movie,6.4,121,2001,"Drama, Romance, Thriller, War",12769,2001-12-17,Gillian Armstrong,,
1335,tt0114594,2023-01-24,2023-01-24,,Swimming with Sharks,https://www.imdb.com/title/tt0114594/,movie,7.0,93,1994,"Comedy, Crime",24488,1994-09-10,George Huang,,
1336,tt0115580,2023-01-24,2023-01-24,,The Associate,https://www.imdb.com/title/tt0115580/,movie,6.1,114,1996,Comedy,8679,1996-10-25,Donald Petrie,,
1337,tt0202381,2023-01-24,2023-01-24,,Guest House Paradiso,https://www.imdb.com/title/tt0202381/,movie,6.1,89,1999,"Comedy, Thriller",10184,1999-12-03,Adrian Edmondson,,
1338,tt0120776,2023-01-24,2023-01-24,,One True Thing,https://www.imdb.com/title/tt0120776/,movie,6.9,127,1998,Drama,12309,1998-09-18,Carl Franklin,,
1339,tt0270707,2023-01-24,2023-01-24,,The Truth About Charlie,https://www.imdb.com/title/tt0270707/,movie,4.7,104,2002,"Mystery, Thriller",10699,2002-10-16,Jonathan Demme,,
1340,tt0104926,2023-01-24,2023-01-24,,Mr. Baseball,https://www.imdb.com/title/tt0104926/,movie,6.0,108,1992,"Comedy, Romance, Sport",11716,1992-10-02,Fred Schepisi,,
1341,tt0301181,2023-01-24,2023-01-24,,Deliver Us from Eva,https://www.imdb.com/title/tt0301181/,movie,6.0,105,2003,"Comedy, Drama, Romance",7431,2003-02-07,Gary Hardwick,,
1342,tt0107927,2023-01-24,2023-01-24,,The Real McCoy,https://www.imdb.com/title/tt0107927/,movie,5.5,105,1993,"Crime, Drama, Thriller",9295,1993-09-10,Russell Mulcahy,,
1343,tt0120323,2023-01-24,2023-01-24,,A Thousand Acres,https://www.imdb.com/title/tt0120323/,movie,6.0,105,1997,Drama,5629,1997-09-19,Jocelyn Moorhouse,,
1344,tt0256276,2023-01-24,2023-01-24,,Possession,https://www.imdb.com/title/tt0256276/,movie,6.3,102,2002,"Drama, Mystery, Romance",13456,2002-08-16,Neil LaBute,,
1345,tt0262396,2023-01-24,2023-01-24,,Empire,https://www.imdb.com/title/tt0262396/,movie,5.9,90,2002,"Crime, Drama, Thriller",7684,2002-01-31,Franc. Reyes,,
1346,tt0119640,2023-01-24,2023-01-24,,McHale's Navy,https://www.imdb.com/title/tt0119640/,movie,4.5,108,1997,"Action, Comedy",6878,1997-04-18,Bryan Spicer,,
1347,tt0119326,2023-01-24,2023-01-24,,How to Be a Player,https://www.imdb.com/title/tt0119326/,movie,5.3,93,1997,Comedy,9054,1997-08-06,Lionel C. Martin,,
1348,tt0319524,2023-01-24,2023-01-24,,How to Deal,https://www.imdb.com/title/tt0319524/,movie,5.6,101,2003,"Comedy, Drama, Romance",9785,2003-07-18,Clare Kilner,,
1349,tt0112895,2023-01-24,2023-01-24,,Dr. Jekyll and Ms. Hyde,https://www.imdb.com/title/tt0112895/,movie,4.5,100,1995,"Comedy, Romance, Sci-Fi",2916,1995-08-25,David Price,,
1350,tt0119517,2023-01-24,2023-01-24,,Your Friends and Neighbors,https://www.imdb.com/title/tt0119517/,movie,6.3,100,1998,"Comedy, Drama, Romance",8166,1998-08-19,Neil LaBute,,
1351,tt0338135,2023-01-24,2023-01-24,,Les invasions barbares,https://www.imdb.com/title/tt0338135/,movie,7.5,99,2003,"Comedy, Crime, Drama, Mystery, Romance",29509,2003-05-21,Denys Arcand,,
1352,tt0156323,2023-01-24,2023-01-24,,Screwed,https://www.imdb.com/title/tt0156323/,movie,5.6,81,2000,"Comedy, Crime",9253,2000-05-12,"Larry Karaszewski, Scott Alexander",,
1353,tt0134033,2023-01-24,2023-01-24,,Plunkett & Macleane,https://www.imdb.com/title/tt0134033/,movie,6.3,99,1999,"Action, Adventure, Comedy, Crime, Drama",10148,1999-01-22,Jake Scott,,
1354,tt0103747,2023-01-24,2023-01-24,,The Babe,https://www.imdb.com/title/tt0103747/,movie,5.9,115,1992,"Biography, Drama, Sport",11207,1992-04-17,Arthur Hiller,,
1355,tt0115725,2023-01-24,2023-01-24,,Bogus,https://www.imdb.com/title/tt0115725/,movie,5.3,110,1996,"Comedy, Family, Fantasy",6805,1996-09-06,Norman Jewison,,
1356,tt0324071,2023-01-24,2023-01-24,,Stealing Candy,https://www.imdb.com/title/tt0324071/,movie,4.3,80,2003,Thriller,753,2003-05-15,Mark L. Lester,,
1357,tt0263725,2023-01-24,2023-01-24,,Me Without You,https://www.imdb.com/title/tt0263725/,movie,6.7,107,2001,Drama,4691,2001-09-02,Sandra Goldbacher,,
1358,tt0180037,2023-01-24,2023-01-24,,Paperback Hero,https://www.imdb.com/title/tt0180037/,movie,6.4,96,1999,"Comedy, Romance",2256,1999-03-25,Antony J. Bowman,,
1359,tt0119709,2023-01-24,2023-01-24,,Most Wanted,https://www.imdb.com/title/tt0119709/,movie,5.6,99,1997,"Action, Thriller",6143,1997-10-07,David Hogan,,
1360,tt0106613,2023-01-24,2023-01-24,,Cop & ½,https://www.imdb.com/title/tt0106613/,movie,4.1,97,1993,"Comedy, Crime, Family",8899,1993-04-02,Henry Winkler,,
1361,tt0186183,2023-01-24,2023-01-24,,The Guilty,https://www.imdb.com/title/tt0186183/,movie,6.1,108,2000,"Crime, Drama, Thriller",3648,2000-06-01,Anthony Waller,,
1362,tt0261992,2023-01-24,2023-01-24,,Winter Break,https://www.imdb.com/title/tt0261992/,movie,5.0,92,2003,"Comedy, Drama",1388,2003-08-13,Marni Banack,,
1363,tt0106455,2023-01-24,2023-01-24,,Boiling Point,https://www.imdb.com/title/tt0106455/,movie,5.0,92,1993,"Action, Crime, Drama, Thriller",6243,1993-04-16,James B. Harris,,
1364,tt0120723,2023-01-24,2023-01-24,,Kissing a Fool,https://www.imdb.com/title/tt0120723/,movie,5.5,93,1998,"Comedy, Romance",5346,1998-02-27,Doug Ellin,,
1365,tt0196106,2023-01-24,2023-01-24,,MVP: Most Valuable Primate,https://www.imdb.com/title/tt0196106/,movie,4.1,93,2000,"Comedy, Family, Sport",2617,2000-08-11,Robert Vince,,
1366,tt0114788,2023-01-24,2023-01-24,,Underneath,https://www.imdb.com/title/tt0114788/,movie,6.1,99,1995,"Crime, Thriller",3678,1995-03-13,Steven Soderbergh,,
1367,tt0117965,2023-01-24,2023-01-24,,The Trigger Effect,https://www.imdb.com/title/tt0117965/,movie,5.7,94,1996,"Drama, Thriller",7879,1996-08-30,David Koepp,,
1368,tt0113360,2023-01-24,2023-01-24,,The Hunted,https://www.imdb.com/title/tt0113360/,movie,5.9,111,1995,"Action, Drama, Thriller",5366,1995-02-24,J.F. Lawton,,
1369,tt0327409,2023-01-24,2023-01-24,,Alien Hunter,https://www.imdb.com/title/tt0327409/,movie,5.1,92,2003,"Action, Adventure, Sci-Fi, Thriller",4600,2003-07-19,Ron Krauss,,
1370,tt0280969,2023-01-24,2023-01-24,,My Little Eye,https://www.imdb.com/title/tt0280969/,movie,5.5,95,2002,"Horror, Mystery, Thriller",12262,2002-08-16,Marc Evans,,
1371,tt0338554,2023-01-24,2023-01-24,,White Rush,https://www.imdb.com/title/tt0338554/,movie,4.5,87,2003,"Crime, Thriller",393,2003-09-16,Mark L. Lester,,
1372,tt0309986,2023-01-24,2023-01-24,,Paper Soldiers,https://www.imdb.com/title/tt0309986/,movie,5.4,88,2002,"Action, Comedy, Crime",1380,2002-06-30,"David Daniel, Damon Dash",,
1373,tt0149367,2023-01-24,2023-01-24,,Where the Money Is,https://www.imdb.com/title/tt0149367/,movie,6.3,89,2000,"Drama, Comedy, Crime",6181,2000-04-14,Marek Kanievska,,
1374,tt0120699,2023-01-24,2023-01-24,,The Hi-Lo Country,https://www.imdb.com/title/tt0120699/,movie,6.1,114,1998,"Drama, Romance, Western",4444,1998-12-30,Stephen Frears,,
1375,tt0116165,2023-01-24,2023-01-24,,Ed,https://www.imdb.com/title/tt0116165/,movie,2.7,94,1996,"Comedy, Family, Sport",8636,1996-03-15,Bill Couturié,,
1376,tt0108207,2023-01-24,2023-01-24,,Splitting Heirs,https://www.imdb.com/title/tt0108207/,movie,5.5,87,1993,"Comedy, Crime",4400,1993-04-02,Robert Young,,
1377,tt0187512,2023-01-24,2023-01-24,,"Slap Her, She's French!",https://www.imdb.com/title/tt0187512/,movie,5.0,92,2002,"Comedy, Romance",5700,2002-01-31,Melanie Mayron,,
1378,tt0120318,2023-01-24,2023-01-24,,That Old Feeling,https://www.imdb.com/title/tt0120318/,movie,6.1,105,1997,"Comedy, Romance",3934,1997-04-04,Carl Reiner,,
1379,tt0273689,2023-01-24,2023-01-24,,It's All About Love,https://www.imdb.com/title/tt0273689/,movie,5.3,106,2003,"Drama, Romance, Sci-Fi, Thriller",9672,2003-01-10,Thomas Vinterberg,,
1380,tt0105187,2023-01-24,2023-01-24,,The Public Eye,https://www.imdb.com/title/tt0105187/,movie,6.5,99,1992,"Crime, Drama, Romance, Thriller",4176,1992-09-15,Howard Franklin,,
1381,tt0120813,2023-01-24,2023-01-24,,Safe Men,https://www.imdb.com/title/tt0120813/,movie,5.8,88,1998,"Comedy, Crime",3432,1998-08-07,John Hamburg,,
1382,tt0119092,2023-01-24,2023-01-24,,Face,https://www.imdb.com/title/tt0119092/,movie,6.6,105,1997,"Crime, Drama, Thriller",4598,1997-09-03,Antonia Bird,,
1383,tt0280949,2023-01-24,2023-01-24,,Miranda,https://www.imdb.com/title/tt0280949/,movie,5.4,90,2002,"Comedy, Romance, Thriller",1996,2002-01-18,Marc Munden,,
1384,tt0216799,2023-01-24,2023-01-24,,Harrison's Flowers,https://www.imdb.com/title/tt0216799/,movie,7.1,130,2000,"Drama, Romance, War",6515,2000-09-23,Élie Chouraqui,,
1385,tt0117128,2023-01-24,2023-01-24,,Mystery Science Theater 3000: The Movie,https://www.imdb.com/title/tt0117128/,movie,7.2,73,1996,"Comedy, Drama, Fantasy, Horror, Mystery, Sci-Fi, Thriller",18588,1996-04-19,Jim Mallon,,
1386,tt0120108,2023-01-24,2023-01-24,,The Proposition,https://www.imdb.com/title/tt0120108/,movie,6.2,110,1998,"Drama, Romance",2264,1998-03-27,Lesli Linka Glatter,,
1387,tt0341376,2023-01-24,2023-01-24,,Gettin' Square,https://www.imdb.com/title/tt0341376/,movie,6.6,100,2003,"Comedy, Crime, Thriller",3162,2003-07-29,Jonathan Teplitzky,,
1388,tt0116442,2023-01-24,2023-01-24,,Grace of My Heart,https://www.imdb.com/title/tt0116442/,movie,6.7,116,1996,"Comedy, Drama, Music",3939,1996-09-08,Allison Anders,,
1389,tt0104215,2023-01-24,2023-01-24,,Excessive Force,https://www.imdb.com/title/tt0104215/,movie,5.3,87,1993,Action,1407,1993-05-14,Jon Hess,,
1390,tt0268579,2023-01-24,2023-01-24,,Ripper,https://www.imdb.com/title/tt0268579/,movie,4.6,114,2001,"Horror, Thriller",2925,2001-08-08,John Eyres,,
1391,tt0280962,2023-01-24,2023-01-24,,Mr In-Between,https://www.imdb.com/title/tt0280962/,movie,6.2,98,2001,"Crime, Horror, Romance, Thriller",725,2001-09-10,Paul Sarossy,,
1392,tt0182000,2023-01-24,2023-01-24,,The Caveman's Valentine,https://www.imdb.com/title/tt0182000/,movie,5.8,105,2001,"Crime, Drama, Music, Mystery, Thriller",7979,2001-01-19,Kasi Lemmons,,
1393,tt0283534,2023-01-24,2023-01-24,,The Parole Officer,https://www.imdb.com/title/tt0283534/,movie,6.3,93,2001,"Comedy, Crime",6951,2001-08-10,John Duigan,,
1394,tt0105078,2023-01-24,2023-01-24,,Out on a Limb,https://www.imdb.com/title/tt0105078/,movie,5.3,93,1992,Comedy,1921,1992-09-04,Francis Veber,,
1395,tt0340376,2023-01-24,2023-01-24,,The Statement,https://www.imdb.com/title/tt0340376/,movie,6.2,114,2003,"Thriller, Drama",5362,2003-12-12,Norman Jewison,,
1396,tt0286152,2023-01-24,2023-01-24,,Stark Raving Mad,https://www.imdb.com/title/tt0286152/,movie,6.2,101,2002,"Action, Comedy, Crime",5173,2002-05-23,"David Schneider, Drew Daywalt",,
1397,tt0104697,2023-01-24,2023-01-24,,Leaving Normal,https://www.imdb.com/title/tt0104697/,movie,6.5,110,1992,"Comedy, Drama",1530,1992-04-29,Edward Zwick,,
1398,tt0129774,2023-01-24,2023-01-24,,Bandyta,https://www.imdb.com/title/tt0129774/,movie,6.4,102,1997,Drama,1014,1997-11-07,Maciej Dejczer,,
1399,tt0285685,2023-01-24,2023-01-24,,MVP: Most Vertical Primate,https://www.imdb.com/title/tt0285685/,movie,3.9,87,2001,"Comedy, Family, Sport",1293,2001-09-23,Robert Vince,,
1400,tt0251806,2023-01-24,2023-01-24,,Long Time Dead,https://www.imdb.com/title/tt0251806/,movie,4.7,94,2002,"Horror, Thriller",5861,2002-01-18,Marcus Adams,,
1401,tt0116601,2023-01-24,2023-01-24,,I'm Not Rappaport,https://www.imdb.com/title/tt0116601/,movie,6.5,135,1996,"Comedy, Drama",1766,1996-12-24,Herb Gardner,,
1402,tt0307553,2023-01-24,2023-01-24,,Tempo,https://www.imdb.com/title/tt0307553/,movie,4.6,83,2003,"Romance, Crime, Thriller",1051,2003-06-10,Eric Styles,,
1403,tt0308496,2023-01-24,2023-01-24,,Leo,https://www.imdb.com/title/tt0308496/,movie,6.5,104,2002,Drama,1028,2002-09-11,Mehdi Norowzian,,
1404,tt0291265,2023-01-24,2023-01-24,,Instinct to Kill,https://www.imdb.com/title/tt0291265/,movie,4.7,90,2001,"Action, Thriller",713,2001-10-31,Gustavo Graef Marino,,
1405,tt0211661,2023-01-24,2023-01-24,,Terror Tract,https://www.imdb.com/title/tt0211661/,movie,6.0,96,2000,"Comedy, Horror, Romance, Thriller",1822,2000-10-18,"Clint Hutchison, Lance W. Dreesen",,
1406,tt0307156,2023-01-24,2023-01-24,,Michel Vaillant,https://www.imdb.com/title/tt0307156/,movie,5.3,103,2003,"Action, Sport",4299,2003-11-08,Louis-Pascal Couvelaire,,
1407,tt0141399,2023-01-24,2023-01-24,,Isn't She Great,https://www.imdb.com/title/tt0141399/,movie,5.3,95,2000,"Biography, Comedy, Drama, Romance",2493,2000-01-28,Andrew Bergman,,
1408,tt0107511,2023-01-24,2023-01-24,,Mannen på balkongen,https://www.imdb.com/title/tt0107511/,movie,6.2,91,1993,"Crime, Drama, Mystery, Thriller",1271,1993-11-26,Daniel Alfredson,,
1409,tt0243554,2023-01-24,2023-01-24,,When Strangers Appear,https://www.imdb.com/title/tt0243554/,movie,6.3,98,2001,"Action, Mystery, Thriller",3036,2001-07-21,Scott Reynolds,,
1410,tt0119574,2023-01-24,2023-01-24,,Love and Death on Long Island,https://www.imdb.com/title/tt0119574/,movie,6.9,93,1997,"Comedy, Drama",4059,1997-05-11,Richard Kwietniowski,,
1411,tt0285879,2023-01-24,2023-01-24,,Passionada,https://www.imdb.com/title/tt0285879/,movie,6.2,108,2002,"Comedy, Romance, Drama",1348,2002-06-16,Dan Ireland,,
1412,tt0119512,2023-01-24,2023-01-24,,Left Luggage,https://www.imdb.com/title/tt0119512/,movie,7.3,100,1998,Drama,2934,1998-02-12,Jeroen Krabbé,,
1413,tt0153464,2023-01-24,2023-01-24,,Up at the Villa,https://www.imdb.com/title/tt0153464/,movie,6.0,115,2000,"Drama, Romance",2754,2000-04-14,Philip Haas,,
1414,tt0298131,2023-01-24,2023-01-24,,Rosenstrasse,https://www.imdb.com/title/tt0298131/,movie,6.7,136,2003,"Drama, War",2469,2003-08-10,Margarethe von Trotta,,
1415,tt0218067,2023-01-24,2023-01-24,,The Calling,https://www.imdb.com/title/tt0218067/,movie,4.3,89,2000,"Horror, Thriller",2042,2000-12-21,Richard Caesar,,
1416,tt0319470,2023-01-24,2023-01-24,,The Guys,https://www.imdb.com/title/tt0319470/,movie,6.3,84,2002,Drama,1381,2002-09-11,Jim Simpson,,
1417,tt0219519,2023-01-24,2023-01-24,,Auggie Rose,https://www.imdb.com/title/tt0219519/,movie,6.3,109,2000,"Drama, Mystery, Romance",1607,2000-05-14,Matthew Tabak,,
1418,tt0280438,2023-01-24,2023-01-24,,Ash Wednesday,https://www.imdb.com/title/tt0280438/,movie,5.8,99,2002,"Crime, Drama",3105,2002-05-11,Edward Burns,,
1419,tt0251415,2023-01-24,2023-01-24,,Stickmen,https://www.imdb.com/title/tt0251415/,movie,6.6,98,2001,"Comedy, Drama, Sport",1497,2001-01-18,Hamish Rothwell,,
1420,tt0301848,2023-01-24,2023-01-24,,Slash,https://www.imdb.com/title/tt0301848/,movie,4.3,93,2002,"Comedy, Horror, Thriller",1603,2002-07-13,Neal Sundstrom,,
1421,tt0107989,2023-01-24,2023-01-24,,Roseanna,https://www.imdb.com/title/tt0107989/,movie,6.2,95,1993,"Crime, Drama, Thriller",1167,1993-10-06,Daniel Alfredson,,
1422,tt0221069,2023-01-24,2023-01-24,,Chasing Sleep,https://www.imdb.com/title/tt0221069/,movie,6.2,104,2000,"Drama, Horror, Mystery, Thriller",3540,2000-09-08,Michael Walker,,
1423,tt0339607,2023-01-24,2023-01-24,,Mail Order Bride,https://www.imdb.com/title/tt0339607/,movie,4.1,84,2003,Comedy,332,2003-06-25,"Robert Capelli Jr., Jeffrey Wolf",,
1424,tt0151047,2023-01-24,2023-01-24,,In a Savage Land,https://www.imdb.com/title/tt0151047/,movie,6.1,115,1999,"Adventure, Drama",559,1999-10-21,Bill Bennett,,
1425,tt0244709,2023-01-24,2023-01-24,,Pavilion of Women,https://www.imdb.com/title/tt0244709/,movie,5.8,116,2001,"Drama, Romance, War",1044,2001-03-16,Ho Yim,,
1426,tt0106476,2023-01-24,2023-01-24,,Brandbilen som försvann,https://www.imdb.com/title/tt0106476/,movie,5.9,90,1993,"Crime, Drama, Thriller",1290,1993-07-02,Hajo Gies,,
1427,tt0271984,2023-01-24,2023-01-24,,Bad Karma,https://www.imdb.com/title/tt0271984/,movie,3.3,92,2001,"Horror, Thriller",729,2001-10-27,John Hough,,
1428,tt0107846,2023-01-24,2023-01-24,,Polis polis potatismos,https://www.imdb.com/title/tt0107846/,movie,5.9,91,1993,"Crime, Drama, Mystery, Thriller",1188,1993-10-06,Per Berglund,,
1429,tt0111292,2023-01-24,2023-01-24,,Stockholm Marathon,https://www.imdb.com/title/tt0111292/,movie,5.4,87,1994,"Crime, Drama, Thriller",1248,1994-07-01,Peter Keglevic,,
1430,tt0282695,2023-01-24,2023-01-24,,Lone Hero,https://www.imdb.com/title/tt0282695/,movie,5.5,90,2002,"Action, Adventure, Drama",744,2002-04-12,Ken Sanzel,,
1431,tt0287425,2023-01-24,2023-01-24,,Emmett's Mark,https://www.imdb.com/title/tt0287425/,movie,6.0,104,2002,"Crime, Drama, Romance, Thriller",1933,2002-04-13,Keith Snyder,,
1432,tt0168848,2023-01-24,2023-01-24,,Harlem Aria,https://www.imdb.com/title/tt0168848/,movie,6.0,100,1999,Drama,301,1999-09-12,William Jennings,,
1433,tt0109828,2023-01-24,2023-01-24,,Foreign Student,https://www.imdb.com/title/tt0109828/,movie,5.8,90,1994,Drama,342,1994-04-20,Eva Sereny,,
1434,tt0295152,2023-01-24,2023-01-24,,Die Abrafaxe - Unter schwarzer Flagge,https://www.imdb.com/title/tt0295152/,movie,5.7,81,2001,"Animation, Adventure, Comedy, Family",260,2001-10-25,"Anthony Power, Gerhard Hahn",,
1435,tt0239467,2023-01-24,2023-01-24,,The Hollywood Sign,https://www.imdb.com/title/tt0239467/,movie,5.2,90,2001,"Comedy, Crime",712,2001-09-28,Sönke Wortmann,,
1436,tt0129854,2023-01-24,2023-01-24,,Cuisine américaine,https://www.imdb.com/title/tt0129854/,movie,6.2,92,1998,Comedy,887,1998-10-21,Jean-Yves Pitoun,,
1437,tt0247419,2023-01-24,2023-01-24,,Ignition,https://www.imdb.com/title/tt0247419/,movie,5.1,99,2001,"Action, Drama, Thriller",1046,2001-11-12,Yves Simoneau,,
1438,tt0159373,2023-01-24,2023-01-24,,Cotton Mary,https://www.imdb.com/title/tt0159373/,movie,5.2,124,1999,Drama,536,1999-12-17,"Madhur Jaffrey, Ismail Merchant",,
1439,tt0219327,2023-01-24,2023-01-24,,Strictly Sinatra,https://www.imdb.com/title/tt0219327/,movie,5.7,97,2001,"Drama, Music, Romance",552,2001-06-10,Peter Capaldi,,
1440,tt0346900,2023-01-24,2023-01-24,,Dragon Hill. La colina del dragón,https://www.imdb.com/title/tt0346900/,movie,5.3,80,2002,"Animation, Adventure, Family, Fantasy",271,2002-12-20,Ángel Izquierdo,,
1441,tt0243904,2023-01-24,2023-01-24,,The Final Curtain,https://www.imdb.com/title/tt0243904/,movie,5.6,85,2002,Drama,562,2002-10-12,Patrick Harkins,,
1442,tt0111703,2023-01-24,2023-01-24,,Bleeding Hearts,https://www.imdb.com/title/tt0111703/,movie,4.9,92,1994,"Drama, Romance",164,1994-09-11,Gregory Hines,,
1443,tt0158049,2023-01-24,2023-01-24,,One Hell of a Guy,https://www.imdb.com/title/tt0158049/,movie,4.3,97,1998,"Comedy, Fantasy, Romance",299,1998-12-31,James David Pasternak,,
1444,tt0213053,2023-01-24,2023-01-24,,Lava,https://www.imdb.com/title/tt0213053/,movie,5.3,96,2001,"Comedy, Crime, Thriller",219,2001-09-08,Joe Tucker,,
1445,tt0135049,2023-01-24,2023-01-24,,When Danger Follows You Home,https://www.imdb.com/title/tt0135049/,movie,5.2,85,1997,Thriller,185,1997-12-03,David E. Peckinpah,,
1446,tt0114346,2023-01-24,2023-01-24,,Scenes for the Soul,https://www.imdb.com/title/tt0114346/,movie,5.8,,1995,,21,,George Tillman Jr.,,
1447,tt0351265,2023-01-24,2023-01-24,,The Lucky Ones,https://www.imdb.com/title/tt0351265/,movie,6.6,78,2003,"Crime, Drama, Fantasy",25,,Loren-Paul Caplin,,
1448,tt0355309,2023-01-24,2023-01-24,,The Cat in the Hat: The Ride,https://www.imdb.com/title/tt0355309/,movie,8.0,,1999,Family,17,1999-05-28,,,
1449,tt0131063,2023-01-24,2023-01-24,,Thieves,https://www.imdb.com/title/tt0131063/,movie,5.5,,1999,"Crime, Drama",69,,,,
1450,tt0174148,2023-01-24,2023-01-24,,Pursuit,https://www.imdb.com/title/tt0174148/,movie,,,2001,,,,,,
1451,tt0147974,2023-01-24,2023-01-24,,Aju teukbyeolhan byeonshin,https://www.imdb.com/title/tt0147974/,movie,,95,1994,"Crime, Drama, Thriller",,1994-04-22,,,
1452,tt0325980,2023-01-24,2023-01-24,,Pirates of the Caribbean: The Curse of the Black Pearl,https://www.imdb.com/title/tt0325980/,movie,8.1,143,2003,"Action, Adventure, Fantasy",1136031,2003-06-28,Gore Verbinski,,
1453,tt0245429,2023-01-24,2023-01-24,,Sen to Chihiro no kamikakushi,https://www.imdb.com/title/tt0245429/,movie,8.6,125,2001,"Animation, Adventure, Family, Fantasy, Mystery",771431,2001-07-20,Hayao Miyazaki,,
1454,tt0110357,2023-01-24,2023-01-24,,The Lion King,https://www.imdb.com/title/tt0110357/,movie,8.5,88,1994,"Animation, Adventure, Drama, Family, Musical",1066491,1994-06-12,"Rob Minkoff, Roger Allers",,
1455,tt0210945,2023-01-24,2023-01-24,,Remember the Titans,https://www.imdb.com/title/tt0210945/,movie,7.8,113,2000,"Biography, Drama, Sport",218953,2000-09-23,Boaz Yakin,,
1456,tt0147800,2023-01-24,2023-01-24,,10 Things I Hate About You,https://www.imdb.com/title/tt0147800/,movie,7.3,97,1999,"Comedy, Drama, Romance",349862,1999-03-31,Gil Junger,,
1457,tt0266543,2023-01-24,2023-01-24,,Finding Nemo,https://www.imdb.com/title/tt0266543/,movie,8.2,100,2003,"Animation, Adventure, Comedy, Family",1051237,2003-05-18,"Andrew Stanton, Lee Unkrich",,
1458,tt0114709,2023-01-24,2023-01-24,,Toy Story,https://www.imdb.com/title/tt0114709/,movie,8.3,81,1995,"Animation, Adventure, Comedy, Family, Fantasy",1001267,1995-11-19,John Lasseter,,
1459,tt0286106,2023-01-24,2023-01-24,,Signs,https://www.imdb.com/title/tt0286106/,movie,6.8,106,2002,"Drama, Mystery, Sci-Fi, Thriller",367843,2002-07-29,M. Night Shyamalan,,
1460,tt0120201,2023-01-24,2023-01-24,,Starship Troopers,https://www.imdb.com/title/tt0120201/,movie,7.3,129,1997,"Action, Adventure, Sci-Fi, Thriller",300268,1997-11-04,Paul Verhoeven,,
1461,tt0120783,2023-01-24,2023-01-24,,The Parent Trap,https://www.imdb.com/title/tt0120783/,movie,6.6,128,1998,"Adventure, Comedy, Drama, Family, Romance",141783,1998-07-20,Nancy Meyers,,
1462,tt0119190,2023-01-24,2023-01-24,,George of the Jungle,https://www.imdb.com/title/tt0119190/,movie,5.5,92,1997,"Action, Adventure, Comedy, Family, Romance",80109,1997-07-16,Sam Weisman,,
1463,tt0119282,2023-01-24,2023-01-24,,Hercules,https://www.imdb.com/title/tt0119282/,movie,7.3,93,1997,"Animation, Adventure, Comedy, Family, Fantasy, Musical, Romance",236061,1997-06-13,"Ron Clements, John Musker",,
1464,tt0108255,2023-01-24,2023-01-24,,Super Mario Bros.,https://www.imdb.com/title/tt0108255/,movie,4.1,104,1993,"Adventure, Comedy, Family, Fantasy, Sci-Fi",56153,1993-05-28,"Annabel Jankel, Rocky Morton",,
1465,tt0213149,2023-01-24,2023-01-24,,Pearl Harbor,https://www.imdb.com/title/tt0213149/,movie,6.2,183,2001,"Action, Drama, History, Romance, War",336852,2001-05-21,Michael Bay,,
1466,tt0198781,2023-01-24,2023-01-24,,"Monsters, Inc.",https://www.imdb.com/title/tt0198781/,movie,8.1,92,2001,"Animation, Adventure, Comedy, Family, Fantasy",916985,2001-10-28,"David Silverman, Pete Docter, Lee Unkrich",,
1467,tt0120623,2023-01-24,2023-01-24,,A Bug's Life,https://www.imdb.com/title/tt0120623/,movie,7.2,95,1998,"Animation, Adventure, Comedy, Family, Fantasy",297216,1998-11-14,"Andrew Stanton, John Lasseter",,
1468,tt0200550,2023-01-24,2023-01-24,,Coyote Ugly,https://www.imdb.com/title/tt0200550/,movie,5.7,100,2000,"Comedy, Drama, Music, Romance",116785,2000-07-31,David McNally,,
1469,tt0217869,2023-01-24,2023-01-24,,Unbreakable,https://www.imdb.com/title/tt0217869/,movie,7.3,106,2000,"Drama, Mystery, Sci-Fi, Thriller",422509,2000-11-14,M. Night Shyamalan,,
1470,tt0175880,2023-01-24,2023-01-24,,Magnolia,https://www.imdb.com/title/tt0175880/,movie,8.0,188,1999,Drama,315987,1999-12-08,Paul Thomas Anderson,,
1471,tt0103639,2023-01-24,2023-01-24,,Aladdin,https://www.imdb.com/title/tt0103639/,movie,8.0,90,1992,"Animation, Adventure, Comedy, Family, Fantasy, Musical, Romance",426726,1992-11-08,"Ron Clements, John Musker",,
1472,tt0247638,2023-01-24,2023-01-24,,The Princess Diaries,https://www.imdb.com/title/tt0247638/,movie,6.4,115,2001,"Comedy, Family, Romance",150323,2001-07-29,Garry Marshall,,
1473,tt0256415,2023-01-24,2023-01-24,,Sweet Home Alabama,https://www.imdb.com/title/tt0256415/,movie,6.2,108,2002,"Comedy, Romance",116109,2002-09-20,Andy Tennant,,
1474,tt0245844,2023-01-24,2023-01-24,,The Count of Monte Cristo,https://www.imdb.com/title/tt0245844/,movie,7.7,131,2002,"Action, Adventure, Drama, Thriller",140317,2002-01-23,Kevin Reynolds,,
1475,tt0109287,2023-01-24,2023-01-24,,Blank Check,https://www.imdb.com/title/tt0109287/,movie,5.2,93,1994,"Comedy, Crime, Family",21045,1994-02-11,Rupert Wainwright,,
1476,tt0265666,2023-01-24,2023-01-24,,The Royal Tenenbaums,https://www.imdb.com/title/tt0265666/,movie,7.6,110,2001,"Comedy, Drama",296947,2001-10-05,Wes Anderson,,
1477,tt0120762,2023-01-24,2023-01-24,,Mulan,https://www.imdb.com/title/tt0120762/,movie,7.6,87,1998,"Animation, Adventure, Comedy, Family, Fantasy, Musical, War",293206,1998-06-05,"Tony Bancroft, Barry Cook",,
1478,tt0120484,2023-01-24,2023-01-24,,The Waterboy,https://www.imdb.com/title/tt0120484/,movie,6.1,90,1998,"Comedy, Sport",167940,1998-11-06,Frank Coraci,,
1479,tt0118880,2023-01-24,2023-01-24,,Con Air,https://www.imdb.com/title/tt0118880/,movie,6.9,115,1997,"Action, Crime, Thriller",303946,1997-06-02,Simon West,,
1480,tt0230011,2023-01-24,2023-01-24,,Atlantis: The Lost Empire,https://www.imdb.com/title/tt0230011/,movie,6.9,95,2001,"Animation, Action, Adventure, Family, Fantasy, Sci-Fi",123285,2001-06-02,"Kirk Wise, Gary Trousdale",,
1481,tt0187078,2023-01-24,2023-01-24,,Gone in Sixty Seconds,https://www.imdb.com/title/tt0187078/,movie,6.5,118,2000,"Action, Crime, Thriller",282402,2000-06-05,Dominic Sena,,
1482,tt0120855,2023-01-24,2023-01-24,,Tarzan,https://www.imdb.com/title/tt0120855/,movie,7.3,88,1999,"Animation, Adventure, Comedy, Drama, Family, Music",230746,1999-06-12,"Kevin Lima, Chris Buck",,
1483,tt0275847,2023-01-24,2023-01-24,,Lilo & Stitch,https://www.imdb.com/title/tt0275847/,movie,7.3,85,2002,"Animation, Adventure, Comedy, Drama, Family, Fantasy, Sci-Fi",195013,2002-06-16,"Chris Sanders, Dean DeBlois",,
1484,tt0133240,2023-01-24,2023-01-24,,Treasure Planet,https://www.imdb.com/title/tt0133240/,movie,7.2,95,2002,"Animation, Adventure, Family, Fantasy, Sci-Fi",122045,2002-11-05,"Ron Clements, John Musker",,
1485,tt0120917,2023-01-24,2023-01-24,,The Emperor's New Groove,https://www.imdb.com/title/tt0120917/,movie,7.4,78,2000,"Animation, Adventure, Comedy, Family, Fantasy",208454,2000-11-22,Mark Dindal,,
1486,tt0110006,2023-01-24,2023-01-24,,Heavyweights,https://www.imdb.com/title/tt0110006/,movie,6.6,100,1995,"Comedy, Drama, Family, Sport",28791,1995-02-17,Steven Brill,,
1487,tt0302640,2023-01-24,2023-01-24,,The Hot Chick,https://www.imdb.com/title/tt0302640/,movie,5.5,104,2002,"Comedy, Fantasy",97715,2002-12-02,Tom Brady,,
1488,tt0107889,2023-01-24,2023-01-24,,The Program,https://www.imdb.com/title/tt0107889/,movie,6.4,112,1993,"Action, Drama, Romance, Sport",10942,1993-09-24,David S. Ward,,
1489,tt0107120,2023-01-24,2023-01-24,,Hocus Pocus,https://www.imdb.com/title/tt0107120/,movie,6.9,96,1993,"Comedy, Family, Fantasy, Horror",144563,1993-07-16,Kenny Ortega,,
1490,tt0120363,2023-01-24,2023-01-24,,Toy Story 2,https://www.imdb.com/title/tt0120363/,movie,7.9,92,1999,"Animation, Adventure, Comedy, Family, Fantasy",587203,1999-11-13,"John Lasseter, Lee Unkrich, Ash Brannon",,
1491,tt0107131,2023-01-24,2023-01-24,,Homeward Bound: The Incredible Journey,https://www.imdb.com/title/tt0107131/,movie,6.9,84,1993,"Adventure, Comedy, Drama, Family",47880,1993-02-03,Duwayne Dunham,,
1492,tt0104868,2023-01-24,2023-01-24,,The Mighty Ducks,https://www.imdb.com/title/tt0104868/,movie,6.5,104,1992,"Comedy, Drama, Family, Sport",67934,1992-09-20,Stephen Herek,,
1493,tt0120660,2023-01-24,2023-01-24,,Enemy of the State,https://www.imdb.com/title/tt0120660/,movie,7.3,132,1998,"Action, Thriller",247770,1998-11-18,Tony Scott,,
1494,tt0104990,2023-01-24,2023-01-24,,Newsies,https://www.imdb.com/title/tt0104990/,movie,6.9,121,1992,"Drama, Family, History, Musical",21376,1992-04-08,Kenny Ortega,,
1495,tt0108333,2023-01-24,2023-01-24,,The Three Musketeers,https://www.imdb.com/title/tt0108333/,movie,6.4,105,1993,"Action, Adventure, Comedy, Family, Romance",56246,1993-11-12,Stephen Herek,,
1496,tt0116583,2023-01-24,2023-01-24,,The Hunchback of Notre Dame,https://www.imdb.com/title/tt0116583/,movie,7.0,91,1996,"Animation, Drama, Family, Musical, Romance",160991,1996-06-19,"Kirk Wise, Gary Trousdale",,
1497,tt0114148,2023-01-24,2023-01-24,,Pocahontas,https://www.imdb.com/title/tt0114148/,movie,6.7,81,1995,"Animation, Adventure, Drama, Family, Musical, Romance",190936,1995-06-15,"Eric Goldberg, Mike Gabriel",,
1498,tt0130623,2023-01-24,2023-01-24,,Dinosaur,https://www.imdb.com/title/tt0130623/,movie,6.4,82,2000,"Animation, Adventure, Drama, Family, Fantasy",62612,2000-05-13,"Ralph Zondag, Eric Leighton",,
1499,tt0113198,2023-01-24,2023-01-24,,A Goofy Movie,https://www.imdb.com/title/tt0113198/,movie,6.9,78,1995,"Animation, Adventure, Comedy, Family, Musical, Romance",56905,1995-04-02,Kevin Lima,,
1500,tt0322330,2023-01-24,2023-01-24,,Freaky Friday,https://www.imdb.com/title/tt0322330/,movie,6.3,97,2003,"Comedy, Family, Fantasy, Music, Romance",142078,2003-08-04,Mark Waters,,
1501,tt0253556,2023-01-24,2023-01-24,,Reign of Fire,https://www.imdb.com/title/tt0253556/,movie,6.2,101,2002,"Action, Adventure, Fantasy, Thriller",138880,2002-07-09,Rob Bowman,,
1502,tt0205000,2023-01-24,2023-01-24,,Deuce Bigalow: Male Gigolo,https://www.imdb.com/title/tt0205000/,movie,5.7,88,1999,"Comedy, Romance",76679,1999-12-02,Mike Mitchell,,
1503,tt0105417,2023-01-24,2023-01-24,,Sister Act,https://www.imdb.com/title/tt0105417/,movie,6.5,100,1992,"Comedy, Family, Music",101639,1992-05-29,Emile Ardolino,,
1504,tt0146882,2023-01-24,2023-01-24,,High Fidelity,https://www.imdb.com/title/tt0146882/,movie,7.4,113,2000,"Comedy, Drama, Music, Romance",182576,2000-03-17,Stephen Frears,,
1505,tt0108147,2023-01-24,2023-01-24,,Sister Act 2: Back in the Habit,https://www.imdb.com/title/tt0108147/,movie,5.6,107,1993,"Comedy, Family, Music",55380,1993-12-10,Bill Duke,,
1506,tt0128445,2023-01-24,2023-01-24,,Rushmore,https://www.imdb.com/title/tt0128445/,movie,7.6,93,1998,"Comedy, Drama, Romance",188112,1998-09-17,Wes Anderson,,
1507,tt0292506,2023-01-24,2023-01-24,,The Recruit,https://www.imdb.com/title/tt0292506/,movie,6.6,115,2003,"Action, Thriller",138107,2003-01-25,Roger Donaldson,,
1508,tt0211443,2023-01-24,2023-01-24,,Jason X,https://www.imdb.com/title/tt0211443/,movie,4.4,92,2001,"Action, Horror, Sci-Fi, Thriller",57924,2001-07-24,James Isaac,,
1509,tt0140352,2023-01-24,2023-01-24,,The Insider,https://www.imdb.com/title/tt0140352/,movie,7.8,157,1999,"Biography, Drama, Thriller",173188,1999-10-28,Michael Mann,,
1510,tt0115433,2023-01-24,2023-01-24,,101 Dalmatians,https://www.imdb.com/title/tt0115433/,movie,5.7,103,1996,"Adventure, Comedy, Crime, Family",112959,1996-11-18,Stephen Herek,,
1511,tt0120657,2023-01-24,2023-01-24,,The 13th Warrior,https://www.imdb.com/title/tt0120657/,movie,6.6,102,1999,"Action, Adventure, History",126651,1999-08-13,"Michael Crichton, John McTiernan",,
1512,tt0106611,2023-01-24,2023-01-24,,Cool Runnings,https://www.imdb.com/title/tt0106611/,movie,7.0,98,1993,"Adventure, Comedy, Family, History, Sport",106595,1993-10-01,Jon Turteltaub,,
1513,tt0328880,2023-01-24,2023-01-24,,Brother Bear,https://www.imdb.com/title/tt0328880/,movie,6.8,85,2003,"Animation, Adventure, Comedy, Drama, Family, Fantasy, Musical",113896,2003-10-20,"Aaron Blaise, Robert Walker",,
1514,tt0307901,2023-01-24,2023-01-24,,25th Hour,https://www.imdb.com/title/tt0307901/,movie,7.6,135,2002,Drama,180549,2002-12-16,Spike Lee,,
1515,tt0300471,2023-01-24,2023-01-24,,Shanghai Knights,https://www.imdb.com/title/tt0300471/,movie,6.2,114,2003,"Action, Adventure, Comedy",108184,2003-01-30,David Dobkin,,
1516,tt0109707,2023-01-24,2023-01-24,,Ed Wood,https://www.imdb.com/title/tt0109707/,movie,7.8,127,1994,"Biography, Comedy, Drama",178259,1994-09-24,Tim Burton,,
1517,tt0116683,2023-01-24,2023-01-24,,James and the Giant Peach,https://www.imdb.com/title/tt0116683/,movie,6.7,79,1996,"Animation, Adventure, Family, Fantasy, Musical",69608,1996-04-12,Henry Selick,,
1518,tt0108551,2023-01-24,2023-01-24,,What's Love Got to Do with It,https://www.imdb.com/title/tt0108551/,movie,7.3,118,1993,"Biography, Drama, Music",21899,1993-06-06,Brian Gibson,,
1519,tt0109520,2023-01-24,2023-01-24,,D2: The Mighty Ducks,https://www.imdb.com/title/tt0109520/,movie,6.1,106,1994,"Comedy, Drama, Family, Sport",41245,1994-03-25,Sam Weisman,,
1520,tt0328589,2023-01-24,2023-01-24,,Under the Tuscan Sun,https://www.imdb.com/title/tt0328589/,movie,6.7,113,2003,"Comedy, Drama, Romance",54192,2003-09-20,Audrey Wells,,
1521,tt0111070,2023-01-24,2023-01-24,,The Santa Clause,https://www.imdb.com/title/tt0111070/,movie,6.5,97,1994,"Comedy, Drama, Family, Fantasy",124043,1994-11-11,John Pasquin,,
1522,tt0166896,2023-01-24,2023-01-24,,The Straight Story,https://www.imdb.com/title/tt0166896/,movie,8.0,112,1999,"Biography, Drama",92064,1999-05-21,David Lynch,,
1523,tt0109127,2023-01-24,2023-01-24,,Angels in the Outfield,https://www.imdb.com/title/tt0109127/,movie,6.2,102,1994,"Comedy, Family, Fantasy, Sport",32825,1994-07-10,William Dear,,
1524,tt0253798,2023-01-24,2023-01-24,,Out Cold,https://www.imdb.com/title/tt0253798/,movie,6.2,89,2001,"Comedy, Sport",17890,2001-11-21,"Emmett Malloy, Brendan Malloy",,
1525,tt0338094,2023-01-24,2023-01-24,,The Haunted Mansion,https://www.imdb.com/title/tt0338094/,movie,5.1,99,2003,"Comedy, Family, Fantasy, Horror, Mystery",50674,2003-11-26,Rob Minkoff,,
1526,tt0117438,2023-01-24,2023-01-24,,Ransom,https://www.imdb.com/title/tt0117438/,movie,6.7,121,1996,"Action, Crime, Thriller",130282,1996-11-01,Ron Howard,,
1527,tt0347618,2023-01-24,2023-01-24,,Neko no ongaeshi,https://www.imdb.com/title/tt0347618/,movie,7.1,75,2002,"Animation, Adventure, Comedy, Family, Fantasy, Romance",58387,2002-07-20,Hiroyuki Morita,,
1528,tt0119432,2023-01-24,2023-01-24,,Jungle 2 Jungle,https://www.imdb.com/title/tt0119432/,movie,5.2,105,1997,"Comedy, Family",24924,1997-03-07,John Pasquin,,
1529,tt0184894,2023-01-24,2023-01-24,,Shanghai Noon,https://www.imdb.com/title/tt0184894/,movie,6.6,110,2000,"Action, Adventure, Comedy, Western",129634,2000-05-19,Tom Dey,,
1530,tt0120029,2023-01-24,2023-01-24,,RocketMan,https://www.imdb.com/title/tt0120029/,movie,5.8,95,1997,"Comedy, Family, Sci-Fi",9902,1997-10-10,Stuart Gillard,,
1531,tt0141369,2023-01-24,2023-01-24,,Inspector Gadget,https://www.imdb.com/title/tt0141369/,movie,4.1,78,1999,"Action, Adventure, Comedy, Crime, Family, Sci-Fi",49052,1999-07-18,David Kellogg,,
1532,tt0258470,2023-01-24,2023-01-24,,Bubble Boy,https://www.imdb.com/title/tt0258470/,movie,5.7,84,2001,"Adventure, Comedy, Romance, Sci-Fi",33910,2001-08-23,Blair Hayes,,
1533,tt0162677,2023-01-24,2023-01-24,,Summer of Sam,https://www.imdb.com/title/tt0162677/,movie,6.7,142,1999,"Crime, Drama, Romance, Thriller",39481,1999-05-20,Spike Lee,,
1534,tt0183523,2023-01-24,2023-01-24,,Mission to Mars,https://www.imdb.com/title/tt0183523/,movie,5.6,114,2000,"Adventure, Sci-Fi, Thriller",74324,2000-03-06,Brian De Palma,,
1535,tt0306841,2023-01-24,2023-01-24,,The Lizzie McGuire Movie,https://www.imdb.com/title/tt0306841/,movie,5.5,94,2003,"Adventure, Comedy, Family, Music, Romance",40353,2003-04-26,Jim Fall,,
1536,tt0118570,2023-01-24,2023-01-24,,Air Bud,https://www.imdb.com/title/tt0118570/,movie,5.3,98,1997,"Comedy, Drama, Family, Sport",18373,1997-08-01,Charles Martin Smith,,
1537,tt0110213,2023-01-24,2023-01-24,,The Jungle Book,https://www.imdb.com/title/tt0110213/,movie,6.0,111,1994,"Adventure, Family, Romance",18178,1994-12-25,Stephen Sommers,,
1538,tt0104437,2023-01-24,2023-01-24,,"Honey, I Blew Up the Kid",https://www.imdb.com/title/tt0104437/,movie,4.9,89,1992,"Adventure, Comedy, Family, Romance, Sci-Fi",45088,1992-07-17,Randal Kleiser,,
1539,tt0119314,2023-01-24,2023-01-24,,The Horse Whisperer,https://www.imdb.com/title/tt0119314/,movie,6.7,169,1998,"Drama, Romance, Western",41983,1998-05-15,Robert Redford,,
1540,tt0116000,2023-01-24,2023-01-24,,D3: The Mighty Ducks,https://www.imdb.com/title/tt0116000/,movie,5.4,104,1996,"Action, Comedy, Drama, Family, Sport",27548,1996-10-04,Robert Lieberman,,
1541,tt0283084,2023-01-24,2023-01-24,,Tuck Everlasting,https://www.imdb.com/title/tt0283084/,movie,6.6,90,2002,"Drama, Family, Fantasy, Romance",24383,2002-09-08,Jay Russell,,
1542,tt0117110,2023-01-24,2023-01-24,,Muppet Treasure Island,https://www.imdb.com/title/tt0117110/,movie,6.9,99,1996,"Action, Adventure, Comedy, Family, Musical, Romance",24964,1996-02-16,"David Lane, Brian Henson",,
1543,tt0265662,2023-01-24,2023-01-24,,The Rookie,https://www.imdb.com/title/tt0265662/,movie,6.9,127,2002,"Drama, Family, Sport",35495,2002-03-26,John Lee Hancock,,
1544,tt0113041,2023-01-24,2023-01-24,,Father of the Bride Part II,https://www.imdb.com/title/tt0113041/,movie,6.0,106,1995,"Comedy, Family, Romance",39426,1995-12-08,Charles Shyer,,
1545,tt0120751,2023-01-24,2023-01-24,,Mighty Joe Young,https://www.imdb.com/title/tt0120751/,movie,5.7,114,1998,"Action, Adventure, Family, Fantasy, Thriller",29699,1998-12-25,Ron Underwood,,
1546,tt0103924,2023-01-24,2023-01-24,,Captain Ron,https://www.imdb.com/title/tt0103924/,movie,5.8,100,1992,"Adventure, Comedy",21927,1992-09-18,Thom Eberhardt,,
1547,tt0117333,2023-01-24,2023-01-24,,Phenomenon,https://www.imdb.com/title/tt0117333/,movie,6.4,123,1996,"Drama, Fantasy, Romance, Sci-Fi",80820,1996-06-22,Jon Turteltaub,,
1548,tt0112499,2023-01-24,2023-01-24,,The Big Green,https://www.imdb.com/title/tt0112499/,movie,5.5,100,1995,"Comedy, Family, Sport",10434,1995-09-29,Holly Goldberg Sloan,,
1549,tt0337909,2023-01-24,2023-01-24,,Calendar Girls,https://www.imdb.com/title/tt0337909/,movie,6.9,108,2003,"Comedy, Drama",26981,2003-08-09,Nigel Cole,,
1550,tt0116756,2023-01-24,2023-01-24,,Kazaam,https://www.imdb.com/title/tt0116756/,movie,3.1,93,1996,"Comedy, Family, Fantasy, Musical",24748,1996-07-17,Paul Michael Glaser,,
1551,tt0305669,2023-01-24,2023-01-24,,Bringing Down the House,https://www.imdb.com/title/tt0305669/,movie,5.6,105,2003,Comedy,37971,2003-03-07,Adam Shankman,,
1552,tt0304669,2023-01-24,2023-01-24,,The Santa Clause 2,https://www.imdb.com/title/tt0304669/,movie,5.7,104,2002,"Comedy, Family, Fantasy",60505,2002-10-27,Michael Lembeck,,
1553,tt0119807,2023-01-24,2023-01-24,,Nothing to Lose,https://www.imdb.com/title/tt0119807/,movie,6.7,98,1997,"Action, Adventure, Comedy, Crime",47516,1997-07-18,Steve Oedekerk,,
1554,tt0111693,2023-01-24,2023-01-24,,When a Man Loves a Woman,https://www.imdb.com/title/tt0111693/,movie,6.5,126,1994,"Drama, Romance",22635,1994-04-29,Luis Mandoki,,
1555,tt0219854,2023-01-24,2023-01-24,,The Kid,https://www.imdb.com/title/tt0219854/,movie,6.1,104,2000,"Comedy, Family, Fantasy",42869,2000-06-25,Jon Turteltaub,,
1556,tt0250224,2023-01-24,2023-01-24,,Crazy/Beautiful,https://www.imdb.com/title/tt0250224/,movie,6.4,99,2001,"Drama, Romance",25058,2001-06-28,John Stockwell,,
1557,tt0110971,2023-01-24,2023-01-24,,Renaissance Man,https://www.imdb.com/title/tt0110971/,movie,6.2,128,1994,"Comedy, Drama",18294,1994-06-03,Penny Marshall,,
1558,tt0119664,2023-01-24,2023-01-24,,Metro,https://www.imdb.com/title/tt0119664/,movie,5.5,117,1997,"Action, Comedy, Crime, Drama, Thriller",28127,1997-01-15,Thomas Carter,,
1559,tt0110612,2023-01-24,2023-01-24,,My Father the Hero,https://www.imdb.com/title/tt0110612/,movie,5.5,90,1994,"Comedy, Romance",11370,1994-02-04,Steve Miner,,
1560,tt0171433,2023-01-24,2023-01-24,,Keeping the Faith,https://www.imdb.com/title/tt0171433/,movie,6.4,128,2000,"Comedy, Drama, Romance",52313,2000-04-14,Edward Norton,,
1561,tt0109361,2023-01-24,2023-01-24,,Cabin Boy,https://www.imdb.com/title/tt0109361/,movie,5.3,80,1994,"Adventure, Comedy, Romance",8846,1994-01-07,Adam Resnick,,
1562,tt0120603,2023-01-24,2023-01-24,,Beloved,https://www.imdb.com/title/tt0120603/,movie,6.0,172,1998,"Drama, History, Horror, Mystery",9213,1998-10-08,Jonathan Demme,,
1563,tt0281373,2023-01-24,2023-01-24,,Snow Dogs,https://www.imdb.com/title/tt0281373/,movie,5.2,99,2002,"Adventure, Comedy, Family, Sport",27545,2002-01-18,Brian Levant,,
1564,tt0211181,2023-01-24,2023-01-24,,102 Dalmatians,https://www.imdb.com/title/tt0211181/,movie,4.8,100,2000,"Adventure, Comedy, Family",38179,2000-11-22,Kevin Lima,,
1565,tt0112302,2023-01-24,2023-01-24,,Tom and Huck,https://www.imdb.com/title/tt0112302/,movie,5.5,97,1995,"Adventure, Comedy, Drama, Family, Romance, Western",11139,1995-12-22,Peter Hewitt,,
1566,tt0246464,2023-01-24,2023-01-24,,Big Trouble,https://www.imdb.com/title/tt0246464/,movie,6.4,85,2002,"Comedy, Crime, Thriller",21071,2002-04-02,Barry Sonnenfeld,,
1567,tt0113755,2023-01-24,2023-01-24,,Man of the House,https://www.imdb.com/title/tt0113755/,movie,5.2,96,1995,"Comedy, Family",9922,1995-03-03,James Orr,,
1568,tt0331468,2023-01-24,2023-01-24,,Cold Creek Manor,https://www.imdb.com/title/tt0331468/,movie,5.0,118,2003,"Drama, Mystery, Thriller",23607,2003-09-17,Mike Figgis,,
1569,tt0119485,2023-01-24,2023-01-24,,Kundun,https://www.imdb.com/title/tt0119485/,movie,7.0,134,1997,"Biography, Drama, History, War",28908,1997-12-11,Martin Scorsese,,
1570,tt0280030,2023-01-24,2023-01-24,,Return to Never Land,https://www.imdb.com/title/tt0280030/,movie,5.8,72,2002,"Animation, Adventure, Family, Fantasy",20821,2002-01-01,"Donovan Cook, Robin Budd",,
1571,tt0120764,2023-01-24,2023-01-24,,My Favorite Martian,https://www.imdb.com/title/tt0120764/,movie,5.1,94,1999,"Comedy, Family, Sci-Fi",13883,1999-02-12,Donald Petrie,,
1572,tt0104940,2023-01-24,2023-01-24,,The Muppet Christmas Carol,https://www.imdb.com/title/tt0104940/,movie,7.7,85,1992,"Comedy, Drama, Family, Fantasy, Musical",63589,1992-12-06,Brian Henson,,
1573,tt0110157,2023-01-24,2023-01-24,,Iron Will,https://www.imdb.com/title/tt0110157/,movie,6.6,108,1994,"Adventure, Family",8865,1994-01-14,Charles Haid,,
1574,tt0312549,2023-01-24,2023-01-24,,Veronica Guerin,https://www.imdb.com/title/tt0312549/,movie,6.8,98,2003,"Biography, Crime, Drama, Thriller",20890,2003-07-08,Joel Schumacher,,
1575,tt0105017,2023-01-24,2023-01-24,,Noises Off...,https://www.imdb.com/title/tt0105017/,movie,7.5,101,1992,Comedy,11585,1992-03-20,Peter Bogdanovich,,
1576,tt0106223,2023-01-24,2023-01-24,,The Adventures of Huck Finn,https://www.imdb.com/title/tt0106223/,movie,6.2,108,1993,"Adventure, Comedy, Drama, Family",8821,1993-03-25,Stephen Sommers,,
1577,tt0107626,2023-01-24,2023-01-24,,My Boyfriend's Back,https://www.imdb.com/title/tt0107626/,movie,5.4,85,1993,"Comedy, Fantasy, Horror, Romance",4763,1993-08-06,Bob Balaban,,
1578,tt0273799,2023-01-24,2023-01-24,,Max Keeble's Big Move,https://www.imdb.com/title/tt0273799/,movie,5.4,86,2001,"Comedy, Crime, Family",8316,2001-10-05,Tim Hill,,
1579,tt0123209,2023-01-24,2023-01-24,,The Other Sister,https://www.imdb.com/title/tt0123209/,movie,6.4,129,1999,"Comedy, Drama, Romance",12678,1999-02-26,Garry Marshall,,
1580,tt0113538,2023-01-24,2023-01-24,,A Kid in King Arthur's Court,https://www.imdb.com/title/tt0113538/,movie,4.7,89,1995,"Adventure, Comedy, Family, Fantasy, Romance",6416,1995-08-11,Michael Gottlieb,,
1581,tt0116552,2023-01-24,2023-01-24,,Homeward Bound II: Lost in San Francisco,https://www.imdb.com/title/tt0116552/,movie,5.9,88,1996,"Adventure, Comedy, Family, Romance",15451,1996-03-08,David R. Ellis,,
1582,tt0280486,2023-01-24,2023-01-24,,Bad Company,https://www.imdb.com/title/tt0280486/,movie,5.6,116,2002,"Action, Comedy, Thriller",48629,2002-04-26,Joel Schumacher,,
1583,tt0111359,2023-01-24,2023-01-24,,Tall Tale,https://www.imdb.com/title/tt0111359/,movie,5.9,96,1995,"Adventure, Family, Fantasy, Western",3964,1995-03-24,Jeremiah S. Chechik,,
1584,tt0110955,2023-01-24,2023-01-24,,The Ref,https://www.imdb.com/title/tt0110955/,movie,6.9,97,1994,"Comedy, Crime, Drama",25480,1994-03-09,Ted Demme,,
1585,tt0279781,2023-01-24,2023-01-24,,Sorority Boys,https://www.imdb.com/title/tt0279781/,movie,5.4,93,2002,Comedy,15832,2002-03-19,Wallace Wolodarsky,,
1586,tt0283426,2023-01-24,2023-01-24,,The Jungle Book 2,https://www.imdb.com/title/tt0283426/,movie,5.3,72,2003,"Animation, Adventure, Comedy, Family, Music, Musical",16869,2003-02-05,Steve Trenbirth,,
1587,tt0120910,2023-01-24,2023-01-24,,Fantasia 2000,https://www.imdb.com/title/tt0120910/,movie,7.1,75,1999,"Animation, Family, Fantasy, Music, Musical",39404,1999-12-17,"Don Hahn, Eric Goldberg, Francis Glebas, Hendel Butoy, James Algar, Paul Brizzi, Gaëtan Brizzi, Pixote Hunt",,
1588,tt0276033,2023-01-24,2023-01-24,,The Country Bears,https://www.imdb.com/title/tt0276033/,movie,4.2,88,2002,"Comedy, Family, Music, Musical",5779,2002-07-21,Peter Hastings,,
1589,tt0128278,2023-01-24,2023-01-24,,Instinct,https://www.imdb.com/title/tt0128278/,movie,6.5,126,1999,"Drama, Thriller",33584,1999-06-04,Jon Turteltaub,,
1590,tt0120741,2023-01-24,2023-01-24,,Jane Austen's Mafia!,https://www.imdb.com/title/tt0120741/,movie,5.5,87,1998,"Comedy, Crime",15598,1998-07-24,Jim Abrahams,,
1591,tt0119718,2023-01-24,2023-01-24,,Mr. Magoo,https://www.imdb.com/title/tt0119718/,movie,4.0,87,1997,"Adventure, Comedy, Family",15572,1997-12-25,Stanley Tong,,
1592,tt0265632,2023-01-24,2023-01-24,,Recess: School's Out,https://www.imdb.com/title/tt0265632/,movie,6.5,82,2001,"Animation, Adventure, Comedy, Family",10986,2001-02-10,Chuck Sheetz,,
1593,tt0120645,2023-01-24,2023-01-24,,Meet the Deedles,https://www.imdb.com/title/tt0120645/,movie,4.0,93,1998,"Comedy, Family, Sport",3037,1998-03-27,Steve Boyum,,
1594,tt0113729,2023-01-24,2023-01-24,,Mad Love,https://www.imdb.com/title/tt0113729/,movie,5.3,93,1995,"Comedy, Drama, Romance",6728,1995-05-26,Antonia Bird,,
1595,tt0107212,2023-01-24,2023-01-24,,Indian Summer,https://www.imdb.com/title/tt0107212/,movie,6.5,97,1993,"Comedy, Drama, Romance",5738,1993-04-23,Mike Binder,,
1596,tt0118055,2023-01-24,2023-01-24,,Up Close & Personal,https://www.imdb.com/title/tt0118055/,movie,6.1,124,1996,"Drama, Romance",14813,1996-03-01,Jon Avnet,,
1597,tt0110169,2023-01-24,2023-01-24,,It's Pat: The Movie,https://www.imdb.com/title/tt0110169/,movie,2.7,77,1994,Comedy,9991,1994-08-26,Adam Bernstein,,
1598,tt0107413,2023-01-24,2023-01-24,,Life with Mikey,https://www.imdb.com/title/tt0107413/,movie,5.6,91,1993,"Comedy, Family",6191,1993-06-04,James Lapine,,
1599,tt0114048,2023-01-24,2023-01-24,,Operation Dumbo Drop,https://www.imdb.com/title/tt0114048/,movie,5.2,107,1995,"Action, Adventure, Comedy, Drama, Family, War",9325,1995-07-28,Simon Wincer,,
1600,tt0120317,2023-01-24,2023-01-24,,That Darn Cat,https://www.imdb.com/title/tt0120317/,movie,4.6,89,1997,"Action, Comedy, Crime, Family, Mystery",4617,1997-02-14,Bob Spiers,,
1601,tt0116311,2023-01-24,2023-01-24,,First Kid,https://www.imdb.com/title/tt0116311/,movie,5.2,101,1996,"Comedy, Family",11139,1996-08-30,David Mickey Evans,,
1602,tt0220099,2023-01-24,2023-01-24,,The Tigger Movie,https://www.imdb.com/title/tt0220099/,movie,6.3,77,2000,"Animation, Adventure, Comedy, Drama, Family, Musical",19375,2000-02-06,Jun Falkenstein,,
1603,tt0140397,2023-01-24,2023-01-24,,Mumford,https://www.imdb.com/title/tt0140397/,movie,6.8,112,1999,"Comedy, Drama",9313,1999-09-11,Lawrence Kasdan,,
1604,tt0250310,2023-01-24,2023-01-24,,Corky Romano,https://www.imdb.com/title/tt0250310/,movie,4.7,86,2001,"Comedy, Crime",13407,2001-10-12,Rob Pritts,,
1605,tt0111194,2023-01-24,2023-01-24,,A Simple Twist of Fate,https://www.imdb.com/title/tt0111194/,movie,6.3,106,1994,"Comedy, Drama",5796,1994-08-31,Gillies MacKinnon,,
1606,tt0120725,2023-01-24,2023-01-24,,Krippendorf's Tribe,https://www.imdb.com/title/tt0120725/,movie,5.0,94,1998,Comedy,6131,1998-02-27,Todd Holland,,
1607,tt0155753,2023-01-24,2023-01-24,,I'll Be Home for Christmas,https://www.imdb.com/title/tt0155753/,movie,5.5,86,1998,"Comedy, Family",11166,1998-11-13,Arlene Sanford,,
1608,tt0120701,2023-01-24,2023-01-24,,Holy Man,https://www.imdb.com/title/tt0120701/,movie,4.9,114,1998,"Comedy, Drama",20366,1998-10-09,Stephen Herek,,
1609,tt0323642,2023-01-24,2023-01-24,,Piglet's Big Movie,https://www.imdb.com/title/tt0323642/,movie,6.1,75,2003,"Animation, Adventure, Comedy, Family, Musical, Mystery",8146,2003-03-16,Francis Glebas,,
1610,tt0120142,2023-01-24,2023-01-24,,The Sixth Man,https://www.imdb.com/title/tt0120142/,movie,5.6,107,1997,"Comedy, Drama, Fantasy, Romance, Sport",6052,1997-03-28,Randall Miller,,
1611,tt0314431,2023-01-24,2023-01-24,,Hope Springs,https://www.imdb.com/title/tt0314431/,movie,5.4,92,2003,"Comedy, Romance",7313,2003-03-14,Mark Herman,,
1612,tt0179098,2023-01-24,2023-01-24,,Moonlight Mile,https://www.imdb.com/title/tt0179098/,movie,6.6,117,2002,"Drama, Romance",14312,2002-09-09,Brad Silberling,,
1613,tt0106868,2023-01-24,2023-01-24,,A Far Off Place,https://www.imdb.com/title/tt0106868/,movie,6.5,100,1993,"Adventure, Drama, Family, Romance",3653,1993-03-12,Mikael Salomon,,
1614,tt0110093,2023-01-24,2023-01-24,,I Love Trouble,https://www.imdb.com/title/tt0110093/,movie,5.3,123,1994,"Action, Comedy, Romance, Thriller",12238,1994-06-04,Charles Shyer,,
1615,tt0106292,2023-01-24,2023-01-24,,Another Stakeout,https://www.imdb.com/title/tt0106292/,movie,5.6,108,1993,"Comedy, Crime",14861,1993-07-23,John Badham,,
1616,tt0196857,2023-01-24,2023-01-24,,Play It to the Bone,https://www.imdb.com/title/tt0196857/,movie,5.5,124,1999,"Comedy, Drama, Sport",12107,1999-12-25,Ron Shelton,,
1617,tt0117102,2023-01-24,2023-01-24,,Mr. Wrong,https://www.imdb.com/title/tt0117102/,movie,3.8,96,1996,Comedy,5216,1996-02-16,Nick Castle,,
1618,tt0150216,2023-01-24,2023-01-24,,Cradle Will Rock,https://www.imdb.com/title/tt0150216/,movie,6.8,132,1999,Drama,9338,1999-05-18,Tim Robbins,,
1619,tt0238948,2023-01-24,2023-01-24,,Double Take,https://www.imdb.com/title/tt0238948/,movie,5.4,88,2001,"Action, Comedy, Crime, Thriller",8577,2001-01-10,George Gallo,,
1620,tt0140796,2023-01-24,2023-01-24,,Air Bud: Golden Receiver,https://www.imdb.com/title/tt0140796/,movie,4.5,90,1998,"Comedy, Family, Sport",5892,1998-08-14,Richard Martin,,
1621,tt0113463,2023-01-24,2023-01-24,,Jefferson in Paris,https://www.imdb.com/title/tt0113463/,movie,5.7,139,1995,"Biography, Drama, History, Romance",3099,1995-03-31,James Ivory,,
1622,tt0198386,2023-01-24,2023-01-24,,The Crew,https://www.imdb.com/title/tt0198386/,movie,5.6,88,2000,"Comedy, Crime",6516,2000-08-21,Michael Dinner,,
1623,tt0119906,2023-01-24,2023-01-24,,Playing God,https://www.imdb.com/title/tt0119906/,movie,5.6,94,1997,"Crime, Drama, Thriller",7765,1997-10-17,Andy Wilson,,
1624,tt0111271,2023-01-24,2023-01-24,,Squanto: A Warrior's Tale,https://www.imdb.com/title/tt0111271/,movie,6.0,102,1994,"Adventure, Biography, Drama, Family",1327,1994-10-15,Xavier Koller,,
1625,tt0116827,2023-01-24,2023-01-24,,Last Dance,https://www.imdb.com/title/tt0116827/,movie,5.7,103,1996,"Drama, Thriller",4533,1996-04-24,Bruce Beresford,,
1626,tt0113932,2023-01-24,2023-01-24,,Napoleon,https://www.imdb.com/title/tt0113932/,movie,6.1,81,1995,"Adventure, Family",1931,1995-02-23,Mario Andreacchio,,
1627,tt0112443,2023-01-24,2023-01-24,,Bad Company,https://www.imdb.com/title/tt0112443/,movie,5.4,108,1995,"Crime, Drama, Thriller",3214,1995-01-20,Damian Harris,,
1628,tt0111701,2023-01-24,2023-01-24,,White Fang 2: Myth of the White Wolf,https://www.imdb.com/title/tt0111701/,movie,5.4,106,1994,"Adventure, Family",2404,1994-04-15,Ken Olin,,
1629,tt0118001,2023-01-24,2023-01-24,,Two Much,https://www.imdb.com/title/tt0118001/,movie,5.4,118,1995,"Comedy, Romance",5771,1995-12-01,Fernando Trueba,,
1630,tt0110189,2023-01-24,2023-01-24,,The Jerky Boys,https://www.imdb.com/title/tt0110189/,movie,4.7,82,1995,"Comedy, Crime",2692,1995-02-03,James Melkonian,,
1631,tt0318850,2023-01-24,2023-01-24,,Young Black Stallion,https://www.imdb.com/title/tt0318850/,movie,5.4,50,2003,"Adventure, Drama, Family",1233,2003-12-07,Simon Wincer,,
1632,tt0106536,2023-01-24,2023-01-24,,The Cemetery Club,https://www.imdb.com/title/tt0106536/,movie,5.7,107,1993,Comedy,902,1993-02-03,Bill Duke,,
1633,tt0110137,2023-01-24,2023-01-24,,The Inkwell,https://www.imdb.com/title/tt0110137/,movie,6.3,110,1994,"Comedy, Drama, Romance",1498,1994-04-22,Matty Rich,,
1634,tt0118117,2023-01-24,2023-01-24,,The War at Home,https://www.imdb.com/title/tt0118117/,movie,6.9,123,1996,Drama,2517,1996-09-06,Emilio Estevez,,
1635,tt0281865,2023-01-24,2023-01-24,,"Frank McKlusky, C.I.",https://www.imdb.com/title/tt0281865/,movie,4.0,83,2002,Comedy,1422,2002-04-26,Arlene Sanford,,
1636,tt0187819,2023-01-24,2023-01-24,,Doug's 1st Movie,https://www.imdb.com/title/tt0187819/,movie,4.9,77,1999,"Animation, Adventure, Comedy, Drama, Family, Fantasy, Sci-Fi",3375,1999-03-19,Maurice Joyce,,
1637,tt0129634,2023-01-24,2023-01-24,,The Wonderful Ice Cream Suit,https://www.imdb.com/title/tt0129634/,movie,6.2,77,1998,"Comedy, Family, Fantasy",679,1998-01-23,Stuart Gordon,,
1638,tt0104376,2023-01-24,2023-01-24,,The Gun in Betty Lou's Handbag,https://www.imdb.com/title/tt0104376/,movie,5.0,89,1992,"Comedy, Mystery",1731,1992-08-21,Allan Moyle,,
1639,tt0104030,2023-01-24,2023-01-24,,Crossing the Bridge,https://www.imdb.com/title/tt0104030/,movie,6.3,103,1992,"Comedy, Drama",892,1992-09-11,Mike Binder,,
1640,tt0324572,2023-01-24,2023-01-24,,Winnie the Pooh: A Very Merry Pooh Year,https://www.imdb.com/title/tt0324572/,movie,6.6,65,2002,"Animation, Comedy, Drama, Family, Fantasy, Musical",2740,2002-11-12,"Gary Katona, Jamie Mitchell, Ed Wexler",,
1641,tt0253126,2023-01-24,2023-01-24,,High Heels and Low Lifes,https://www.imdb.com/title/tt0253126/,movie,6.1,86,2001,"Action, Comedy, Crime, Drama",3623,2001-07-16,Mel Smith,,
1642,tt0229003,2023-01-24,2023-01-24,,New Port South,https://www.imdb.com/title/tt0229003/,movie,4.8,95,2001,Drama,561,2001-09-07,Kyle Cooper,,
1643,tt0185007,2023-01-24,2023-01-24,,Whispers: An Elephant's Tale,https://www.imdb.com/title/tt0185007/,movie,5.0,72,2000,"Adventure, Family",385,2000-03-10,Dereck Joubert,,
1644,tt0113044,2023-01-24,2023-01-24,,Feast of July,https://www.imdb.com/title/tt0113044/,movie,6.2,116,1995,"Crime, Drama, Mystery, Romance",576,1995-10-13,Christopher Menaul,,
1645,tt0120659,2023-01-24,2023-01-24,,Endurance,https://www.imdb.com/title/tt0120659/,movie,6.3,83,1998,"Biography, Drama, Sport",429,1998-08-31,"Bud Greenspan, Leslie Woodhead",,
1646,tt0292485,2023-01-24,2023-01-24,,"Cyclops, Baby",https://www.imdb.com/title/tt0292485/,movie,6.3,47,1997,"Comedy, Thriller",42,,D.J. Caruso,,
1647,tt0217001,2023-01-24,2023-01-24,,The Rest of My Life,https://www.imdb.com/title/tt0217001/,movie,8.2,46,1997,Drama,22,,Mark Lawrence,,
1648,tt0113277,2023-01-24,2023-01-24,,Heat,https://www.imdb.com/title/tt0113277/,movie,8.3,170,1995,"Action, Crime, Drama",661527,1995-12-06,Michael Mann,,
1649,tt0120737,2023-01-24,2023-01-24,,The Lord of the Rings: The Fellowship of the Ring,https://www.imdb.com/title/tt0120737/,movie,8.8,178,2001,"Action, Adventure, Drama, Fantasy",1887515,2001-12-10,Peter Jackson,,
1650,tt0104187,2023-01-24,2023-01-24,,Encino Man,https://www.imdb.com/title/tt0104187/,movie,5.8,88,1992,Comedy,42035,1992-05-22,Les Mayfield,,
1651,tt0167260,2023-01-24,2023-01-24,,The Lord of the Rings: The Return of the King,https://www.imdb.com/title/tt0167260/,movie,9.0,201,2003,"Action, Adventure, Drama, Fantasy",1858149,2003-12-01,Peter Jackson,,
1652,tt0133093,2023-01-24,2023-01-24,,The Matrix,https://www.imdb.com/title/tt0133093/,movie,8.7,136,1999,"Action, Sci-Fi",1925526,1999-03-24,"Lilly Wachowski, Lana Wachowski",,
1653,tt0120663,2023-01-24,2023-01-24,,Eyes Wide Shut,https://www.imdb.com/title/tt0120663/,movie,7.5,159,1999,"Drama, Mystery, Thriller",347980,1999-07-13,Stanley Kubrick,,
1654,tt0120586,2023-01-24,2023-01-24,,American History X,https://www.imdb.com/title/tt0120586/,movie,8.5,119,1998,"Crime, Drama",1129190,1998-07-01,Tony Kaye,,
1655,tt0112950,2023-01-24,2023-01-24,,Empire Records,https://www.imdb.com/title/tt0112950/,movie,6.7,90,1995,"Comedy, Drama, Music, Romance",57518,1995-09-22,Allan Moyle,,
1656,tt0267913,2023-01-24,2023-01-24,,Scooby-Doo,https://www.imdb.com/title/tt0267913/,movie,5.2,89,2002,"Adventure, Comedy, Family, Fantasy, Mystery",116554,2002-06-08,Raja Gosnell,,
1657,tt0109446,2023-01-24,2023-01-24,,The Client,https://www.imdb.com/title/tt0109446/,movie,6.7,119,1994,"Crime, Drama, Mystery, Thriller",68628,1994-07-20,Joel Schumacher,,
1658,tt0167261,2023-01-24,2023-01-24,,The Lord of the Rings: The Two Towers,https://www.imdb.com/title/tt0167261/,movie,8.8,179,2002,"Action, Adventure, Drama, Fantasy",1677813,2002-12-05,Peter Jackson,,
1659,tt0240772,2023-01-24,2023-01-24,,Ocean's Eleven,https://www.imdb.com/title/tt0240772/,movie,7.7,116,2001,"Crime, Thriller",582081,2001-12-05,Steven Soderbergh,,
1660,tt0108399,2023-01-24,2023-01-24,,True Romance,https://www.imdb.com/title/tt0108399/,movie,7.9,119,1993,"Crime, Drama, Romance, Thriller",230043,1993-09-08,Tony Scott,,
1661,tt0118749,2023-01-24,2023-01-24,,Boogie Nights,https://www.imdb.com/title/tt0118749/,movie,7.9,155,1997,Drama,269328,1997-09-11,Paul Thomas Anderson,,
1662,tt0237572,2023-01-24,2023-01-24,,The Pledge,https://www.imdb.com/title/tt0237572/,movie,6.8,124,2001,"Crime, Drama, Mystery, Thriller",61357,2001-01-09,Sean Penn,,
1663,tt0128853,2023-01-24,2023-01-24,,You've Got Mail,https://www.imdb.com/title/tt0128853/,movie,6.7,119,1998,"Comedy, Drama, Romance",217874,1998-12-18,Nora Ephron,,
1664,tt0106977,2023-01-24,2023-01-24,,The Fugitive,https://www.imdb.com/title/tt0106977/,movie,7.8,130,1993,"Action, Crime, Drama, Mystery, Thriller",299372,1993-07-29,Andrew Davis,,
1665,tt0325710,2023-01-24,2023-01-24,,The Last Samurai,https://www.imdb.com/title/tt0325710/,movie,7.8,154,2003,"Action, Drama",446269,2003-11-22,Edward Zwick,,
1666,tt0116996,2023-01-24,2023-01-24,,Mars Attacks!,https://www.imdb.com/title/tt0116996/,movie,6.4,106,1996,"Comedy, Sci-Fi",231404,1996-12-12,Tim Burton,,
1667,tt0110442,2023-01-24,2023-01-24,,Major League II,https://www.imdb.com/title/tt0110442/,movie,5.6,105,1994,"Comedy, Sport",27041,1994-03-30,David S. Ward,,
1668,tt0118655,2023-01-24,2023-01-24,,Austin Powers: International Man of Mystery,https://www.imdb.com/title/tt0118655/,movie,7.0,94,1997,"Adventure, Comedy",244408,1997-04-29,Jay Roach,,
1669,tt0124298,2023-01-24,2023-01-24,,Blast from the Past,https://www.imdb.com/title/tt0124298/,movie,6.7,112,1999,"Comedy, Drama, Romance, Sci-Fi",67350,1999-01-27,Hugh Wilson,,
1670,tt0139654,2023-01-24,2023-01-24,,Training Day,https://www.imdb.com/title/tt0139654/,movie,7.7,122,2001,"Action, Crime, Drama, Thriller",442593,2001-09-02,Antoine Fuqua,,
1671,tt0109040,2023-01-24,2023-01-24,,Ace Ventura: Pet Detective,https://www.imdb.com/title/tt0109040/,movie,6.9,86,1994,Comedy,307176,1994-02-04,Tom Shadyac,,
1672,tt0118971,2023-01-24,2023-01-24,,The Devil's Advocate,https://www.imdb.com/title/tt0118971/,movie,7.5,144,1997,"Drama, Mystery, Thriller",377352,1997-10-13,Taylor Hackford,,
1673,tt0107050,2023-01-24,2023-01-24,,Grumpy Old Men,https://www.imdb.com/title/tt0107050/,movie,7.0,103,1993,"Comedy, Drama, Romance",50776,1993-12-25,Donald Petrie,,
1674,tt0110475,2023-01-24,2023-01-24,,The Mask,https://www.imdb.com/title/tt0110475/,movie,6.9,101,1994,"Action, Comedy, Crime, Fantasy",392512,1994-07-28,Chuck Russell,,
1675,tt0109506,2023-01-24,2023-01-24,,The Crow,https://www.imdb.com/title/tt0109506/,movie,7.5,102,1994,"Action, Crime, Drama, Fantasy, Horror, Thriller",187592,1994-02-04,Alex Proyas,,
1676,tt0116922,2023-01-24,2023-01-24,,Lost Highway,https://www.imdb.com/title/tt0116922/,movie,7.6,134,1997,"Mystery, Thriller",145175,1997-01-15,David Lynch,,
1677,tt0120611,2023-01-24,2023-01-24,,Blade,https://www.imdb.com/title/tt0120611/,movie,7.1,120,1998,"Action, Horror, Sci-Fi",279543,1998-08-19,Stephen Norrington,,
1678,tt0118688,2023-01-24,2023-01-24,,Batman & Robin,https://www.imdb.com/title/tt0118688/,movie,3.7,125,1997,"Action, Sci-Fi",256746,1997-06-12,Joel Schumacher,,
1679,tt0109686,2023-01-24,2023-01-24,,Dumb and Dumber,https://www.imdb.com/title/tt0109686/,movie,7.3,107,1994,Comedy,390825,1994-12-06,"Peter Farrelly, Bobby Farrelly",,
1680,tt0105695,2023-01-24,2023-01-24,,Unforgiven,https://www.imdb.com/title/tt0105695/,movie,8.2,130,1992,"Drama, Western",415329,1992-08-03,Clint Eastwood,,
1681,tt0327056,2023-01-24,2023-01-24,,Mystic River,https://www.imdb.com/title/tt0327056/,movie,7.9,138,2003,"Crime, Drama, Mystery, Thriller",461651,2003-05-23,Clint Eastwood,,
1682,tt0112462,2023-01-24,2023-01-24,,Batman Forever,https://www.imdb.com/title/tt0112462/,movie,5.4,121,1995,"Action, Adventure",256119,1995-06-09,Joel Schumacher,,
1683,tt0113118,2023-01-24,2023-01-24,,Friday,https://www.imdb.com/title/tt0113118/,movie,7.2,91,1995,"Comedy, Drama",116402,1995-04-26,F. Gary Gray,,
1684,tt0120888,2023-01-24,2023-01-24,,The Wedding Singer,https://www.imdb.com/title/tt0120888/,movie,6.9,97,1998,"Comedy, Music, Romance",153399,1998-02-12,Frank Coraci,,
1685,tt0295178,2023-01-24,2023-01-24,,Austin Powers in Goldmember,https://www.imdb.com/title/tt0295178/,movie,6.2,94,2002,"Action, Adventure, Comedy, Crime",213379,2002-07-22,Jay Roach,,
1686,tt0118884,2023-01-24,2023-01-24,,Contact,https://www.imdb.com/title/tt0118884/,movie,7.5,150,1997,"Drama, Mystery, Sci-Fi, Thriller",278536,1997-07-11,Robert Zemeckis,,
1687,tt0117913,2023-01-24,2023-01-24,,A Time to Kill,https://www.imdb.com/title/tt0117913/,movie,7.5,149,1996,"Crime, Drama, Thriller",164287,1996-07-24,Joel Schumacher,,
1688,tt0103855,2023-01-24,2023-01-24,,The Bodyguard,https://www.imdb.com/title/tt0103855/,movie,6.3,129,1992,"Action, Drama, Music, Romance, Thriller",138411,1992-11-25,Mick Jackson,,
1689,tt0106697,2023-01-24,2023-01-24,,Demolition Man,https://www.imdb.com/title/tt0106697/,movie,6.7,115,1993,"Action, Sci-Fi, Thriller",180571,1993-10-07,Marco Brambilla,,
1690,tt0212346,2023-01-24,2023-01-24,,Miss Congeniality,https://www.imdb.com/title/tt0212346/,movie,6.3,109,2000,"Action, Comedy, Crime, Romance",214874,2000-12-14,Donald Petrie,,
1691,tt0195714,2023-01-24,2023-01-24,,Final Destination,https://www.imdb.com/title/tt0195714/,movie,6.7,98,2000,"Horror, Thriller",260563,2000-03-16,James Wong,,
1692,tt0278504,2023-01-24,2023-01-24,,Insomnia,https://www.imdb.com/title/tt0278504/,movie,7.2,118,2002,"Drama, Mystery, Thriller",299206,2002-05-03,Christopher Nolan,,
1693,tt0105690,2023-01-24,2023-01-24,,Under Siege,https://www.imdb.com/title/tt0105690/,movie,6.5,103,1992,"Action, Thriller",89441,1992-10-09,Andrew Davis,,
1694,tt0234215,2023-01-24,2023-01-24,,The Matrix Reloaded,https://www.imdb.com/title/tt0234215/,movie,7.2,138,2003,"Action, Sci-Fi",600493,2003-05-07,"Lilly Wachowski, Lana Wachowski",,
1695,tt0106856,2023-01-24,2023-01-24,,Falling Down,https://www.imdb.com/title/tt0106856/,movie,7.6,113,1993,"Action, Crime, Drama, Thriller",193342,1993-02-26,Joel Schumacher,,
1696,tt0116908,2023-01-24,2023-01-24,,The Long Kiss Goodnight,https://www.imdb.com/title/tt0116908/,movie,6.8,121,1996,"Action, Crime, Drama, Mystery, Thriller",81509,1996-10-07,Renny Harlin,,
1697,tt0120812,2023-01-24,2023-01-24,,Rush Hour,https://www.imdb.com/title/tt0120812/,movie,7.0,98,1998,"Action, Comedy, Crime, Thriller",274336,1998-09-18,Brett Ratner,,
1698,tt0103776,2023-01-24,2023-01-24,,Batman Returns,https://www.imdb.com/title/tt0103776/,movie,7.1,126,1992,"Action, Crime, Fantasy",309742,1992-06-16,Tim Burton,,
1699,tt0118929,2023-01-24,2023-01-24,,Dark City,https://www.imdb.com/title/tt0118929/,movie,7.6,100,1998,"Fantasy, Mystery, Sci-Fi, Thriller",202536,1998-02-25,Alex Proyas,,
1700,tt0129167,2023-01-24,2023-01-24,,The Iron Giant,https://www.imdb.com/title/tt0129167/,movie,8.1,86,1999,"Animation, Action, Adventure, Comedy, Drama, Family, Sci-Fi",203121,1999-07-31,Brad Bird,,
1701,tt0113228,2023-01-24,2023-01-24,,Grumpier Old Men,https://www.imdb.com/title/tt0113228/,movie,6.6,101,1995,"Comedy, Romance",28367,1995-12-22,Howard Deutch,,
1702,tt0218839,2023-01-24,2023-01-24,,Best in Show,https://www.imdb.com/title/tt0218839/,movie,7.4,90,2000,Comedy,63529,2000-09-08,Christopher Guest,,
1703,tt0281358,2023-01-24,2023-01-24,,A Walk to Remember,https://www.imdb.com/title/tt0281358/,movie,7.3,101,2002,"Drama, Romance",213703,2002-01-23,Adam Shankman,,
1704,tt0149261,2023-01-24,2023-01-24,,Deep Blue Sea,https://www.imdb.com/title/tt0149261/,movie,5.9,105,1999,"Action, Adventure, Sci-Fi, Thriller",135858,1999-07-26,Renny Harlin,,
1705,tt0319343,2023-01-24,2023-01-24,,Elf,https://www.imdb.com/title/tt0319343/,movie,7.1,97,2003,"Adventure, Comedy, Family, Fantasy, Romance",284544,2003-10-09,Jon Favreau,,
1706,tt0191397,2023-01-24,2023-01-24,,The Replacements,https://www.imdb.com/title/tt0191397/,movie,6.6,118,2000,"Comedy, Sport",66335,2000-08-07,Howard Deutch,,
1707,tt0119099,2023-01-24,2023-01-24,,Fallen,https://www.imdb.com/title/tt0119099/,movie,7.0,124,1998,"Action, Crime, Drama, Fantasy, Mystery, Thriller",85347,1998-01-01,Gregory Hoblit,,
1708,tt0120434,2023-01-24,2023-01-24,,Vegas Vacation,https://www.imdb.com/title/tt0120434/,movie,5.9,93,1997,Comedy,50939,1997-02-14,Stephen Kessler,,
1709,tt0221027,2023-01-24,2023-01-24,,Blow,https://www.imdb.com/title/tt0221027/,movie,7.5,124,2001,"Biography, Crime, Drama",263837,2001-03-29,Ted Demme,,
1710,tt0120738,2023-01-24,2023-01-24,,Lost in Space,https://www.imdb.com/title/tt0120738/,movie,5.2,130,1998,"Action, Adventure, Family, Sci-Fi, Thriller",73266,1998-04-03,Stephen Hopkins,,
1711,tt0209958,2023-01-24,2023-01-24,,The Cell,https://www.imdb.com/title/tt0209958/,movie,6.4,107,2000,"Crime, Horror, Sci-Fi, Thriller",104384,2000-08-17,Tarsem Singh,,
1712,tt0238546,2023-01-24,2023-01-24,,Queen of the Damned,https://www.imdb.com/title/tt0238546/,movie,5.2,101,2002,"Drama, Fantasy, Horror",57252,2002-01-10,Michael Rymer,,
1713,tt0327137,2023-01-24,2023-01-24,,Secondhand Lions,https://www.imdb.com/title/tt0327137/,movie,7.5,111,2003,"Comedy, Drama, Family",58657,2003-09-05,Tim McCanlies,,
1714,tt0105665,2023-01-24,2023-01-24,,Twin Peaks: Fire Walk with Me,https://www.imdb.com/title/tt0105665/,movie,7.2,134,1992,"Drama, Horror, Mystery, Thriller",98940,1992-05-16,David Lynch,,
1715,tt0111756,2023-01-24,2023-01-24,,Wyatt Earp,https://www.imdb.com/title/tt0111756/,movie,6.7,191,1994,"Action, Adventure, Biography, Drama, Western",52328,1994-06-24,Lawrence Kasdan,,
1716,tt0329101,2023-01-24,2023-01-24,,Freddy vs. Jason,https://www.imdb.com/title/tt0329101/,movie,5.7,97,2003,"Action, Horror",121602,2003-08-13,Ronny Yu,,
1717,tt0108071,2023-01-24,2023-01-24,,The Secret Garden,https://www.imdb.com/title/tt0108071/,movie,7.3,101,1993,"Drama, Family, Fantasy",42357,1993-08-13,Agnieszka Holland,,
1718,tt0113409,2023-01-24,2023-01-24,,In the Mouth of Madness,https://www.imdb.com/title/tt0113409/,movie,7.1,95,1994,"Drama, Fantasy, Horror, Mystery, Thriller",71873,1994-08-10,John Carpenter,,
1719,tt0114781,2023-01-24,2023-01-24,,Under Siege 2: Dark Territory,https://www.imdb.com/title/tt0114781/,movie,5.5,100,1995,"Action, Adventure, Thriller",47864,1995-07-14,Geoff Murphy,,
1720,tt0177971,2023-01-24,2023-01-24,,The Perfect Storm,https://www.imdb.com/title/tt0177971/,movie,6.5,130,2000,"Action, Adventure, Drama, Thriller",170431,2000-06-26,Wolfgang Petersen,,
1721,tt0113855,2023-01-24,2023-01-24,,Mortal Kombat,https://www.imdb.com/title/tt0113855/,movie,5.8,101,1995,"Action, Adventure, Fantasy, Sci-Fi, Thriller",119727,1995-07-13,Paul W.S. Anderson,,
1722,tt0242653,2023-01-24,2023-01-24,,The Matrix Revolutions,https://www.imdb.com/title/tt0242653/,movie,6.7,129,2003,"Action, Sci-Fi",518461,2003-10-27,"Lilly Wachowski, Lana Wachowski",,
1723,tt0108330,2023-01-24,2023-01-24,,This Boy's Life,https://www.imdb.com/title/tt0108330/,movie,7.3,115,1993,"Biography, Drama",54411,1993-04-09,Michael Caton-Jones,,
1724,tt0117705,2023-01-24,2023-01-24,,Space Jam,https://www.imdb.com/title/tt0117705/,movie,6.5,88,1996,"Animation, Adventure, Comedy, Family, Fantasy, Sci-Fi, Sport",200728,1996-11-10,Joe Pytka,,
1725,tt0187738,2023-01-24,2023-01-24,,Blade II,https://www.imdb.com/title/tt0187738/,movie,6.7,117,2002,"Action, Horror, Sci-Fi, Thriller",222543,2002-03-21,Guillermo del Toro,,
1726,tt0157503,2023-01-24,2023-01-24,,Drop Dead Gorgeous,https://www.imdb.com/title/tt0157503/,movie,6.6,97,1999,"Comedy, Romance, Thriller",38165,1999-07-09,Michael Patrick Jann,,
1727,tt0120791,2023-01-24,2023-01-24,,Practical Magic,https://www.imdb.com/title/tt0120791/,movie,6.2,104,1998,"Comedy, Drama, Fantasy, Romance",85117,1998-10-16,Griffin Dunne,,
1728,tt0104797,2023-01-24,2023-01-24,,Malcolm X,https://www.imdb.com/title/tt0104797/,movie,7.7,202,1992,"Biography, Drama, History",96529,1992-11-17,Spike Lee,,
1729,tt0110478,2023-01-24,2023-01-24,,Maverick,https://www.imdb.com/title/tt0110478/,movie,7.0,127,1994,"Action, Adventure, Comedy, Western",113825,1994-05-20,Richard Donner,,
1730,tt0112281,2023-01-24,2023-01-24,,Ace Ventura: When Nature Calls,https://www.imdb.com/title/tt0112281/,movie,6.4,90,1995,"Adventure, Comedy, Crime",221703,1995-11-08,Steve Oedekerk,,
1731,tt0309593,2023-01-24,2023-01-24,,Final Destination 2,https://www.imdb.com/title/tt0309593/,movie,6.2,90,2003,"Horror, Thriller",170813,2003-01-30,David R. Ellis,,
1732,tt0119668,2023-01-24,2023-01-24,,Midnight in the Garden of Good and Evil,https://www.imdb.com/title/tt0119668/,movie,6.6,155,1997,"Crime, Drama, Mystery, Thriller",39920,1997-11-17,Clint Eastwood,,
1733,tt0185371,2023-01-24,2023-01-24,,House on Haunted Hill,https://www.imdb.com/title/tt0185371/,movie,5.6,93,1999,"Crime, Fantasy, Horror, Mystery, Thriller",57921,1999-10-27,William Malone,,
1734,tt0109635,2023-01-24,2023-01-24,,Disclosure,https://www.imdb.com/title/tt0109635/,movie,6.1,128,1994,"Drama, Thriller",51517,1994-11-28,Barry Levinson,,
1735,tt0120177,2023-01-24,2023-01-24,,Spawn,https://www.imdb.com/title/tt0120177/,movie,5.2,96,1997,"Action, Drama, Horror",69384,1997-07-31,Mark A.Z. Dippé,,
1736,tt0120873,2023-01-24,2023-01-24,,U.S. Marshals,https://www.imdb.com/title/tt0120873/,movie,6.5,131,1998,"Action, Crime, Thriller",107935,1998-03-06,Stuart Baird,,
1737,tt0181739,2023-01-24,2023-01-24,,Osmosis Jones,https://www.imdb.com/title/tt0181739/,movie,6.3,95,2001,"Animation, Action, Adventure, Comedy, Crime, Family, Fantasy, Sci-Fi",36888,2001-08-07,"Peter Farrelly, Bobby Farrelly",,
1738,tt0107007,2023-01-24,2023-01-24,,Gettysburg,https://www.imdb.com/title/tt0107007/,movie,7.6,271,1993,"Drama, History, War",29752,1993-10-06,Ron Maxwell,,
1739,tt0283139,2023-01-24,2023-01-24,,White Oleander,https://www.imdb.com/title/tt0283139/,movie,7.1,109,2002,Drama,32957,2002-09-06,Peter Kosminsky,,
1740,tt0106965,2023-01-24,2023-01-24,,Free Willy,https://www.imdb.com/title/tt0106965/,movie,6.0,112,1993,"Adventure, Drama, Family",78263,1993-07-16,Simon Wincer,,
1741,tt0195945,2023-01-24,2023-01-24,,Next Friday,https://www.imdb.com/title/tt0195945/,movie,6.1,98,2000,Comedy,41776,2000-01-11,Steve Carr,,
1742,tt0146838,2023-01-24,2023-01-24,,Any Given Sunday,https://www.imdb.com/title/tt0146838/,movie,6.9,162,1999,"Drama, Sport",121718,1999-12-16,Oliver Stone,,
1743,tt0266915,2023-01-24,2023-01-24,,Rush Hour 2,https://www.imdb.com/title/tt0266915/,movie,6.6,90,2001,"Action, Comedy, Crime, Thriller",224643,2001-07-26,Brett Ratner,,
1744,tt0185183,2023-01-24,2023-01-24,,Battlefield Earth,https://www.imdb.com/title/tt0185183/,movie,2.5,118,2000,"Action, Adventure, Sci-Fi",80867,2000-05-10,Roger Christian,,
1745,tt0104692,2023-01-24,2023-01-24,,The Lawnmower Man,https://www.imdb.com/title/tt0104692/,movie,5.4,108,1992,"Horror, Sci-Fi",36951,1992-03-06,Brett Leonard,,
1746,tt0106701,2023-01-24,2023-01-24,,Dennis the Menace,https://www.imdb.com/title/tt0106701/,movie,5.6,94,1993,"Comedy, Family",62460,1993-06-24,Nick Castle,,
1747,tt0120901,2023-01-24,2023-01-24,,Wrongfully Accused,https://www.imdb.com/title/tt0120901/,movie,6.0,87,1998,"Action, Comedy, Thriller",27203,1998-07-23,Pat Proft,,
1748,tt0111255,2023-01-24,2023-01-24,,The Specialist,https://www.imdb.com/title/tt0111255/,movie,5.6,110,1994,"Action, Drama, Thriller",67209,1994-10-07,Luis Llosa,,
1749,tt0120891,2023-01-24,2023-01-24,,Wild Wild West,https://www.imdb.com/title/tt0120891/,movie,4.9,106,1999,"Action, Comedy, Sci-Fi, Western",162756,1999-06-30,Barry Sonnenfeld,,
1750,tt0168629,2023-01-24,2023-01-24,,Dancer in the Dark,https://www.imdb.com/title/tt0168629/,movie,7.9,140,2000,"Crime, Drama, Musical",111592,2000-05-17,Lars von Trier,,
1751,tt0363589,2023-01-24,2023-01-24,,Elephant,https://www.imdb.com/title/tt0363589/,movie,7.1,81,2003,"Crime, Drama, Thriller",93046,2003-05-18,Gus Van Sant,,
1752,tt0202470,2023-01-24,2023-01-24,,Rock Star,https://www.imdb.com/title/tt0202470/,movie,6.3,105,2001,"Drama, Music",43937,2001-09-04,Stephen Herek,,
1753,tt0120188,2023-01-24,2023-01-24,,Three Kings,https://www.imdb.com/title/tt0120188/,movie,7.1,114,1999,"Action, Adventure, Comedy, Drama, War",174370,1999-09-27,David O. Russell,,
1754,tt0186151,2023-01-24,2023-01-24,,Frequency,https://www.imdb.com/title/tt0186151/,movie,7.4,118,2000,"Crime, Drama, Mystery, Sci-Fi, Thriller",110244,2000-04-28,Gregory Hoblit,,
1755,tt0116654,2023-01-24,2023-01-24,,The Island of Dr. Moreau,https://www.imdb.com/title/tt0116654/,movie,4.5,96,1996,"Horror, Sci-Fi, Thriller",34167,1996-08-23,"Richard Stanley, John Frankenheimer",,
1756,tt0116253,2023-01-24,2023-01-24,,Executive Decision,https://www.imdb.com/title/tt0116253/,movie,6.5,133,1996,"Action, Adventure, Thriller",58883,1996-03-15,Stuart Baird,,
1757,tt0313737,2023-01-24,2023-01-24,,Two Weeks Notice,https://www.imdb.com/title/tt0313737/,movie,6.1,101,2002,"Comedy, Romance",120500,2002-12-12,Marc Lawrence,,
1758,tt0106627,2023-01-24,2023-01-24,,The Crush,https://www.imdb.com/title/tt0106627/,movie,5.8,89,1993,"Drama, Thriller",20873,1993-04-02,Alan Shapiro,,
1759,tt0112579,2023-01-24,2023-01-24,,The Bridges of Madison County,https://www.imdb.com/title/tt0112579/,movie,7.6,135,1995,"Drama, Romance",83531,1995-05-30,Clint Eastwood,,
1760,tt0116213,2023-01-24,2023-01-24,,Eraser,https://www.imdb.com/title/tt0116213/,movie,6.2,115,1996,"Action, Crime, Thriller",113721,1996-06-11,Chuck Russell,,
1761,tt0122151,2023-01-24,2023-01-24,,Lethal Weapon 4,https://www.imdb.com/title/tt0122151/,movie,6.6,127,1998,"Action, Crime, Thriller",165715,1998-07-07,Richard Donner,,
1762,tt0110364,2023-01-24,2023-01-24,,Little Giants,https://www.imdb.com/title/tt0110364/,movie,6.4,107,1994,"Comedy, Family, Sport",29351,1994-10-14,Duwayne Dunham,,
1763,tt0104454,2023-01-24,2023-01-24,,Howards End,https://www.imdb.com/title/tt0104454/,movie,7.4,142,1992,"Drama, Romance",33450,1992-02-27,James Ivory,,
1764,tt0105466,2023-01-24,2023-01-24,,Stay Tuned,https://www.imdb.com/title/tt0105466/,movie,6.2,88,1992,"Adventure, Comedy, Fantasy",13332,1992-08-14,Peter Hyams,,
1765,tt0244244,2023-01-24,2023-01-24,,Swordfish,https://www.imdb.com/title/tt0244244/,movie,6.5,99,2001,"Action, Crime, Thriller",189845,2001-05-11,Dominic Sena,,
1766,tt0105415,2023-01-24,2023-01-24,,Singles,https://www.imdb.com/title/tt0105415/,movie,6.7,99,1992,"Comedy, Drama, Music, Romance",30931,1992-09-18,Cameron Crowe,,
1767,tt0119053,2023-01-24,2023-01-24,,Almost Heroes,https://www.imdb.com/title/tt0119053/,movie,5.7,90,1998,"Adventure, Comedy, Western",16856,1998-05-29,Christopher Guest,,
1768,tt0109045,2023-01-24,2023-01-24,,"The Adventures of Priscilla, Queen of the Desert",https://www.imdb.com/title/tt0109045/,movie,7.5,104,1994,"Comedy, Music",51425,1994-01-30,Stephan Elliott,,
1769,tt0104389,2023-01-24,2023-01-24,,The Hand That Rocks the Cradle,https://www.imdb.com/title/tt0104389/,movie,6.7,110,1992,"Drama, Thriller",45734,1992-01-10,Curtis Hanson,,
1770,tt0233142,2023-01-24,2023-01-24,,3000 Miles to Graceland,https://www.imdb.com/title/tt0233142/,movie,5.9,125,2001,"Action, Comedy, Crime, Thriller",47405,2001-02-20,Demian Lichtenstein,,
1771,tt0105156,2023-01-24,2023-01-24,,Poison Ivy,https://www.imdb.com/title/tt0105156/,movie,5.4,93,1992,"Drama, Thriller",19049,1992-01-31,Katt Shea,,
1772,tt0120787,2023-01-24,2023-01-24,,A Perfect Murder,https://www.imdb.com/title/tt0120787/,movie,6.6,107,1998,"Crime, Drama, Thriller",87275,1998-01-31,Andrew Davis,,
1773,tt0117918,2023-01-24,2023-01-24,,Tin Cup,https://www.imdb.com/title/tt0117918/,movie,6.4,135,1996,"Comedy, Drama, Romance, Sport",51330,1996-08-16,Ron Shelton,,
1774,tt0107798,2023-01-24,2023-01-24,,The Pelican Brief,https://www.imdb.com/title/tt0107798/,movie,6.6,141,1993,"Crime, Drama, Mystery, Thriller",89785,1993-09-17,Alan J. Pakula,,
1775,tt0112722,2023-01-24,2023-01-24,,Copycat,https://www.imdb.com/title/tt0112722/,movie,6.6,123,1995,"Drama, Mystery, Thriller",61285,1995-10-19,Jon Amiel,,
1776,tt0285531,2023-01-24,2023-01-24,,Dreamcatcher,https://www.imdb.com/title/tt0285531/,movie,5.5,136,2003,"Drama, Horror, Sci-Fi, Thriller",93814,2003-03-06,Lawrence Kasdan,,
1777,tt0111732,2023-01-24,2023-01-24,,With Honors,https://www.imdb.com/title/tt0111732/,movie,6.7,101,1994,"Comedy, Drama",14864,1994-04-29,Alek Keshishian,,
1778,tt0251160,2023-01-24,2023-01-24,,John Q,https://www.imdb.com/title/tt0251160/,movie,7.1,116,2002,"Crime, Drama, Thriller",136864,2002-02-15,Nick Cassavetes,,
1779,tt0114069,2023-01-24,2023-01-24,,Outbreak,https://www.imdb.com/title/tt0114069/,movie,6.6,127,1995,"Action, Drama, Thriller",131695,1995-03-06,Wolfgang Petersen,,
1780,tt0104714,2023-01-24,2023-01-24,,Lethal Weapon 3,https://www.imdb.com/title/tt0104714/,movie,6.7,118,1992,"Action, Crime, Thriller",171174,1992-05-11,Richard Donner,,
1781,tt0318155,2023-01-24,2023-01-24,,Looney Tunes: Back in Action,https://www.imdb.com/title/tt0318155/,movie,5.8,93,2003,"Animation, Adventure, Comedy, Family",38450,2003-11-09,"Joe Dante, Eric Goldberg",,
1782,tt0242998,2023-01-24,2023-01-24,,Valentine,https://www.imdb.com/title/tt0242998/,movie,4.8,96,2001,"Horror, Mystery, Thriller",28779,2001-02-01,Jamie Blanks,,
1783,tt0104237,2023-01-24,2023-01-24,,Damage,https://www.imdb.com/title/tt0104237/,movie,6.7,111,1992,"Drama, Romance",18944,1992-12-09,Louis Malle,,
1784,tt0199753,2023-01-24,2023-01-24,,Red Planet,https://www.imdb.com/title/tt0199753/,movie,5.7,106,2000,"Action, Sci-Fi, Thriller",58530,2000-11-06,Antony Hoffman,,
1785,tt0107254,2023-01-24,2023-01-24,,Jason Goes to Hell: The Final Friday,https://www.imdb.com/title/tt0107254/,movie,4.1,87,1993,"Fantasy, Horror, Thriller",33854,1993-08-13,Adam Marcus,,
1786,tt0113936,2023-01-24,2023-01-24,,Senior Trip,https://www.imdb.com/title/tt0113936/,movie,5.6,91,1995,"Adventure, Comedy",6044,1995-09-08,Kelly Makin,,
1787,tt0310281,2023-01-24,2023-01-24,,A Mighty Wind,https://www.imdb.com/title/tt0310281/,movie,7.2,91,2003,"Comedy, Music",28561,2003-03-12,Christopher Guest,,
1788,tt0117119,2023-01-24,2023-01-24,,My Fellow Americans,https://www.imdb.com/title/tt0117119/,movie,6.5,101,1996,"Adventure, Comedy",15385,1996-12-20,Peter Segal,,
1789,tt0120094,2023-01-24,2023-01-24,,Selena,https://www.imdb.com/title/tt0120094/,movie,6.8,127,1997,"Biography, Drama, Music",29635,1997-03-21,Gregory Nava,,
1790,tt0113670,2023-01-24,2023-01-24,,A Little Princess,https://www.imdb.com/title/tt0113670/,movie,7.6,97,1995,"Drama, Family, Fantasy",35325,1995-05-10,Alfonso Cuarón,,
1791,tt0107808,2023-01-24,2023-01-24,,A Perfect World,https://www.imdb.com/title/tt0107808/,movie,7.5,138,1993,"Crime, Drama, Thriller",82277,1993-11-24,Clint Eastwood,,
1792,tt0257568,2023-01-24,2023-01-24,,Kangaroo Jack,https://www.imdb.com/title/tt0257568/,movie,4.5,89,2003,"Action, Adventure, Comedy, Crime, Family",32337,2003-01-11,David McNally,,
1793,tt0233469,2023-01-24,2023-01-24,,Collateral Damage,https://www.imdb.com/title/tt0233469/,movie,5.5,108,2002,"Action, Drama, Thriller",75978,2002-02-04,Andrew Davis,,
1794,tt0165710,2023-01-24,2023-01-24,,Detroit Rock City,https://www.imdb.com/title/tt0165710/,movie,6.8,95,1999,"Adventure, Comedy, Music",39939,1999-08-09,Adam Rifkin,,
1795,tt0112401,2023-01-24,2023-01-24,,Assassins,https://www.imdb.com/title/tt0112401/,movie,6.3,133,1995,"Action, Crime, Thriller",84836,1995-10-06,Richard Donner,,
1796,tt0105104,2023-01-24,2023-01-24,,Passenger 57,https://www.imdb.com/title/tt0105104/,movie,5.9,84,1992,"Action, Crime, Thriller",48860,1992-11-05,Kevin Hooks,,
1797,tt0271367,2023-01-24,2023-01-24,,Eight Legged Freaks,https://www.imdb.com/title/tt0271367/,movie,5.5,99,2002,"Action, Adventure, Comedy, Horror, Sci-Fi, Thriller",58247,2002-05-30,Ellory Elkayem,,
1798,tt0139668,2023-01-24,2023-01-24,,True Crime,https://www.imdb.com/title/tt0139668/,movie,6.6,127,1999,"Crime, Drama, Mystery, Thriller",36723,1999-03-15,Clint Eastwood,,
1799,tt0223897,2023-01-24,2023-01-24,,Pay It Forward,https://www.imdb.com/title/tt0223897/,movie,7.2,123,2000,Drama,120438,2000-10-12,Mimi Leder,,
1800,tt0325805,2023-01-24,2023-01-24,,Matchstick Men,https://www.imdb.com/title/tt0325805/,movie,7.3,116,2003,"Comedy, Crime, Drama, Thriller",133000,2003-09-02,Ridley Scott,,
1801,tt0120184,2023-01-24,2023-01-24,,Sphere,https://www.imdb.com/title/tt0120184/,movie,6.1,134,1998,"Action, Mystery, Sci-Fi, Thriller",108131,1998-02-11,Barry Levinson,,
1802,tt0257360,2023-01-24,2023-01-24,,About Schmidt,https://www.imdb.com/title/tt0257360/,movie,7.2,125,2002,Drama,129828,2002-05-22,Alexander Payne,,
1803,tt0111686,2023-01-24,2023-01-24,,Wes Craven's New Nightmare,https://www.imdb.com/title/tt0111686/,movie,6.4,112,1994,"Fantasy, Horror, Mystery, Thriller",60176,1994-08-31,Wes Craven,,
1804,tt0117603,2023-01-24,2023-01-24,,Set It Off,https://www.imdb.com/title/tt0117603/,movie,6.8,123,1996,"Action, Crime, Drama, Romance, Thriller",16984,1996-11-06,F. Gary Gray,,
1805,tt0109723,2023-01-24,2023-01-24,,Embrace of the Vampire,https://www.imdb.com/title/tt0109723/,movie,4.3,92,1995,"Horror, Thriller",6629,1995-05-30,Anne Goursaud,,
1806,tt0338077,2023-01-24,2023-01-24,,Grind,https://www.imdb.com/title/tt0338077/,movie,5.9,105,2003,"Adventure, Comedy, Sport",12802,2003-08-13,Casey La Scala,,
1807,tt0328099,2023-01-24,2023-01-24,,Malibu's Most Wanted,https://www.imdb.com/title/tt0328099/,movie,5.2,86,2003,"Comedy, Crime",20157,2003-04-10,John Whitesell,,
1808,tt0122933,2023-01-24,2023-01-24,,Analyze This,https://www.imdb.com/title/tt0122933/,movie,6.7,103,1999,"Comedy, Crime",156455,1999-03-05,Harold Ramis,,
1809,tt0117039,2023-01-24,2023-01-24,,Michael Collins,https://www.imdb.com/title/tt0117039/,movie,7.1,133,1996,"Biography, Drama, Thriller, War",32107,1996-08-28,Neil Jordan,,
1810,tt0106364,2023-01-24,2023-01-24,,Batman: Mask of the Phantasm,https://www.imdb.com/title/tt0106364/,movie,7.8,76,1993,"Animation, Action, Adventure, Crime, Family, Mystery, Sci-Fi",52499,1993-12-25,"Boyd Kirkland, Eric Radomski, Frank Paur, Kevin Altieri, Bruce Timm, Dan Riba",,
1811,tt0105159,2023-01-24,2023-01-24,,The Power of One,https://www.imdb.com/title/tt0105159/,movie,7.1,127,1992,"Drama, Sport",10215,1992-03-27,John G. Avildsen,,
1812,tt0199725,2023-01-24,2023-01-24,,Love & Basketball,https://www.imdb.com/title/tt0199725/,movie,7.2,124,2000,"Drama, Romance, Sport",22453,2000-01-26,Gina Prince-Bythewood,,
1813,tt0165929,2023-01-24,2023-01-24,,Romeo Must Die,https://www.imdb.com/title/tt0165929/,movie,6.1,115,2000,"Action, Crime, Thriller",71418,2000-03-20,Andrzej Bartkowiak,,
1814,tt0120157,2023-01-24,2023-01-24,,Soldier,https://www.imdb.com/title/tt0120157/,movie,6.0,99,1998,"Action, Drama, Sci-Fi",57584,1998-10-23,Paul W.S. Anderson,,
1815,tt0286788,2023-01-24,2023-01-24,,What a Girl Wants,https://www.imdb.com/title/tt0286788/,movie,5.8,105,2003,"Comedy, Drama, Family, Romance",63993,2003-03-27,Dennie Gordon,,
1816,tt0280665,2023-01-24,2023-01-24,,Femme Fatale,https://www.imdb.com/title/tt0280665/,movie,6.2,114,2002,"Crime, Drama, Mystery, Thriller",36435,2002-04-30,Brian De Palma,,
1817,tt0118883,2023-01-24,2023-01-24,,Conspiracy Theory,https://www.imdb.com/title/tt0118883/,movie,6.7,135,1997,"Action, Mystery, Thriller",102371,1997-08-04,Richard Donner,,
1818,tt0110978,2023-01-24,2023-01-24,,The Return of the Texas Chainsaw Massacre,https://www.imdb.com/title/tt0110978/,movie,3.3,87,1995,"Comedy, Horror, Thriller",23977,1995-03-12,Kim Henkel,,
1819,tt0146309,2023-01-24,2023-01-24,,Thirteen Days,https://www.imdb.com/title/tt0146309/,movie,7.3,145,2000,"Drama, History, Thriller",59823,2000-12-16,Roger Donaldson,,
1820,tt0186566,2023-01-24,2023-01-24,,Space Cowboys,https://www.imdb.com/title/tt0186566/,movie,6.5,130,2000,"Action, Adventure, Thriller",82766,2000-08-01,Clint Eastwood,,
1821,tt0118661,2023-01-24,2023-01-24,,The Avengers,https://www.imdb.com/title/tt0118661/,movie,3.8,89,1998,"Action, Adventure, Sci-Fi, Thriller",44307,1998-08-13,Jeremiah S. Chechik,,
1822,tt0116502,2023-01-24,2023-01-24,,Head Above Water,https://www.imdb.com/title/tt0116502/,movie,6.0,92,1996,"Comedy, Thriller",7867,1996-11-07,Jim Wilson,,
1823,tt0120885,2023-01-24,2023-01-24,,Wag the Dog,https://www.imdb.com/title/tt0120885/,movie,7.1,97,1997,"Comedy, Drama",85375,1997-12-17,Barry Levinson,,
1824,tt0119707,2023-01-24,2023-01-24,,Mortal Kombat: Annihilation,https://www.imdb.com/title/tt0119707/,movie,3.6,95,1997,"Action, Adventure, Fantasy, Sci-Fi, Thriller",55651,1997-11-21,John R. Leonetti,,
1825,tt0106673,2023-01-24,2023-01-24,,Dave,https://www.imdb.com/title/tt0106673/,movie,6.9,110,1993,"Comedy, Romance",54606,1993-05-07,Ivan Reitman,,
1826,tt0266452,2023-01-24,2023-01-24,,Death to Smoochy,https://www.imdb.com/title/tt0266452/,movie,6.3,109,2002,"Comedy, Crime, Drama, Thriller",41134,2002-02-28,Danny DeVito,,
1827,tt0104291,2023-01-24,2023-01-24,,Forever Young,https://www.imdb.com/title/tt0104291/,movie,6.3,102,1992,"Drama, Romance, Sci-Fi",48302,1992-12-11,Steve Miner,,
1828,tt0118829,2023-01-24,2023-01-24,,Cats Don't Dance,https://www.imdb.com/title/tt0118829/,movie,6.9,75,1997,"Animation, Comedy, Family, Fantasy, Musical",7924,1997-03-26,Mark Dindal,,
1829,tt0117038,2023-01-24,2023-01-24,,Michael,https://www.imdb.com/title/tt0117038/,movie,5.7,105,1996,"Comedy, Drama, Fantasy",43806,1996-12-25,Nora Ephron,,
1830,tt0107843,2023-01-24,2023-01-24,,Point of No Return,https://www.imdb.com/title/tt0107843/,movie,6.1,109,1993,"Action, Crime, Drama, Thriller",28840,1993-03-19,John Badham,,
1831,tt0293815,2023-01-24,2023-01-24,,Friday After Next,https://www.imdb.com/title/tt0293815/,movie,5.8,85,2002,"Comedy, Drama",28609,2002-11-22,Marcus Raboy,,
1832,tt0266465,2023-01-24,2023-01-24,,A Man Apart,https://www.imdb.com/title/tt0266465/,movie,6.0,109,2003,"Action, Crime, Drama, Thriller",48097,2003-04-04,F. Gary Gray,,
1833,tt0116508,2023-01-24,2023-01-24,,Heaven's Prisoners,https://www.imdb.com/title/tt0116508/,movie,5.8,132,1996,"Drama, Mystery, Thriller",5518,1996-04-25,Phil Joanou,,
1834,tt0268995,2023-01-24,2023-01-24,,The Majestic,https://www.imdb.com/title/tt0268995/,movie,6.9,152,2001,"Drama, Romance",55607,2001-12-11,Frank Darabont,,
1835,tt0116839,2023-01-24,2023-01-24,,Lawnmower Man 2: Beyond Cyberspace,https://www.imdb.com/title/tt0116839/,movie,2.5,93,1996,"Action, Sci-Fi, Thriller",9765,1996-01-12,Farhad Mann,,
1836,tt0109021,2023-01-24,2023-01-24,,8 Seconds,https://www.imdb.com/title/tt0109021/,movie,6.5,105,1994,"Biography, Drama, Sport, Western",5394,1994-02-25,John G. Avildsen,,
1837,tt0329028,2023-01-24,2023-01-24,,Dumb and Dumberer: When Harry Met Lloyd,https://www.imdb.com/title/tt0329028/,movie,3.4,85,2003,Comedy,40527,2003-06-13,Troy Miller,,
1838,tt0111419,2023-01-24,2023-01-24,,Thumbelina,https://www.imdb.com/title/tt0111419/,movie,6.2,86,1994,"Animation, Adventure, Family, Fantasy, Musical, Romance",17618,1994-03-30,"Don Bluth, Gary Goldman",,
1839,tt0230838,2023-01-24,2023-01-24,,Sweet November,https://www.imdb.com/title/tt0230838/,movie,6.7,119,2001,"Drama, Romance",91586,2001-02-12,Pat O'Connor,,
1840,tt0192255,2023-01-24,2023-01-24,,The Little Vampire,https://www.imdb.com/title/tt0192255/,movie,5.7,95,2000,"Adventure, Comedy, Family, Fantasy",10794,2000-08-18,Uli Edel,,
1841,tt0104850,2023-01-24,2023-01-24,,Memoirs of an Invisible Man,https://www.imdb.com/title/tt0104850/,movie,6.0,99,1992,"Comedy, Romance, Sci-Fi, Thriller",25633,1992-02-28,John Carpenter,,
1842,tt0248845,2023-01-24,2023-01-24,,Hedwig and the Angry Inch,https://www.imdb.com/title/tt0248845/,movie,7.7,95,2001,"Comedy, Drama, Music, Musical",36183,2001-01-19,John Cameron Mitchell,,
1843,tt0110712,2023-01-24,2023-01-24,,Of Love and Shadows,https://www.imdb.com/title/tt0110712/,movie,5.0,105,1994,"Drama, Romance, Thriller, War",2255,1994-09-26,Betty Kaplan,,
1844,tt0107756,2023-01-24,2023-01-24,,Orlando,https://www.imdb.com/title/tt0107756/,movie,7.1,94,1992,"Biography, Drama, Fantasy, Romance",17241,1992-09-01,Sally Potter,,
1845,tt0113010,2023-01-24,2023-01-24,,Fair Game,https://www.imdb.com/title/tt0113010/,movie,4.3,91,1995,"Action, Romance, Thriller",13230,1995-11-03,Andrew Sipes,,
1846,tt0242445,2023-01-24,2023-01-24,,Exit Wounds,https://www.imdb.com/title/tt0242445/,movie,5.6,101,2001,"Action, Crime, Thriller",35915,2001-03-13,Andrzej Bartkowiak,,
1847,tt0144640,2023-01-24,2023-01-24,,Three to Tango,https://www.imdb.com/title/tt0144640/,movie,6.0,98,1999,"Comedy, Romance",19407,1999-10-19,Damon Santostefano,,
1848,tt0106881,2023-01-24,2023-01-24,,Fearless,https://www.imdb.com/title/tt0106881/,movie,7.1,122,1993,"Drama, Thriller",23222,1993-10-15,Peter Weir,,
1849,tt0119592,2023-01-24,2023-01-24,,Mad City,https://www.imdb.com/title/tt0119592/,movie,6.3,114,1997,"Crime, Drama, Thriller",20325,1997-10-10,Costa-Gavras,,
1850,tt0107659,2023-01-24,2023-01-24,,Loaded Weapon 1,https://www.imdb.com/title/tt0107659/,movie,6.2,84,1993,"Action, Comedy, Crime",49327,1993-02-05,Gene Quintano,,
1851,tt0106233,2023-01-24,2023-01-24,,Airborne,https://www.imdb.com/title/tt0106233/,movie,6.2,91,1993,"Adventure, Comedy, Sport",7177,1993-09-17,Rob Bowman,,
1852,tt0279111,2023-01-24,2023-01-24,,Gods and Generals,https://www.imdb.com/title/tt0279111/,movie,6.2,219,2003,"Biography, Drama, History, War",16615,2003-02-10,Ron Maxwell,,
1853,tt0141109,2023-01-24,2023-01-24,,Jack Frost,https://www.imdb.com/title/tt0141109/,movie,5.4,101,1998,"Comedy, Drama, Family, Fantasy",38280,1998-11-15,Troy Miller,,
1854,tt0116830,2023-01-24,2023-01-24,,Last Man Standing,https://www.imdb.com/title/tt0116830/,movie,6.4,101,1996,"Action, Crime, Drama, Thriller",58978,1996-09-14,Walter Hill,,
1855,tt0208988,2023-01-24,2023-01-24,,Get Carter,https://www.imdb.com/title/tt0208988/,movie,5.1,102,2000,"Action, Crime, Drama, Thriller",35195,2000-09-25,Stephen Kay,,
1856,tt0132245,2023-01-24,2023-01-24,,Driven,https://www.imdb.com/title/tt0132245/,movie,4.6,116,2001,"Action, Drama, Sport",41806,2001-03-08,Renny Harlin,,
1857,tt0289635,2023-01-24,2023-01-24,,Young Adam,https://www.imdb.com/title/tt0289635/,movie,6.4,98,2003,"Crime, Drama",14235,2003-05-16,David Mackenzie,,
1858,tt0139462,2023-01-24,2023-01-24,,Message in a Bottle,https://www.imdb.com/title/tt0139462/,movie,6.2,126,1999,"Drama, Romance",39114,1999-02-12,Luis Mandoki,,
1859,tt0111333,2023-01-24,2023-01-24,,The Swan Princess,https://www.imdb.com/title/tt0111333/,movie,6.4,93,1994,"Animation, Adventure, Comedy, Family, Fantasy, Musical, Romance",25630,1994-10-17,Richard Rich,,
1860,tt0117723,2023-01-24,2023-01-24,,Spy Hard,https://www.imdb.com/title/tt0117723/,movie,5.3,81,1996,"Action, Comedy",38683,1996-05-24,Rick Friedberg,,
1861,tt0110064,2023-01-24,2023-01-24,,House Party 3,https://www.imdb.com/title/tt0110064/,movie,4.6,100,1994,"Comedy, Music, Romance",5418,1994-01-11,Eric Meza,,
1862,tt0120800,2023-01-24,2023-01-24,,Quest for Camelot,https://www.imdb.com/title/tt0120800/,movie,6.2,86,1998,"Animation, Adventure, Comedy, Drama, Family, Fantasy, Musical",17032,1998-05-15,Frederik Du Chau,,
1863,tt0252503,2023-01-24,2023-01-24,,Heist,https://www.imdb.com/title/tt0252503/,movie,6.5,109,2001,"Action, Crime, Drama, Thriller",37790,2001-09-10,David Mamet,,
1864,tt0264796,2023-01-24,2023-01-24,,Life as a House,https://www.imdb.com/title/tt0264796/,movie,7.5,125,2001,Drama,44563,2001-09-09,Irwin Winkler,,
1865,tt0244000,2023-01-24,2023-01-24,,American Outlaws,https://www.imdb.com/title/tt0244000/,movie,5.9,94,2001,"Action, Western",16802,2001-08-14,Les Mayfield,,
1866,tt0105616,2023-01-24,2023-01-24,,Tom and Jerry: The Movie,https://www.imdb.com/title/tt0105616/,movie,5.3,84,1992,"Animation, Adventure, Comedy, Family, Musical",11365,1992-10-01,Phil Roman,,
1867,tt0113501,2023-01-24,2023-01-24,,Just Cause,https://www.imdb.com/title/tt0113501/,movie,6.4,102,1995,"Action, Crime, Drama, Mystery, Thriller",27697,1995-02-17,Arne Glimcher,,
1868,tt0114151,2023-01-24,2023-01-24,,Poison Ivy II,https://www.imdb.com/title/tt0114151/,movie,4.4,106,1996,"Drama, Thriller",6073,1996-01-16,Anne Goursaud,,
1869,tt0235737,2023-01-24,2023-01-24,,The Salton Sea,https://www.imdb.com/title/tt0235737/,movie,7.0,103,2002,"Crime, Drama, Mystery, Thriller",31259,2002-02-12,D.J. Caruso,,
1870,tt0109035,2023-01-24,2023-01-24,,Above the Rim,https://www.imdb.com/title/tt0109035/,movie,6.6,96,1994,"Crime, Drama, Sport, Thriller",16160,1994-03-23,Jeff Pollack,,
1871,tt0113326,2023-01-24,2023-01-24,,Hung fan kui,https://www.imdb.com/title/tt0113326/,movie,6.7,104,1995,"Action, Comedy, Crime, Thriller",43330,1995-01-21,Stanley Tong,,
1872,tt0110647,2023-01-24,2023-01-24,,Die unendliche Geschichte III: Rettung aus Phantasien,https://www.imdb.com/title/tt0110647/,movie,3.1,95,1994,"Adventure, Comedy, Family, Fantasy",11805,1994-10-27,Peter MacDonald,,
1873,tt0289848,2023-01-24,2023-01-24,,Analyze That,https://www.imdb.com/title/tt0289848/,movie,5.9,96,2002,"Comedy, Crime",87094,2002-12-06,Harold Ramis,,
1874,tt0120238,2023-01-24,2023-01-24,,SubUrbia,https://www.imdb.com/title/tt0120238/,movie,6.7,121,1996,"Comedy, Drama",9954,1996-10-11,Richard Linklater,,
1875,tt0258153,2023-01-24,2023-01-24,,S1m0ne,https://www.imdb.com/title/tt0258153/,movie,6.1,117,2002,"Comedy, Drama, Sci-Fi",61181,2002-08-23,Andrew Niccol,,
1876,tt0117768,2023-01-24,2023-01-24,,The Stupids,https://www.imdb.com/title/tt0117768/,movie,4.2,94,1996,"Adventure, Comedy",6940,1996-08-08,John Landis,,
1877,tt0119123,2023-01-24,2023-01-24,,Fire Down Below,https://www.imdb.com/title/tt0119123/,movie,5.1,105,1997,"Action, Drama, Thriller",18358,1997-09-05,Félix Enríquez Alcalá,,
1878,tt0120483,2023-01-24,2023-01-24,,The Man Who Knew Too Little,https://www.imdb.com/title/tt0120483/,movie,6.6,94,1997,"Comedy, Crime, Drama",33132,1997-11-14,Jon Amiel,,
1879,tt0108185,2023-01-24,2023-01-24,,Sommersby,https://www.imdb.com/title/tt0108185/,movie,6.2,114,1993,"Drama, Mystery, Romance",22276,1993-02-05,Jon Amiel,,
1880,tt0113211,2023-01-24,2023-01-24,,The Grass Harp,https://www.imdb.com/title/tt0113211/,movie,6.9,107,1995,"Comedy, Drama",17624,1995-09-10,Charles Matthau,,
1881,tt0104299,2023-01-24,2023-01-24,,Freejack,https://www.imdb.com/title/tt0104299/,movie,5.4,110,1992,"Action, Crime, Sci-Fi, Thriller",16624,1992-01-17,Geoff Murphy,,
1882,tt0337592,2023-01-24,2023-01-24,,Love Don't Cost a Thing,https://www.imdb.com/title/tt0337592/,movie,5.2,100,2003,"Comedy, Romance, Drama",9011,2003-12-10,Troy Byer,,
1883,tt0108258,2023-01-24,2023-01-24,,Surf Ninjas,https://www.imdb.com/title/tt0108258/,movie,5.0,87,1993,"Action, Adventure, Comedy, Family, Sport",8366,1993-05-07,Neal Israel,,
1884,tt0147004,2023-01-24,2023-01-24,,Little Voice,https://www.imdb.com/title/tt0147004/,movie,7.0,97,1998,"Comedy, Drama, Music, Romance",16735,1998-09-18,Mark Herman,,
1885,tt0309377,2023-01-24,2023-01-24,,Blood Work,https://www.imdb.com/title/tt0309377/,movie,6.4,110,2002,"Action, Crime, Drama, Mystery, Thriller",45957,2002-08-06,Clint Eastwood,,
1886,tt0108395,2023-01-24,2023-01-24,,A Troll in Central Park,https://www.imdb.com/title/tt0108395/,movie,5.3,76,1994,"Animation, Adventure, Comedy, Family, Fantasy, Musical",6943,1994-07-13,"Don Bluth, Gary Goldman",,
1887,tt0234829,2023-01-24,2023-01-24,,Summer Catch,https://www.imdb.com/title/tt0234829/,movie,5.0,104,2001,"Comedy, Drama, Romance, Sport",16219,2001-08-22,Michael Tollin,,
1888,tt0109593,2023-01-24,2023-01-24,,Delta of Venus,https://www.imdb.com/title/tt0109593/,movie,4.7,102,1995,Drama,2231,1995-06-09,Zalman King,,
1889,tt0138304,2023-01-24,2023-01-24,,The Astronaut's Wife,https://www.imdb.com/title/tt0138304/,movie,5.4,109,1999,"Drama, Sci-Fi, Thriller",56146,1999-08-27,Rand Ravich,,
1890,tt0104265,2023-01-24,2023-01-24,,Final Analysis,https://www.imdb.com/title/tt0104265/,movie,5.9,124,1992,"Drama, Thriller",14644,1992-02-06,Phil Joanou,,
1891,tt0145734,2023-01-24,2023-01-24,,Playing by Heart,https://www.imdb.com/title/tt0145734/,movie,7.0,121,1998,"Comedy, Drama, Romance",19763,1998-12-18,Willard Carroll,,
1892,tt0109348,2023-01-24,2023-01-24,,Bullets Over Broadway,https://www.imdb.com/title/tt0109348/,movie,7.4,98,1994,"Comedy, Crime",39688,1994-09-06,Woody Allen,,
1893,tt0109279,2023-01-24,2023-01-24,,Black Beauty,https://www.imdb.com/title/tt0109279/,movie,6.6,88,1994,"Adventure, Drama, Family, Romance",10211,1994-07-29,Caroline Thompson,,
1894,tt0115472,2023-01-24,2023-01-24,,The Adventures of Pinocchio,https://www.imdb.com/title/tt0115472/,movie,5.2,96,1996,"Adventure, Drama, Family, Fantasy, Musical",6052,1996-07-26,Steve Barron,,
1895,tt0110725,2023-01-24,2023-01-24,,On Deadly Ground,https://www.imdb.com/title/tt0110725/,movie,4.6,101,1994,"Action, Adventure, Thriller",24386,1994-02-18,Steven Seagal,,
1896,tt0109370,2023-01-24,2023-01-24,,Canadian Bacon,https://www.imdb.com/title/tt0109370/,movie,5.9,91,1995,"Action, Comedy",17367,1995-05-31,Michael Moore,,
1897,tt0116421,2023-01-24,2023-01-24,,The Glimmer Man,https://www.imdb.com/title/tt0116421/,movie,5.4,91,1996,"Action, Comedy, Crime, Drama, Thriller",20511,1996-10-04,John Gray,,
1898,tt0116095,2023-01-24,2023-01-24,,Diabolique,https://www.imdb.com/title/tt0116095/,movie,5.4,107,1996,"Drama, Horror, Mystery, Thriller",14715,1996-03-22,Jeremiah S. Chechik,,
1899,tt0105191,2023-01-24,2023-01-24,,Pure Country,https://www.imdb.com/title/tt0105191/,movie,7.1,112,1992,"Drama, Music, Romance, Western",4933,1992-10-23,Christopher Cain,,
1900,tt0279778,2023-01-24,2023-01-24,,Divine Secrets of the Ya-Ya Sisterhood,https://www.imdb.com/title/tt0279778/,movie,6.0,116,2002,Drama,20201,2002-06-03,Callie Khouri,,
1901,tt0252501,2023-01-24,2023-01-24,,Hearts in Atlantis,https://www.imdb.com/title/tt0252501/,movie,6.9,101,2001,"Drama, Mystery",39524,2001-09-07,Scott Hicks,,
1902,tt0120036,2023-01-24,2023-01-24,,Rosewood,https://www.imdb.com/title/tt0120036/,movie,7.2,140,1997,"Action, Drama, History",8417,1997-02-21,John Singleton,,
1903,tt0119905,2023-01-24,2023-01-24,,The Players Club,https://www.imdb.com/title/tt0119905/,movie,5.8,104,1998,"Comedy, Drama",7002,1998-04-08,Ice Cube,,
1904,tt0115836,2023-01-24,2023-01-24,,Carpool,https://www.imdb.com/title/tt0115836/,movie,4.9,89,1996,Comedy,5051,1996-08-23,Arthur Hiller,,
1905,tt0104073,2023-01-24,2023-01-24,,Deep Cover,https://www.imdb.com/title/tt0104073/,movie,6.9,107,1992,"Action, Crime, Thriller",12424,1992-04-15,Bill Duke,,
1906,tt0120742,2023-01-24,2023-01-24,,Major League: Back to the Minors,https://www.imdb.com/title/tt0120742/,movie,4.7,100,1998,"Comedy, Sport",7846,1998-04-17,John Warren,,
1907,tt0120728,2023-01-24,2023-01-24,,The Last Days of Disco,https://www.imdb.com/title/tt0120728/,movie,6.7,113,1998,"Comedy, Drama, Music, Romance",13697,1998-05-28,Whit Stillman,,
1908,tt0225071,2023-01-24,2023-01-24,,Angel Eyes,https://www.imdb.com/title/tt0225071/,movie,5.7,102,2001,"Drama, Romance",24778,2001-05-15,Luis Mandoki,,
1909,tt0120376,2023-01-24,2023-01-24,,Trojan War,https://www.imdb.com/title/tt0120376/,movie,5.6,84,1997,"Comedy, Romance",6329,1997-09-26,George Huang,,
1910,tt0106452,2023-01-24,2023-01-24,,Body Snatchers,https://www.imdb.com/title/tt0106452/,movie,6.0,87,1993,"Horror, Sci-Fi",20026,1993-05-15,Abel Ferrara,,
1911,tt0110365,2023-01-24,2023-01-24,,Little Odessa,https://www.imdb.com/title/tt0110365/,movie,6.7,98,1994,"Crime, Drama",8437,1994-09-02,James Gray,,
1912,tt0109579,2023-01-24,2023-01-24,,Death and the Maiden,https://www.imdb.com/title/tt0109579/,movie,7.3,103,1994,"Drama, Mystery, Thriller",25452,1994-12-23,Roman Polanski,,
1913,tt0306685,2023-01-24,2023-01-24,,Cradle 2 the Grave,https://www.imdb.com/title/tt0306685/,movie,5.8,101,2003,"Action, Crime, Drama, Thriller",45501,2003-02-24,Andrzej Bartkowiak,,
1914,tt0114496,2023-01-24,2023-01-24,,Something to Talk About,https://www.imdb.com/title/tt0114496/,movie,5.7,106,1995,"Comedy, Drama, Romance",15302,1995-07-20,Lasse Hallström,,
1915,tt0228750,2023-01-24,2023-01-24,,Proof of Life,https://www.imdb.com/title/tt0228750/,movie,6.3,135,2000,"Action, Drama, Thriller",57748,2000-12-04,Taylor Hackford,,
1916,tt0331811,2023-01-24,2023-01-24,,11:14,https://www.imdb.com/title/tt0331811/,movie,7.1,86,2003,"Comedy, Crime, Drama, Mystery, Thriller",48455,2003-05-16,Greg Marcks,,
1917,tt0118002,2023-01-24,2023-01-24,,Two If by Sea,https://www.imdb.com/title/tt0118002/,movie,5.2,96,1996,"Comedy, Crime, Romance",6076,1996-01-12,Bill Bennett,,
1918,tt0118663,2023-01-24,2023-01-24,,B*A*P*S,https://www.imdb.com/title/tt0118663/,movie,4.6,91,1997,Comedy,5564,1997-03-28,Robert Townsend,,
1919,tt0310357,2023-01-24,2023-01-24,,Willard,https://www.imdb.com/title/tt0310357/,movie,6.1,100,2003,"Drama, Horror, Thriller",19864,2003-03-14,Glen Morgan,,
1920,tt0211465,2023-01-24,2023-01-24,,Knockaround Guys,https://www.imdb.com/title/tt0211465/,movie,6.1,92,2001,"Crime, Drama, Thriller",24154,2001-09-08,"Brian Koppelman, David Levien",,
1921,tt0119832,2023-01-24,2023-01-24,,One Night Stand,https://www.imdb.com/title/tt0119832/,movie,5.9,102,1997,"Drama, Romance",7025,1997-08-31,Mike Figgis,,
1922,tt0112368,2023-01-24,2023-01-24,,Angus,https://www.imdb.com/title/tt0112368/,movie,6.7,90,1995,"Comedy, Drama",6847,1995-09-15,Patrick Read Johnson,,
1923,tt0266489,2023-01-24,2023-01-24,,Duplex,https://www.imdb.com/title/tt0266489/,movie,5.9,89,2003,Comedy,58821,2003-09-26,Danny DeVito,,
1924,tt0278295,2023-01-24,2023-01-24,,All About the Benjamins,https://www.imdb.com/title/tt0278295/,movie,5.8,95,2002,"Action, Comedy, Crime, Thriller",15060,2002-03-06,Kevin Bray,,
1925,tt0116707,2023-01-24,2023-01-24,,Joe's Apartment,https://www.imdb.com/title/tt0116707/,movie,5.5,80,1996,"Comedy, Fantasy, Musical, Sci-Fi",13650,1996-07-26,John Payson,,
1926,tt0109403,2023-01-24,2023-01-24,,Chasers,https://www.imdb.com/title/tt0109403/,movie,5.1,102,1994,"Action, Comedy, Drama, Romance",6804,1994-04-22,Dennis Hopper,,
1927,tt0116684,2023-01-24,2023-01-24,,Jane Eyre,https://www.imdb.com/title/tt0116684/,movie,6.8,112,1996,"Drama, Romance",9823,1996-01-20,Franco Zeffirelli,,
1928,tt0118531,2023-01-24,2023-01-24,,One Eight Seven,https://www.imdb.com/title/tt0118531/,movie,6.6,119,1997,"Drama, Thriller",24182,1997-07-30,Kevin Reynolds,,
1929,tt0115781,2023-01-24,2023-01-24,,Bullet,https://www.imdb.com/title/tt0115781/,movie,6.4,96,1996,"Action, Crime, Drama",8573,1996-02-07,Julien Temple,,
1930,tt0120512,2023-01-24,2023-01-24,,Wild America,https://www.imdb.com/title/tt0120512/,movie,6.3,106,1997,"Action, Adventure, Comedy, Family",7649,1997-07-02,William Dear,,
1931,tt0119731,2023-01-24,2023-01-24,,Murder at 1600,https://www.imdb.com/title/tt0119731/,movie,6.1,107,1997,"Action, Crime, Drama, Mystery, Thriller",31566,1997-04-18,Dwight H. Little,,
1932,tt0107468,2023-01-24,2023-01-24,,M. Butterfly,https://www.imdb.com/title/tt0107468/,movie,6.7,101,1993,"Drama, Romance",10348,1993-09-09,David Cronenberg,,
1933,tt0113114,2023-01-24,2023-01-24,,Free Willy 2: The Adventure Home,https://www.imdb.com/title/tt0113114/,movie,5.0,95,1995,"Adventure, Drama, Family",18805,1995-07-19,Dwight H. Little,,
1934,tt0217756,2023-01-24,2023-01-24,,Ready to Rumble,https://www.imdb.com/title/tt0217756/,movie,5.3,107,2000,"Comedy, Sport",14671,2000-04-05,Brian Robbins,,
1935,tt0109484,2023-01-24,2023-01-24,,"Corrina, Corrina",https://www.imdb.com/title/tt0109484/,movie,6.6,115,1994,"Comedy, Drama, Romance",13671,1994-08-12,Jessie Nelson,,
1936,tt0120706,2023-01-24,2023-01-24,,The General,https://www.imdb.com/title/tt0120706/,movie,7.2,124,1998,"Biography, Crime, Drama, Thriller",8923,1998-05-19,John Boorman,,
1937,tt0105450,2023-01-24,2023-01-24,,South Central,https://www.imdb.com/title/tt0105450/,movie,6.8,98,1992,"Crime, Drama",6275,1992-09-18,Stephen Milburn Anderson,,
1938,tt0113896,2023-01-24,2023-01-24,,My Family,https://www.imdb.com/title/tt0113896/,movie,7.3,128,1995,Drama,4258,1995-01-26,Gregory Nava,,
1939,tt0120207,2023-01-24,2023-01-24,,Steel,https://www.imdb.com/title/tt0120207/,movie,2.9,97,1997,"Action, Adventure, Crime, Fantasy, Sci-Fi",14297,1997-08-15,Kenneth Johnson,,
1940,tt0115610,2023-01-24,2023-01-24,,Bad Moon,https://www.imdb.com/title/tt0115610/,movie,5.8,80,1996,"Horror, Thriller",7232,1996-11-01,Eric Red,,
1941,tt0126604,2023-01-24,2023-01-24,,Pecker,https://www.imdb.com/title/tt0126604/,movie,6.3,87,1998,"Comedy, Drama",14403,1998-09-11,John Waters,,
1942,tt0314412,2023-01-24,2023-01-24,,My Life Without Me,https://www.imdb.com/title/tt0314412/,movie,7.4,106,2003,"Drama, Romance",25290,2003-02-10,Isabel Coixet,,
1943,tt0120802,2023-01-24,2023-01-24,,Le violon rouge,https://www.imdb.com/title/tt0120802/,movie,7.6,130,1998,"Drama, Music, Mystery, Romance",33504,1998-09-03,François Girard,,
1944,tt0314786,2023-01-24,2023-01-24,,The In-Laws,https://www.imdb.com/title/tt0314786/,movie,5.7,98,2003,"Action, Comedy, Thriller",17410,2003-05-19,Andrew Fleming,,
1945,tt0119572,2023-01-24,2023-01-24,,Love Jones,https://www.imdb.com/title/tt0119572/,movie,7.3,109,1997,"Drama, Romance",5111,1997-01-17,Theodore Witcher,,
1946,tt0119934,2023-01-24,2023-01-24,,Without Limits,https://www.imdb.com/title/tt0119934/,movie,7.2,117,1998,"Biography, Drama, Sport",7233,1998-09-11,Robert Towne,,
1947,tt0110857,2023-01-24,2023-01-24,,Police Academy: Mission to Moscow,https://www.imdb.com/title/tt0110857/,movie,3.5,83,1994,"Comedy, Crime",34587,1994-06-10,Alan Metter,,
1948,tt0295254,2023-01-24,2023-01-24,,Feardotcom,https://www.imdb.com/title/tt0295254/,movie,3.4,101,2002,"Crime, Horror, Thriller",21852,2002-08-09,William Malone,,
1949,tt0176783,2023-01-24,2023-01-24,,Gossip,https://www.imdb.com/title/tt0176783/,movie,5.9,90,2000,"Drama, Mystery, Thriller",16811,2000-04-18,Davis Guggenheim,,
1950,tt0179626,2023-01-24,2023-01-24,,15 Minutes,https://www.imdb.com/title/tt0179626/,movie,6.1,120,2001,"Action, Crime, Drama, Thriller",50891,2001-03-01,John Herzfeld,,
1951,tt0117786,2023-01-24,2023-01-24,,Yat goh ho yan,https://www.imdb.com/title/tt0117786/,movie,6.2,101,1997,"Action, Adventure, Comedy, Crime",27649,1997-01-31,Sammo Kam-Bo Hung,,
1952,tt0105813,2023-01-24,2023-01-24,,White Sands,https://www.imdb.com/title/tt0105813/,movie,6.0,101,1992,"Action, Crime, Drama, Thriller",8324,1992-04-24,Roger Donaldson,,
1953,tt0104905,2023-01-24,2023-01-24,,Mom and Dad Save the World,https://www.imdb.com/title/tt0104905/,movie,5.3,88,1992,"Adventure, Comedy, Family, Sci-Fi",4903,1992-07-24,Greg Beeman,,
1954,tt0110391,2023-01-24,2023-01-24,,Love Affair,https://www.imdb.com/title/tt0110391/,movie,6.0,108,1994,"Comedy, Drama, Romance",4868,1994-10-13,Glenn Gordon Caron,,
1955,tt0118556,2023-01-24,2023-01-24,,Addicted to Love,https://www.imdb.com/title/tt0118556/,movie,6.1,100,1997,"Comedy, Romance",25062,1997-05-12,Griffin Dunne,,
1956,tt0119784,2023-01-24,2023-01-24,,The Night Flier,https://www.imdb.com/title/tt0119784/,movie,6.0,97,1997,"Fantasy, Horror, Mystery",11147,1997-04-30,Mark Pavia,,
1957,tt0156812,2023-01-24,2023-01-24,,My Dog Skip,https://www.imdb.com/title/tt0156812/,movie,7.0,95,2000,"Comedy, Drama, Family",20804,2000-01-08,Jay Russell,,
1958,tt0107612,2023-01-24,2023-01-24,,Mr. Nanny,https://www.imdb.com/title/tt0107612/,movie,3.8,84,1993,"Action, Comedy, Family",9625,1993-01-15,Michael Gottlieb,,
1959,tt0120373,2023-01-24,2023-01-24,,Trial and Error,https://www.imdb.com/title/tt0120373/,movie,5.8,98,1997,"Comedy, Romance",7631,1997-05-30,Jonathan Lynn,,
1960,tt0269095,2023-01-24,2023-01-24,,City by the Sea,https://www.imdb.com/title/tt0269095/,movie,6.1,108,2002,"Crime, Drama, Mystery, Thriller",25592,2002-09-06,Michael Caton-Jones,,
1961,tt0120836,2023-01-24,2023-01-24,,Lost & Found,https://www.imdb.com/title/tt0120836/,movie,5.0,100,1999,"Comedy, Romance",6669,1999-04-23,Jeff Pollack,,
1962,tt0108565,2023-01-24,2023-01-24,,Wide Sargasso Sea,https://www.imdb.com/title/tt0108565/,movie,5.6,99,1993,"Drama, Romance, Thriller",2111,1993-04-16,John Duigan,,
1963,tt0166110,2023-01-24,2023-01-24,,Bones,https://www.imdb.com/title/tt0166110/,movie,4.4,96,2001,"Crime, Horror",7781,2001-10-24,Ernest R. Dickerson,,
1964,tt0118623,2023-01-24,2023-01-24,,Anna Karenina,https://www.imdb.com/title/tt0118623/,movie,6.2,108,1997,"Drama, Romance",6008,1997-04-04,Bernard Rose,,
1965,tt0114126,2023-01-24,2023-01-24,,Pik lik foh,https://www.imdb.com/title/tt0114126/,movie,6.3,110,1995,"Action, Crime, Thriller",9410,1995-08-05,Gordon Chan,,
1966,tt0107096,2023-01-24,2023-01-24,,Heaven & Earth,https://www.imdb.com/title/tt0107096/,movie,6.8,140,1993,"Action, Biography, Drama, History, War",14568,1993-12-25,Oliver Stone,,
1967,tt0106834,2023-01-24,2023-01-24,,Even Cowgirls Get the Blues,https://www.imdb.com/title/tt0106834/,movie,4.3,106,1993,"Comedy, Drama, Romance, Western",7571,1993-09-13,Gus Van Sant,,
1968,tt0142192,2023-01-24,2023-01-24,,The Corruptor,https://www.imdb.com/title/tt0142192/,movie,6.0,110,1999,"Action, Crime, Thriller",18670,1999-02-11,James Foley,,
1969,tt0165859,2023-01-24,2023-01-24,,Liberty Heights,https://www.imdb.com/title/tt0165859/,movie,7.0,127,1999,"Comedy, Drama, Music, Romance",6840,1999-11-17,Barry Levinson,,
1970,tt0118804,2023-01-24,2023-01-24,,The Butcher Boy,https://www.imdb.com/title/tt0118804/,movie,7.1,110,1997,"Comedy, Drama",11119,1997-07-13,Neil Jordan,,
1971,tt0115644,2023-01-24,2023-01-24,,Bed of Roses,https://www.imdb.com/title/tt0115644/,movie,6.0,87,1996,"Drama, Romance",8475,1996-01-26,Michael Goldenberg,,
1972,tt0104511,2023-01-24,2023-01-24,,Innocent Blood,https://www.imdb.com/title/tt0104511/,movie,6.2,112,1992,"Action, Comedy, Crime, Horror, Romance",10454,1992-09-25,John Landis,,
1973,tt0107504,2023-01-24,2023-01-24,,Man's Best Friend,https://www.imdb.com/title/tt0107504/,movie,5.2,87,1993,"Comedy, Horror, Sci-Fi, Thriller",4554,1993-11-19,John Lafia,,
1974,tt0289408,2023-01-24,2023-01-24,,The Powerpuff Girls Movie,https://www.imdb.com/title/tt0289408/,movie,6.5,73,2002,"Animation, Action, Adventure, Comedy, Family, Sci-Fi",10377,2002-06-22,"Genndy Tartakovsky, Craig McCracken",,
1975,tt0120202,2023-01-24,2023-01-24,,State and Main,https://www.imdb.com/title/tt0120202/,movie,6.7,105,2000,"Comedy, Drama",21585,2000-08-26,David Mamet,,
1976,tt0117891,2023-01-24,2023-01-24,,A Thin Line Between Love and Hate,https://www.imdb.com/title/tt0117891/,movie,5.6,108,1996,"Comedy, Crime, Drama, Romance, Thriller",5097,1996-04-03,Martin Lawrence,,
1977,tt0250720,2023-01-24,2023-01-24,,See Spot Run,https://www.imdb.com/title/tt0250720/,movie,5.3,94,2001,"Action, Comedy, Crime, Family",9441,2001-02-25,John Whitesell,,
1978,tt0250081,2023-01-24,2023-01-24,,Storytelling,https://www.imdb.com/title/tt0250081/,movie,6.8,87,2001,"Comedy, Drama, Romance",17891,2001-05-12,Todd Solondz,,
1979,tt0119219,2023-01-24,2023-01-24,,Goodbye Lover,https://www.imdb.com/title/tt0119219/,movie,5.6,102,1998,"Comedy, Crime, Mystery, Thriller",4143,1998-05-01,Roland Joffé,,
1980,tt0114658,2023-01-24,2023-01-24,,Theodore Rex,https://www.imdb.com/title/tt0114658/,movie,2.3,92,1995,"Action, Comedy, Family, Sci-Fi",4668,1995-12-14,Jonathan R. Betuel,,
1981,tt0120596,2023-01-24,2023-01-24,,The Bachelor,https://www.imdb.com/title/tt0120596/,movie,5.0,101,1999,"Comedy, Romance",18592,1999-11-03,Gary Sinyor,,
1982,tt0308208,2023-01-24,2023-01-24,,Ballistic: Ecks vs. Sever,https://www.imdb.com/title/tt0308208/,movie,3.6,91,2002,"Action, Crime, Mystery, Sci-Fi, Thriller",20343,2002-09-18,Wych Kaosayananda,,
1983,tt0113762,2023-01-24,2023-01-24,,The Mangler,https://www.imdb.com/title/tt0113762/,movie,4.3,106,1995,"Horror, Mystery",9464,1995-03-03,Tobe Hooper,,
1984,tt0115676,2023-01-24,2023-01-24,,Big Bully,https://www.imdb.com/title/tt0115676/,movie,4.7,90,1996,"Comedy, Thriller",5275,1996-01-26,Steve Miner,,
1985,tt0103962,2023-01-24,2023-01-24,,Christopher Columbus: The Discovery,https://www.imdb.com/title/tt0103962/,movie,4.4,120,1992,"Adventure, Biography, Drama, History",3088,1992-08-20,John Glen,,
1986,tt0110557,2023-01-24,2023-01-24,,Monkey Trouble,https://www.imdb.com/title/tt0110557/,movie,5.3,96,1994,"Adventure, Comedy, Crime, Family",6940,1994-03-18,Franco Amurri,,
1987,tt0106379,2023-01-24,2023-01-24,,Being Human,https://www.imdb.com/title/tt0106379/,movie,5.3,122,1994,"Comedy, Drama",4119,1994-05-06,Bill Forsyth,,
1988,tt0112342,2023-01-24,2023-01-24,,The Amazing Panda Adventure,https://www.imdb.com/title/tt0112342/,movie,5.7,84,1995,"Adventure, Drama, Family",4240,1995-08-25,Christopher Cain,,
1989,tt0141907,2023-01-24,2023-01-24,,Town & Country,https://www.imdb.com/title/tt0141907/,movie,4.5,104,2001,"Comedy, Romance",5058,2001-04-27,Peter Chelsom,,
1990,tt0205873,2023-01-24,2023-01-24,,The Dish,https://www.imdb.com/title/tt0205873/,movie,7.2,101,2000,"Comedy, Drama, History",16600,2000-09-15,Rob Sitch,,
1991,tt0119152,2023-01-24,2023-01-24,,Free Willy 3: The Rescue,https://www.imdb.com/title/tt0119152/,movie,4.7,86,1997,"Adventure, Drama, Family",10349,1997-08-06,Sam Pillsbury,,
1992,tt0105810,2023-01-24,2023-01-24,,Where the Day Takes You,https://www.imdb.com/title/tt0105810/,movie,6.5,105,1992,"Crime, Drama, Thriller",3713,1992-01-11,Marc Rocco,,
1993,tt0211938,2023-01-24,2023-01-24,,Bait,https://www.imdb.com/title/tt0211938/,movie,5.7,119,2000,"Action, Comedy, Crime, Thriller",12767,2000-08-29,Antoine Fuqua,,
1994,tt0111666,2023-01-24,2023-01-24,,War of the Buttons,https://www.imdb.com/title/tt0111666/,movie,7.4,94,1994,"Adventure, Drama, Family",4426,1994-08-05,John Roberts,,
1995,tt0119109,2023-01-24,2023-01-24,,Fathers' Day,https://www.imdb.com/title/tt0119109/,movie,5.2,98,1997,"Comedy, Romance",15929,1997-05-09,Ivan Reitman,,
1996,tt0117791,2023-01-24,2023-01-24,,Surviving Picasso,https://www.imdb.com/title/tt0117791/,movie,6.3,125,1996,"Biography, Drama, Romance",7586,1996-09-04,James Ivory,,
1997,tt0119304,2023-01-24,2023-01-24,,Home Fries,https://www.imdb.com/title/tt0119304/,movie,5.1,91,1998,"Comedy, Drama, Romance",8678,1998-09-16,Dean Parisot,,
1998,tt0258100,2023-01-24,2023-01-24,,Run Ronnie Run,https://www.imdb.com/title/tt0258100/,movie,6.2,86,2002,Comedy,5846,2002-01-31,Troy Miller,,
1999,tt0106539,2023-01-24,2023-01-24,,Chained Heat II,https://www.imdb.com/title/tt0106539/,movie,3.5,99,1993,"Crime, Drama, Thriller",1391,1993-07-22,Lloyd A. Simandl,,
2000,tt0105481,2023-01-24,2023-01-24,,Straight Talk,https://www.imdb.com/title/tt0105481/,movie,5.7,91,1992,"Comedy, Drama, Romance",3823,1992-04-03,Barnet Kellman,,
2001,tt0107719,2023-01-24,2023-01-24,,The Nutcracker,https://www.imdb.com/title/tt0107719/,movie,5.8,92,1993,"Family, Fantasy, Music",2215,1993-11-24,Emile Ardolino,,
2002,tt0110882,2023-01-24,2023-01-24,,Pred dozhdot,https://www.imdb.com/title/tt0110882/,movie,7.9,113,1994,"Drama, Romance, War",15213,1994-09-01,Milcho Manchevski,,
2003,tt0172627,2023-01-24,2023-01-24,,Body Shots,https://www.imdb.com/title/tt0172627/,movie,4.9,106,1999,Drama,5525,1999-10-07,Michael Cristofer,,
2004,tt0104802,2023-01-24,2023-01-24,,The Mambo Kings,https://www.imdb.com/title/tt0104802/,movie,6.4,104,1992,"Drama, Music",5682,1992-02-07,Arne Glimcher,,
2005,tt0325352,2023-01-24,2023-01-24,,I'll Be There,https://www.imdb.com/title/tt0325352/,movie,6.4,105,2003,"Comedy, Musical, Romance",2055,2003-06-13,Craig Ferguson,,
2006,tt0106258,2023-01-24,2023-01-24,,American Samurai,https://www.imdb.com/title/tt0106258/,movie,4.9,94,1992,Action,2025,1992-12-22,Sam Firstenberg,,
2007,tt0163676,2023-01-24,2023-01-24,,The In Crowd,https://www.imdb.com/title/tt0163676/,movie,4.6,105,2000,"Drama, Mystery, Thriller",4684,2000-07-17,Mary Lambert,,
2008,tt0160429,2023-01-24,2023-01-24,,The King and I,https://www.imdb.com/title/tt0160429/,movie,4.3,88,1999,"Animation, Family, Fantasy, Musical",4167,1999-03-19,Richard Rich,,
2009,tt0103976,2023-01-24,2023-01-24,,City of Joy,https://www.imdb.com/title/tt0103976/,movie,6.5,132,1992,Drama,5330,1992-04-17,Roland Joffé,,
2010,tt0109297,2023-01-24,2023-01-24,,Blink,https://www.imdb.com/title/tt0109297/,movie,6.2,106,1993,"Crime, Drama, Mystery, Thriller",8670,1993-10-31,Michael Apted,,
2011,tt0110944,2023-01-24,2023-01-24,,Rapa Nui,https://www.imdb.com/title/tt0110944/,movie,6.4,107,1994,"Action, Adventure, Drama, History, Romance",5055,1994-03-31,Kevin Reynolds,,
2012,tt0250292,2023-01-24,2023-01-24,,Cheats,https://www.imdb.com/title/tt0250292/,movie,6.0,86,2002,Comedy,4466,2002-11-01,Andrew Gurland,,
2013,tt0115837,2023-01-24,2023-01-24,,Carried Away,https://www.imdb.com/title/tt0115837/,movie,6.3,109,1996,"Drama, Romance",1619,1996-01-24,Bruno Barreto,,
2014,tt0110892,2023-01-24,2023-01-24,,Princess Caraboo,https://www.imdb.com/title/tt0110892/,movie,6.0,97,1994,"Comedy, Drama, History, Mystery, Romance",2801,1994-09-16,Michael Austin,,
2015,tt0161023,2023-01-24,2023-01-24,,Tumbleweeds,https://www.imdb.com/title/tt0161023/,movie,6.7,102,1999,"Comedy, Drama",3540,1999-01-24,Gavin O'Connor,,
2016,tt0318283,2023-01-24,2023-01-24,,Alex & Emma,https://www.imdb.com/title/tt0318283/,movie,5.5,96,2003,"Comedy, Romance",13632,2003-06-16,Rob Reiner,,
2017,tt0101628,2023-01-24,2023-01-24,,Critters 4,https://www.imdb.com/title/tt0101628/,movie,4.0,87,1992,"Horror, Sci-Fi",7730,1992-08-20,Rupert Harvey,,
2018,tt0120856,2023-01-24,2023-01-24,,Tarzan and the Lost City,https://www.imdb.com/title/tt0120856/,movie,3.9,83,1998,"Action, Adventure, Family, Fantasy",2287,1998-04-24,Carl Schenkel,,
2019,tt0120618,2023-01-24,2023-01-24,,Breakfast of Champions,https://www.imdb.com/title/tt0120618/,movie,4.5,110,1999,Comedy,8075,1999-02-13,Alan Rudolph,,
2020,tt0271259,2023-01-24,2023-01-24,,Welcome to Collinwood,https://www.imdb.com/title/tt0271259/,movie,6.3,86,2002,"Comedy, Crime",15187,2002-05-24,"Anthony Russo, Joe Russo",,
2021,tt0117781,2023-01-24,2023-01-24,,The Sunchaser,https://www.imdb.com/title/tt0117781/,movie,6.1,122,1996,"Crime, Drama",4822,1996-05-18,Michael Cimino,,
2022,tt0242252,2023-01-24,2023-01-24,,The Affair of the Necklace,https://www.imdb.com/title/tt0242252/,movie,6.0,118,2001,"Drama, History, Romance",5421,2001-11-20,Charles Shyer,,
2023,tt0120490,2023-01-24,2023-01-24,,Welcome to Sarajevo,https://www.imdb.com/title/tt0120490/,movie,6.7,103,1997,"Drama, War",7620,1997-05-09,Michael Winterbottom,,
2024,tt0103617,2023-01-24,2023-01-24,,Aces: Iron Eagle III,https://www.imdb.com/title/tt0103617/,movie,3.7,98,1992,Action,3032,1992-01-09,John Glen,,
2025,tt0113533,2023-01-24,2023-01-24,,Born to Be Wild,https://www.imdb.com/title/tt0113533/,movie,5.1,100,1995,"Adventure, Comedy, Drama, Family",1585,1995-03-31,John Gray,,
2026,tt0119365,2023-01-24,2023-01-24,,Incognito,https://www.imdb.com/title/tt0119365/,movie,6.4,108,1997,"Crime, Romance, Thriller",3913,1997-11-14,John Badham,,
2027,tt0293832,2023-01-24,2023-01-24,,Hansel & Gretel,https://www.imdb.com/title/tt0293832/,movie,4.5,89,2002,"Comedy, Family, Fantasy, Thriller",1454,2002-10-10,Gary J. Tunnicliffe,,
2028,tt0165361,2023-01-24,2023-01-24,,Highway,https://www.imdb.com/title/tt0165361/,movie,6.1,97,2002,"Crime, Drama",6569,2002-03-26,James Cox,,
2029,tt0163579,2023-01-24,2023-01-24,,Chill Factor,https://www.imdb.com/title/tt0163579/,movie,5.2,102,1999,"Action, Adventure, Comedy, Drama, Thriller",9855,1999-08-30,Hugh Johnson,,
2030,tt0114622,2023-01-24,2023-01-24,,North Star,https://www.imdb.com/title/tt0114622/,movie,4.8,90,1996,"Action, Adventure, Crime, Drama, Western",1306,1996-01-03,Nils Gaup,,
2031,tt0109450,2023-01-24,2023-01-24,,Cobb,https://www.imdb.com/title/tt0109450/,movie,6.4,128,1994,"Biography, Drama, Sport",7797,1994-12-02,Ron Shelton,,
2032,tt0123324,2023-01-24,2023-01-24,,Why Do Fools Fall in Love,https://www.imdb.com/title/tt0123324/,movie,6.3,116,1998,"Biography, Drama, Music",4343,1998-08-08,Gregory Nava,,
2033,tt0113074,2023-01-24,2023-01-24,,Fist of the North Star,https://www.imdb.com/title/tt0113074/,movie,3.9,103,1995,"Action, Fantasy, Sci-Fi, Thriller",3431,1995-04-22,Tony Randel,,
2034,tt0105306,2023-01-24,2023-01-24,,Salt on Our Skin,https://www.imdb.com/title/tt0105306/,movie,6.2,111,1992,"Drama, Romance",1170,1992-09-17,Andrew Birkin,,
2035,tt0119547,2023-01-24,2023-01-24,,Little Boy Blue,https://www.imdb.com/title/tt0119547/,movie,6.3,105,1997,Drama,2172,1997-06-30,Antonio Tibaldi,,
2036,tt0379270,2023-01-24,2023-01-24,,Easy,https://www.imdb.com/title/tt0379270/,movie,5.8,99,2003,"Comedy, Romance, Drama",1734,2003-09-10,Jane Weinstock,,
2037,tt0106579,2023-01-24,2023-01-24,,"Clean, Shaven",https://www.imdb.com/title/tt0106579/,movie,7.0,79,1993,"Crime, Drama, Thriller",5731,1993-09-05,Lodge Kerrigan,,
2038,tt0107930,2023-01-24,2023-01-24,,Reckless Kelly,https://www.imdb.com/title/tt0107930/,movie,5.1,103,1993,Comedy,1742,1993-04-08,Yahoo Serious,,
2039,tt0117093,2023-01-24,2023-01-24,,Mother Night,https://www.imdb.com/title/tt0117093/,movie,7.1,114,1996,"Drama, Romance, War",5348,1996-08-14,Keith Gordon,,
2040,tt0104743,2023-01-24,2023-01-24,,Live Wire,https://www.imdb.com/title/tt0104743/,movie,5.6,85,1992,"Action, Drama, Thriller",3684,1992-05-01,Christian Duguay,,
2041,tt0108596,2023-01-24,2023-01-24,,Wrestling Ernest Hemingway,https://www.imdb.com/title/tt0108596/,movie,7.0,123,1993,"Drama, Romance",3191,1993-12-17,Randa Haines,,
2042,tt0117202,2023-01-24,2023-01-24,,Normal Life,https://www.imdb.com/title/tt0117202/,movie,6.2,101,1996,"Crime, Drama",2432,1996-01-26,John McNaughton,,
2043,tt0120531,2023-01-24,2023-01-24,,Woo,https://www.imdb.com/title/tt0120531/,movie,4.2,84,1998,"Comedy, Romance",2159,1998-05-08,Daisy von Scherler Mayer,,
2044,tt0210094,2023-01-24,2023-01-24,,Happy Campers,https://www.imdb.com/title/tt0210094/,movie,5.4,94,2001,Comedy,2788,2001-01-21,Daniel Waters,,
2045,tt0111102,2023-01-24,2023-01-24,,Second Best,https://www.imdb.com/title/tt0111102/,movie,6.9,105,1994,Drama,1771,1994-09-11,Chris Menges,,
2046,tt0160484,2023-01-24,2023-01-24,,Lost Souls,https://www.imdb.com/title/tt0160484/,movie,4.8,97,2000,"Drama, Horror, Thriller",11086,2000-10-13,Janusz Kaminski,,
2047,tt0228488,2023-01-24,2023-01-24,,Kiss Kiss (Bang Bang),https://www.imdb.com/title/tt0228488/,movie,6.2,101,2001,"Comedy, Thriller",1987,2001-07-31,Stewart Sugg,,
2048,tt0118772,2023-01-24,2023-01-24,,Breaking Up,https://www.imdb.com/title/tt0118772/,movie,4.7,90,1997,"Comedy, Drama, Romance",3021,1997-06-06,Robert Greenwald,,
2049,tt0160216,2023-01-24,2023-01-24,,A Dog of Flanders,https://www.imdb.com/title/tt0160216/,movie,6.2,100,1999,"Family, Drama",988,1999-08-07,Kevin Brodie,,
2050,tt0118927,2023-01-24,2023-01-24,,Dangerous Ground,https://www.imdb.com/title/tt0118927/,movie,4.4,95,1997,"Action, Crime, Drama, Thriller",1961,1997-02-12,Darrell Roodt,,
2051,tt0118859,2023-01-24,2023-01-24,,City of Industry,https://www.imdb.com/title/tt0118859/,movie,6.1,97,1997,"Crime, Drama, Thriller",6161,1997-03-14,John Irvin,,
2052,tt0108560,2023-01-24,2023-01-24,,Who's the Man?,https://www.imdb.com/title/tt0108560/,movie,5.3,85,1993,"Comedy, Drama, Mystery, Thriller",8680,1993-04-23,Ted Demme,,
2053,tt0219374,2023-01-24,2023-01-24,,Unconditional Love,https://www.imdb.com/title/tt0219374/,movie,6.7,124,2002,"Comedy, Drama, Musical, Romance, Thriller",3996,2002-08-23,P.J. Hogan,,
2054,tt0107878,2023-01-24,2023-01-24,,Private Lessons II,https://www.imdb.com/title/tt0107878/,movie,4.8,85,1993,"Comedy, Drama, Romance",129,1993-03-06,Akiyoshi Kimata,,
2055,tt0119872,2023-01-24,2023-01-24,,The Peacekeeper,https://www.imdb.com/title/tt0119872/,movie,5.0,98,1997,Action,2777,1997-08-13,Frédéric Forestier,,
2056,tt0194368,2023-01-24,2023-01-24,,Chain of Fools,https://www.imdb.com/title/tt0194368/,movie,6.0,98,2000,"Comedy, Crime",4137,2000-09-22,"Patrick von Krusenstjerna, Pontus Löwenhielm",,
2057,tt0110115,2023-01-24,2023-01-24,,Imaginary Crimes,https://www.imdb.com/title/tt0110115/,movie,6.4,107,1994,"Biography, Drama",1626,1994-10-14,Anthony Drazan,,
2058,tt0156639,2023-01-24,2023-01-24,,The Big Tease,https://www.imdb.com/title/tt0156639/,movie,6.2,86,1999,Comedy,2636,1999-10-31,Kevin Allen,,
2059,tt0107613,2023-01-24,2023-01-24,,Mr. Wonderful,https://www.imdb.com/title/tt0107613/,movie,5.8,98,1993,"Comedy, Romance",3414,1993-10-15,Anthony Minghella,,
2060,tt0214289,2023-01-24,2023-01-24,,La vérité si je mens! 2,https://www.imdb.com/title/tt0214289/,movie,6.3,105,2001,Comedy,3617,2001-02-07,Thomas Gilou,,
2061,tt0120722,2023-01-24,2023-01-24,,Living Out Loud,https://www.imdb.com/title/tt0120722/,movie,6.6,100,1998,"Comedy, Drama, Romance",4899,1998-09-15,Richard LaGravenese,,
2062,tt0215516,2023-01-24,2023-01-24,,Nobody's Baby,https://www.imdb.com/title/tt0215516/,movie,6.2,110,2001,"Comedy, Drama",1624,2001-01-21,David Seltzer,,
2063,tt0108026,2023-01-24,2023-01-24,,The Saint of Fort Washington,https://www.imdb.com/title/tt0108026/,movie,7.1,103,1993,Drama,2685,1993-09-13,Tim Hunter,,
2064,tt0114474,2023-01-24,2023-01-24,,Small Faces,https://www.imdb.com/title/tt0114474/,movie,6.9,108,1995,Drama,1581,1995-08-31,Gillies MacKinnon,,
2065,tt0111488,2023-01-24,2023-01-24,,Trial by Jury,https://www.imdb.com/title/tt0111488/,movie,5.4,107,1994,"Crime, Drama, Thriller",1957,1994-09-09,Heywood Gould,,
2066,tt0105316,2023-01-24,2023-01-24,,Sarafina!,https://www.imdb.com/title/tt0105316/,movie,6.3,117,1992,"Drama, Musical",2062,1992-05-11,Darrell Roodt,,
2067,tt0113939,2023-01-24,2023-01-24,,The Nature of the Beast,https://www.imdb.com/title/tt0113939/,movie,6.3,91,1995,"Crime, Horror, Mystery, Thriller",2211,1995-03-31,Victor Salva,,
2068,tt0149291,2023-01-24,2023-01-24,,Tri palme za dve bitange i ribicu,https://www.imdb.com/title/tt0149291/,movie,7.6,103,1998,Comedy,3849,1998-04-02,Radivoje Andric,,
2069,tt0216772,2023-01-24,2023-01-24,,Turn It Up,https://www.imdb.com/title/tt0216772/,movie,4.1,86,2000,"Crime, Drama, Action, Music",1315,2000-09-06,Robert Adetuyi,,
2070,tt0114753,2023-01-24,2023-01-24,,Two Bits,https://www.imdb.com/title/tt0114753/,movie,6.1,85,1995,"Comedy, Drama",3507,1995-10-12,James Foley,,
2071,tt0178642,2023-01-24,2023-01-24,,The Invisible Circus,https://www.imdb.com/title/tt0178642/,movie,5.5,93,2001,Drama,3110,2001-01-11,Adam Brooks,,
2072,tt0188160,2023-01-24,2023-01-24,,Price of Glory,https://www.imdb.com/title/tt0188160/,movie,6.1,118,2000,"Drama, Sport",884,2000-03-23,Carlos Avila,,
2073,tt0103827,2023-01-24,2023-01-24,,Blame It on the Bellboy,https://www.imdb.com/title/tt0103827/,movie,5.5,78,1992,Comedy,2771,1992-01-24,Mark Herman,,
2074,tt0210843,2023-01-24,2023-01-24,,"El mismo amor, la misma lluvia",https://www.imdb.com/title/tt0210843/,movie,7.2,113,1999,"Comedy, Drama, Romance",3525,1999-09-16,Juan José Campanella,,
2075,tt0108342,2023-01-24,2023-01-24,,Time Runner,https://www.imdb.com/title/tt0108342/,movie,4.1,90,1993,"Action, Adventure, Sci-Fi, Thriller",1049,1993-03-17,Michael Mazo,,
2076,tt0108334,2023-01-24,2023-01-24,,Three of Hearts,https://www.imdb.com/title/tt0108334/,movie,5.5,102,1993,"Comedy, Romance",2131,1993-04-01,"Mitch Glazer, Yurek Bogayevicz",,
2077,tt0116269,2023-01-24,2023-01-24,,Faithful,https://www.imdb.com/title/tt0116269/,movie,5.8,91,1996,"Comedy, Crime, Drama",2182,1996-04-03,Paul Mazursky,,
2078,tt0113828,2023-01-24,2023-01-24,,Les misérables,https://www.imdb.com/title/tt0113828/,movie,7.5,175,1995,"Drama, History",3879,1995-03-22,Claude Lelouch,,
2079,tt0293092,2023-01-24,2023-01-24,,Dexter's Laboratory: Ego Trip,https://www.imdb.com/title/tt0293092/,movie,7.4,50,1999,"Animation, Action, Adventure, Comedy, Drama, Family, Sci-Fi",1795,1999-12-10,Genndy Tartakovsky,,
2080,tt0111054,2023-01-24,2023-01-24,,Safe Passage,https://www.imdb.com/title/tt0111054/,movie,6.3,98,1994,Drama,1312,1994-12-23,Robert Allan Ackerman,,
2081,tt0216982,2023-01-24,2023-01-24,,Prison Song,https://www.imdb.com/title/tt0216982/,movie,6.3,94,2001,"Crime, Drama",661,2001-04-27,Darnell Martin,,
2082,tt0110022,2023-01-24,2023-01-24,,The Hidden II,https://www.imdb.com/title/tt0110022/,movie,3.1,93,1993,"Crime, Horror, Sci-Fi",1481,1993-09-06,Seth Pinsker,,
2083,tt0113234,2023-01-24,2023-01-24,,Gumby 1,https://www.imdb.com/title/tt0113234/,movie,6.0,90,1995,"Animation, Adventure, Comedy, Family, Fantasy, Music, Sci-Fi, Western",957,1995-10-04,Art Clokey,,
2084,tt0110649,2023-01-24,2023-01-24,,The New Age,https://www.imdb.com/title/tt0110649/,movie,5.7,112,1994,"Comedy, Drama",1203,1994-09-13,Michael Tolkin,,
2085,tt0399854,2023-01-24,2023-01-24,,Vizontele Tuuba,https://www.imdb.com/title/tt0399854/,movie,6.5,111,2003,"Comedy, Drama",15916,2003-12-31,Yilmaz Erdogan,,
2086,tt0108253,2023-01-24,2023-01-24,,Sunset Grill,https://www.imdb.com/title/tt0108253/,movie,4.8,103,1993,Thriller,488,1993-03-03,Kevin Connor,,
2087,tt0120353,2023-01-24,2023-01-24,,Top of the World,https://www.imdb.com/title/tt0120353/,movie,4.5,100,1997,"Action, Thriller",902,1997-09-10,Sidney J. Furie,,
2088,tt0106386,2023-01-24,2023-01-24,,Benefit of the Doubt,https://www.imdb.com/title/tt0106386/,movie,5.1,90,1993,Thriller,614,1993-06-17,Jonathan Heap,,
2089,tt0105267,2023-01-24,2023-01-24,,Roadside Prophets,https://www.imdb.com/title/tt0105267/,movie,6.4,96,1992,"Adventure, Comedy, Drama",1344,1992-03-27,Abbe Wool,,
2090,tt0099814,2023-01-24,2023-01-24,,Hurricane Smith,https://www.imdb.com/title/tt0099814/,movie,4.3,86,1992,"Action, Drama",441,1992-01-31,Colin Budds,,
2091,tt0274428,2023-01-24,2023-01-24,,Yadon ilaheyya,https://www.imdb.com/title/tt0274428/,movie,6.6,92,2002,"Drama, Romance, War, Comedy",3734,2002-05-19,Elia Suleiman,,
2092,tt0217979,2023-01-24,2023-01-24,,Ablaze,https://www.imdb.com/title/tt0217979/,movie,3.4,97,2001,"Drama, Action, Thriller",691,2001-06-18,Jim Wynorski,,
2093,tt0176774,2023-01-24,2023-01-24,,"God, Sex & Apple Pie",https://www.imdb.com/title/tt0176774/,movie,4.3,97,1998,"Comedy, Drama, Romance",238,1998-03-13,Paul Leaf,,
2094,tt0103609,2023-01-24,2023-01-24,,Die Abenteuer von Pico und Columbus,https://www.imdb.com/title/tt0103609/,movie,3.5,82,1992,"Animation, Adventure, Family, Fantasy",905,1992-02-14,Michael Schoemann,,
2095,tt0108154,2023-01-24,2023-01-24,,Skeeter,https://www.imdb.com/title/tt0108154/,movie,3.3,95,1993,"Action, Horror, Sci-Fi, Thriller",1027,1993-10-31,Clark Brandon,,
2096,tt0114131,2023-01-24,2023-01-24,,Pie in the Sky,https://www.imdb.com/title/tt0114131/,movie,5.8,95,1995,"Comedy, Romance",861,1995-09-02,Bryan Gordon,,
2097,tt0223954,2023-01-24,2023-01-24,,The Prime Gig,https://www.imdb.com/title/tt0223954/,movie,6.0,98,2000,Drama,2266,2000-09-01,Gregory Mosher,,
2098,tt0124272,2023-01-24,2023-01-24,,Abeltje,https://www.imdb.com/title/tt0124272/,movie,6.0,110,1998,"Adventure, Family",1672,1998-11-26,Ben Sombogaart,,
2099,tt0159696,2023-01-24,2023-01-24,,Relax... It's Just Sex,https://www.imdb.com/title/tt0159696/,movie,6.7,110,1998,Comedy,1586,1998-06-10,P.J. Castellaneta,,
2100,tt0119170,2023-01-24,2023-01-24,,Die furchtlosen Vier,https://www.imdb.com/title/tt0119170/,movie,5.8,89,1997,"Animation, Adventure, Comedy, Family, Fantasy, Musical",328,1997-10-02,"Jürgen Richter, Eberhard Junkersdorf, Michael Coldewey",,
2101,tt0114534,2023-01-24,2023-01-24,,The Stars Fell on Henrietta,https://www.imdb.com/title/tt0114534/,movie,6.4,109,1995,Drama,820,1995-04-20,James Keach,,
2102,tt0129884,2023-01-24,2023-01-24,,Dog Park,https://www.imdb.com/title/tt0129884/,movie,5.2,91,1998,"Comedy, Romance",2299,1998-09-14,Bruce McCulloch,,
2103,tt0175159,2023-01-24,2023-01-24,,Shiloh 2: Shiloh Season,https://www.imdb.com/title/tt0175159/,movie,5.9,96,1999,"Drama, Family, Thriller",987,1999-04-01,Sandy Tung,,
2104,tt0108440,2023-01-24,2023-01-24,,Under Investigation,https://www.imdb.com/title/tt0108440/,movie,5.1,96,1993,"Crime, Drama, Thriller",99,1993-11-17,Kevin Meyer,,
2105,tt0114851,2023-01-24,2023-01-24,,The Viking Sagas,https://www.imdb.com/title/tt0114851/,movie,5.2,83,1995,"Action, Adventure",618,1995-10-17,Michael Chapman,,
2106,tt0111275,2023-01-24,2023-01-24,,Staggered,https://www.imdb.com/title/tt0111275/,movie,5.8,95,1994,Comedy,770,1994-07-08,Martin Clunes,,
2107,tt0106732,2023-01-24,2023-01-24,,Distant Cousins,https://www.imdb.com/title/tt0106732/,movie,5.2,92,1993,Thriller,318,1993-02-16,Andrew Lane,,
2108,tt0263971,2023-01-24,2023-01-24,,The Scarecrow,https://www.imdb.com/title/tt0263971/,movie,6.3,81,2000,"Animation, Family, Fantasy, Musical, Romance",258,2000-08-22,"Brian Nissen, Richard Rich",,
2109,tt0112714,2023-01-24,2023-01-24,,Le confessionnal,https://www.imdb.com/title/tt0112714/,movie,7.4,100,1995,"Drama, Mystery, Thriller",1609,1995-05-31,Robert Lepage,,
2110,tt0103141,2023-01-24,2023-01-24,,Turtle Beach,https://www.imdb.com/title/tt0103141/,movie,4.7,90,1992,"Drama, Thriller",339,1992-03-19,Stephen Wallace,,
2111,tt0112527,2023-01-24,2023-01-24,,Blood & Donuts,https://www.imdb.com/title/tt0112527/,movie,5.9,89,1995,"Comedy, Horror",1332,1995-09-09,Holly Dale,,
2112,tt0105593,2023-01-24,2023-01-24,,Die Tigerin,https://www.imdb.com/title/tt0105593/,movie,5.1,83,1992,"Crime, Drama",104,1992-10-15,Karin Howard,,
2113,tt0209486,2023-01-24,2023-01-24,,Wish You Were Dead,https://www.imdb.com/title/tt0209486/,movie,4.9,100,2001,"Comedy, Crime, Thriller",465,2001-12-05,Valerie McCaffrey,,
2114,tt0117188,2023-01-24,2023-01-24,,No Contest II,https://www.imdb.com/title/tt0117188/,movie,4.3,86,1996,"Action, Crime, Drama, Thriller",377,1996-11-22,Paul Lynch,,
2115,tt0112995,2023-01-24,2023-01-24,,Excessive Force II: Force on Force,https://www.imdb.com/title/tt0112995/,movie,4.1,88,1995,"Action, Drama",448,1995-08-29,Jonathan Winfrey,,
2116,tt0337943,2023-01-24,2023-01-24,,Consequence,https://www.imdb.com/title/tt0337943/,movie,4.9,97,2003,"Action, Thriller",612,2003-07-11,Anthony Hickox,,
2117,tt0114174,2023-01-24,2023-01-24,,Prelude to Love,https://www.imdb.com/title/tt0114174/,movie,5.0,83,1995,Drama,92,,Ralph E. Portillo,,
2118,tt0113048,2023-01-24,2023-01-24,,Felony,https://www.imdb.com/title/tt0113048/,movie,4.3,93,1994,"Action, Drama, Thriller",335,1994-10-31,David A. Prior,,
2119,tt0114592,2023-01-24,2023-01-24,,Sweet Nothing,https://www.imdb.com/title/tt0114592/,movie,6.2,89,1995,Drama,565,1995-06-08,Gary Winick,,
2120,tt0363852,2023-01-24,2023-01-24,,O Simdi Asker,https://www.imdb.com/title/tt0363852/,movie,4.8,125,2003,"Comedy, Drama",2696,2003-03-21,Mustafa Altioklar,,
2121,tt0111453,2023-01-24,2023-01-24,,Tollbooth,https://www.imdb.com/title/tt0111453/,movie,5.4,108,1994,"Action, Drama, Thriller",292,1994-11-30,Salomé Breziner,,
2122,tt0113564,2023-01-24,2023-01-24,,Kleptomania,https://www.imdb.com/title/tt0113564/,movie,4.8,90,1995,"Action, Drama, Thriller",188,1995-01-31,Don Boyd,,
2123,tt0201020,2023-01-24,2023-01-24,,The Rising Place,https://www.imdb.com/title/tt0201020/,movie,6.4,93,2001,Drama,203,2001-02-28,Tom Rice,,
2124,tt0291320,2023-01-24,2023-01-24,,Ma femme... s'appelle Maurice,https://www.imdb.com/title/tt0291320/,movie,3.9,102,2002,Comedy,778,2002-09-25,Jean-Marie Poiré,,
2125,tt0117307,2023-01-24,2023-01-24,,La passione,https://www.imdb.com/title/tt0117307/,movie,8.0,91,1996,Music,86,1996-11-14,John B. Hobbs,,
2126,tt0112323,2023-01-24,2023-01-24,,All Men Are Mortal,https://www.imdb.com/title/tt0112323/,movie,4.8,93,1995,Drama,170,1995-11-17,Ate de Jong,,
2127,tt0114448,2023-01-24,2023-01-24,,Silent Hunter,https://www.imdb.com/title/tt0114448/,movie,4.5,97,1995,Action,249,1995-03-28,Fred Williamson,,
2128,tt0194519,2023-01-24,2023-01-24,,We Married Margo,https://www.imdb.com/title/tt0194519/,movie,6.8,85,2000,Comedy,372,2000-01-25,J.D. Shapiro,,
2129,tt0152432,2023-01-24,2023-01-24,,Siberia,https://www.imdb.com/title/tt0152432/,movie,6.4,91,1998,"Crime, Drama, Romance",951,1998-08-27,Robert Jan Westdijk,,
2130,tt0117400,2023-01-24,2023-01-24,,The Proprietor,https://www.imdb.com/title/tt0117400/,movie,5.7,113,1996,Drama,247,1996-10-09,Ismail Merchant,,
2131,tt0126839,2023-01-24,2023-01-24,,Chung fung dui: No foh gai tau,https://www.imdb.com/title/tt0126839/,movie,6.7,91,1996,"Action, Crime, Thriller",970,1996-06-25,Benny Chan,,
2132,tt0120161,2023-01-24,2023-01-24,,Something to Believe In,https://www.imdb.com/title/tt0120161/,movie,6.4,113,1998,Drama,190,1998-05-08,John Hough,,
2133,tt0117484,2023-01-24,2023-01-24,,Ripper Man,https://www.imdb.com/title/tt0117484/,movie,3.9,,1995,"Action, Horror, Thriller",135,1995-02-28,Phil Sears,,
2134,tt0215232,2023-01-24,2023-01-24,,Table One,https://www.imdb.com/title/tt0215232/,movie,4.9,90,2000,Comedy,243,2000-04-30,Michael Bregman,,
2135,tt0229021,2023-01-24,2023-01-24,,Viva Las Nowhere,https://www.imdb.com/title/tt0229021/,movie,5.7,97,2001,"Comedy, Crime, Drama, Music",336,2001-06-15,Jason Bloom,,
2136,tt0111169,2023-01-24,2023-01-24,,Sherwood's Travels,https://www.imdb.com/title/tt0111169/,movie,6.3,98,1994,Drama,43,,Steve Miner,,
2137,tt0112838,2023-01-24,2023-01-24,,Deceptions II: Edge of Deception,https://www.imdb.com/title/tt0112838/,movie,4.6,100,1994,"Drama, Thriller",149,1994-11-14,George Mihalka,,
2138,tt0275979,2023-01-24,2023-01-24,,Boys on the Run,https://www.imdb.com/title/tt0275979/,movie,5.4,97,2003,"Action, Adventure, Romance",202,2003-06-17,Pol Cruchten,,
2139,tt0363879,2023-01-24,2023-01-24,,Perduto amor,https://www.imdb.com/title/tt0363879/,movie,5.9,100,2003,Drama,267,2003-05-16,Franco Battiato,,
2140,tt0161767,2023-01-24,2023-01-24,,Love Lies Bleeding,https://www.imdb.com/title/tt0161767/,movie,4.3,93,1999,Drama,255,1999-06-23,William Tannen,,
2141,tt0117083,2023-01-24,2023-01-24,,Mortinho por Chegar a Casa,https://www.imdb.com/title/tt0117083/,movie,6.8,102,1996,Comedy,325,1996-10-18,"Carlos da Silva, George Sluizer",,
2142,tt0162406,2023-01-24,2023-01-24,,Interruptions,https://www.imdb.com/title/tt0162406/,movie,6.9,87,1997,Comedy,17,,Gretchen Somerfeld,,
2143,tt0263118,2023-01-24,2023-01-24,,The Best of Dr. Seuss,https://www.imdb.com/title/tt0263118/,movie,7.1,57,2000,"Animation, Family",44,2000-05-23,,,
2144,tt0256310,2023-01-24,2023-01-24,,Raven's Blood,https://www.imdb.com/title/tt0256310/,movie,,,1997,,,,Molly Smith,,
2145,tt0133752,2023-01-24,2023-01-24,,Fallen Arches,https://www.imdb.com/title/tt0133752/,movie,6.6,100,2000,"Crime, Drama, Thriller",105,2000-01-15,Ron Cosentino,,
2146,tt0234753,2023-01-24,2023-01-24,,Snake Tales,https://www.imdb.com/title/tt0234753/,movie,8.0,91,1998,"Comedy, Mystery, Romance",29,1998-10-02,Francesca Talenti,,
2147,tt0120729,2023-01-24,2023-01-24,,Last Flight of the Raven,https://www.imdb.com/title/tt0120729/,movie,,,2000,Thriller,,,,,
2148,tt0109825,2023-01-24,2023-01-24,,Force on Force,https://www.imdb.com/title/tt0109825/,movie,,,1994,,,1994-01-05,,,
2149,tt0374900,2023-02-08,2023-02-08,,Napoleon Dynamite,https://www.imdb.com/title/tt0374900/,movie,6.9,96,2004,Comedy,224215,2004-01-17,Jared Hess,,
2150,tt0265208,2023-02-08,2023-02-08,,The Girl Next Door,https://www.imdb.com/title/tt0265208/,movie,6.7,109,2004,"Comedy, Drama, Romance",227775,2004-02-18,Luke Greenfield,,
2151,tt0364725,2023-02-08,2023-02-08,,Dodgeball: A True Underdog Story,https://www.imdb.com/title/tt0364725/,movie,6.7,92,2004,"Comedy, Sport",254233,2004-06-18,Rawson Marshall Thurber,,
2152,tt0335345,2023-02-08,2023-02-08,,The Passion of the Christ,https://www.imdb.com/title/tt0335345/,movie,7.2,127,2004,Drama,234057,2004-02-25,Mel Gibson,,
2153,tt0319262,2023-02-08,2023-02-08,,The Day After Tomorrow,https://www.imdb.com/title/tt0319262/,movie,6.4,124,2004,"Action, Adventure, Sci-Fi, Thriller",454541,2004-05-17,Roland Emmerich,,
2154,tt0343818,2023-02-08,2023-02-08,,"I, Robot",https://www.imdb.com/title/tt0343818/,movie,7.1,115,2004,"Action, Mystery, Sci-Fi, Thriller",546901,2004-07-07,Alex Proyas,,
2155,tt0328107,2023-02-08,2023-02-08,,Man on Fire,https://www.imdb.com/title/tt0328107/,movie,7.7,146,2004,"Action, Crime, Drama, Thriller",367651,2004-04-18,Tony Scott,,
2156,tt0375063,2023-02-08,2023-02-08,,Sideways,https://www.imdb.com/title/tt0375063/,movie,7.5,127,2004,"Comedy, Drama, Romance",194154,2004-09-13,Alexander Payne,,
2157,tt0370263,2023-02-08,2023-02-08,,AVP: Alien vs. Predator,https://www.imdb.com/title/tt0370263/,movie,5.6,101,2004,"Action, Adventure, Horror, Sci-Fi, Thriller",203482,2004-08-12,Paul W.S. Anderson,,
2158,tt0351977,2023-02-08,2023-02-08,,Walking Tall,https://www.imdb.com/title/tt0351977/,movie,6.2,86,2004,"Action, Crime",78237,2004-03-29,Kevin Bray,,
2159,tt0318627,2023-02-08,2023-02-08,,Resident Evil: Apocalypse,https://www.imdb.com/title/tt0318627/,movie,6.1,94,2004,"Action, Horror, Sci-Fi, Thriller",202327,2004-08-23,Alexander Witt,,
2160,tt0316732,2023-02-08,2023-02-08,,Taxi,https://www.imdb.com/title/tt0316732/,movie,4.5,97,2004,"Action, Comedy, Crime, Thriller",43290,2004-10-06,Tim Story,,
2161,tt0356634,2023-02-08,2023-02-08,,Garfield,https://www.imdb.com/title/tt0356634/,movie,5.0,80,2004,"Animation, Adventure, Comedy, Family, Fantasy",88613,2004-06-06,Peter Hewitt,,
2162,tt0331953,2023-02-08,2023-02-08,,Club Dread,https://www.imdb.com/title/tt0331953/,movie,5.6,104,2004,"Comedy, Horror, Mystery, Thriller",30449,2004-02-16,Jay Chandrasekhar,,
2163,tt0368975,2023-02-08,2023-02-08,,Sleepover,https://www.imdb.com/title/tt0368975/,movie,5.3,89,2004,"Comedy, Family, Romance",17081,2004-07-09,Joe Nussbaum,,
2164,tt0356721,2023-02-08,2023-02-08,,I Heart Huckabees,https://www.imdb.com/title/tt0356721/,movie,6.6,107,2004,Comedy,65137,2004-09-10,David O. Russell,,
2165,tt0377062,2023-02-08,2023-02-08,,Flight of the Phoenix,https://www.imdb.com/title/tt0377062/,movie,6.1,113,2004,"Action, Adventure, Drama, Romance, Thriller",55230,2004-12-17,John Moore,,
2166,tt0361925,2023-02-08,2023-02-08,,Welcome to Mooseport,https://www.imdb.com/title/tt0361925/,movie,5.3,110,2004,"Comedy, Romance",13009,2004-02-20,Donald Petrie,,
2167,tt0361620,2023-02-08,2023-02-08,,First Daughter,https://www.imdb.com/title/tt0361620/,movie,5.0,106,2004,"Comedy, Drama, Romance",24134,2004-09-24,Forest Whitaker,,
2168,tt0362269,2023-02-08,2023-02-08,,Kinsey,https://www.imdb.com/title/tt0362269/,movie,7.1,118,2004,"Biography, Drama, Romance",49828,2004-09-04,Bill Condon,,
2169,tt0337917,2023-02-08,2023-02-08,,Catch That Kid,https://www.imdb.com/title/tt0337917/,movie,5.2,91,2004,"Action, Adventure, Comedy, Crime, Family",10614,2004-02-06,Bart Freundlich,,
2170,tt0396592,2023-02-08,2023-02-08,,Fat Albert,https://www.imdb.com/title/tt0396592/,movie,4.3,93,2004,"Comedy, Family, Fantasy, Romance",12417,2004-12-12,Joel Zwick,,
2171,tt0361841,2023-02-08,2023-02-08,,Little Black Book,https://www.imdb.com/title/tt0361841/,movie,5.3,107,2004,"Comedy, Drama, Romance",18479,2004-08-06,Nick Hurran,,
2172,tt0337579,2023-02-08,2023-02-08,,Barbershop 2: Back in Business,https://www.imdb.com/title/tt0337579/,movie,5.7,106,2004,"Comedy, Drama",15330,2004-01-20,Kevin Rodney Sullivan,,
2173,tt0366777,2023-02-08,2023-02-08,,Millions,https://www.imdb.com/title/tt0366777/,movie,6.8,98,2004,"Comedy, Crime, Drama, Family",25783,2004-09-14,Danny Boyle,,
2174,tt0338325,2023-02-08,2023-02-08,,Paparazzi,https://www.imdb.com/title/tt0338325/,movie,5.7,84,2004,"Action, Crime, Drama, Thriller",15288,2004-09-03,Paul Abascal,,
2175,tt0359517,2023-02-08,2023-02-08,,Johnson Family Vacation,https://www.imdb.com/title/tt0359517/,movie,4.5,97,2004,Comedy,8009,2004-03-31,Christopher Erskin,,
2176,tt0360130,2023-02-08,2023-02-08,,Undertow,https://www.imdb.com/title/tt0360130/,movie,6.5,108,2004,"Drama, Thriller",9099,2004-09-07,David Gordon Green,,
2177,tt0422779,2023-02-08,2023-02-08,,Murder-Set-Pieces,https://www.imdb.com/title/tt0422779/,movie,3.7,105,2004,Horror,4360,2004-12-04,Nick Palumbo,,
2178,tt0354766,2023-02-08,2023-02-08,,Never Die Alone,https://www.imdb.com/title/tt0354766/,movie,5.6,88,2004,"Action, Crime, Drama, Thriller",5923,2004-01-19,Ernest R. Dickerson,,
2179,tt0382330,2023-02-08,2023-02-08,,Så som i himmelen,https://www.imdb.com/title/tt0382330/,movie,7.5,133,2004,"Comedy, Drama, Music, Romance",17671,2004-09-03,Kay Pollak,,
2180,tt0358349,2023-02-08,2023-02-08,,Agent Cody Banks 2: Destination London,https://www.imdb.com/title/tt0358349/,movie,4.5,100,2004,"Action, Adventure, Comedy, Family, Romance, Sci-Fi",15305,2004-03-12,Kevin Allen,,
2181,tt0352277,2023-02-08,2023-02-08,,De-Lovely,https://www.imdb.com/title/tt0352277/,movie,6.6,125,2004,"Biography, Drama, Music, Musical",11497,2004-05-22,Irwin Winkler,,
2182,tt0331952,2023-02-08,2023-02-08,,The Clearing,https://www.imdb.com/title/tt0331952/,movie,5.8,95,2004,"Drama, Mystery, Thriller",14120,2004-01-31,Pieter Jan Brugge,,
2183,tt0420291,2023-02-08,2023-02-08,,Keane,https://www.imdb.com/title/tt0420291/,movie,6.9,100,2004,"Drama, Mystery, Thriller",5583,2004-09-03,Lodge Kerrigan,,
2184,tt0378947,2023-02-08,2023-02-08,,Melinda and Melinda,https://www.imdb.com/title/tt0378947/,movie,6.4,99,2004,"Comedy, Drama, Romance",32597,2004-09-17,Woody Allen,,
2185,tt0315206,2023-02-08,2023-02-08,,Ball & Chain,https://www.imdb.com/title/tt0315206/,movie,4.5,90,2004,"Comedy, Drama, Romance",606,2004-05-14,Shiraz Jafri,,
2186,tt0332280,2023-02-08,2023-02-08,,The Notebook,https://www.imdb.com/title/tt0332280/,movie,7.8,123,2004,"Drama, Romance",579407,2004-05-20,Nick Cassavetes,,
2187,tt0368891,2023-02-08,2023-02-08,,National Treasure,https://www.imdb.com/title/tt0368891/,movie,6.9,131,2004,"Action, Adventure, Mystery, Thriller",338511,2004-11-08,Jon Turteltaub,,
2188,tt0381707,2023-02-08,2023-02-08,,White Chicks,https://www.imdb.com/title/tt0381707/,movie,5.7,109,2004,"Comedy, Crime",149797,2004-06-23,Keenen Ivory Wayans,,
2189,tt0376541,2023-02-08,2023-02-08,,Closer,https://www.imdb.com/title/tt0376541/,movie,7.2,104,2004,"Drama, Romance",223580,2004-11-22,Mike Nichols,,
2190,tt0316654,2023-02-08,2023-02-08,,Spider-Man 2,https://www.imdb.com/title/tt0316654/,movie,7.4,127,2004,"Action, Adventure, Sci-Fi",660795,2004-06-25,Sam Raimi,,
2191,tt0343660,2023-02-08,2023-02-08,,50 First Dates,https://www.imdb.com/title/tt0343660/,movie,6.8,99,2004,"Comedy, Drama, Romance",360882,2004-02-03,Peter Segal,,
2192,tt0375912,2023-02-08,2023-02-08,,Layer Cake,https://www.imdb.com/title/tt0375912/,movie,7.3,105,2004,"Action, Crime, Drama, Thriller",185603,2004-10-01,Matthew Vaughn,,
2193,tt0337563,2023-02-08,2023-02-08,,13 Going on 30,https://www.imdb.com/title/tt0337563/,movie,6.2,98,2004,"Comedy, Fantasy, Romance",197130,2004-04-14,Gary Winick,,
2194,tt0167190,2023-02-08,2023-02-08,,Hellboy,https://www.imdb.com/title/tt0167190/,movie,6.8,122,2004,"Action, Adventure, Fantasy, Horror, Sci-Fi",333966,2004-03-30,Guillermo del Toro,,
2195,tt0330793,2023-02-08,2023-02-08,,The Punisher,https://www.imdb.com/title/tt0330793/,movie,6.4,124,2004,"Action, Crime, Drama, Thriller",162704,2004-04-12,Jonathan Hensleigh,,
2196,tt0371246,2023-02-08,2023-02-08,,Spanglish,https://www.imdb.com/title/tt0371246/,movie,6.4,131,2004,"Comedy, Drama, Romance",85339,2004-12-17,James L. Brooks,,
2197,tt0391198,2023-02-08,2023-02-08,,The Grudge,https://www.imdb.com/title/tt0391198/,movie,5.9,91,2004,"Horror, Mystery, Thriller",146647,2004-10-12,Takashi Shimizu,,
2198,tt0363988,2023-02-08,2023-02-08,,Secret Window,https://www.imdb.com/title/tt0363988/,movie,6.5,96,2004,"Drama, Mystery, Thriller",199792,2004-03-07,David Koepp,,
2199,tt0300051,2023-02-08,2023-02-08,,Jersey Girl,https://www.imdb.com/title/tt0300051/,movie,6.2,102,2004,"Comedy, Drama, Romance",67254,2004-03-09,Kevin Smith,,
2200,tt0350028,2023-02-08,2023-02-08,,Raising Helen,https://www.imdb.com/title/tt0350028/,movie,6.0,119,2004,"Comedy, Drama, Romance",37421,2004-05-01,Garry Marshall,,
2201,tt0356618,2023-02-08,2023-02-08,,The Forgotten,https://www.imdb.com/title/tt0356618/,movie,5.8,91,2004,"Drama, Mystery, Sci-Fi, Thriller",66851,2004-09-24,Joseph Ruben,,
2202,tt0326856,2023-02-08,2023-02-08,,Envy,https://www.imdb.com/title/tt0326856/,movie,4.8,99,2004,Comedy,31489,2004-04-30,Barry Levinson,,
2203,tt0388419,2023-02-08,2023-02-08,,Christmas with the Kranks,https://www.imdb.com/title/tt0388419/,movie,5.4,99,2004,"Comedy, Family",52982,2004-11-15,Joe Roth,,
2204,tt0384504,2023-02-08,2023-02-08,,Saving Face,https://www.imdb.com/title/tt0384504/,movie,7.4,91,2004,"Comedy, Drama, Romance",12376,2004-09-12,Alice Wu,,
2205,tt0270846,2023-02-08,2023-02-08,,Superbabies: Baby Geniuses 2,https://www.imdb.com/title/tt0270846/,movie,1.5,88,2004,"Comedy, Family, Sci-Fi",31198,2004-08-27,Bob Clark,,
2206,tt0363473,2023-02-08,2023-02-08,,Beyond the Sea,https://www.imdb.com/title/tt0363473/,movie,6.7,118,2004,"Biography, Drama, Music, Musical",15181,2004-09-11,Kevin Spacey,,
2207,tt0348121,2023-02-08,2023-02-08,,Suchîmubôi,https://www.imdb.com/title/tt0348121/,movie,6.8,126,2004,"Animation, Action, Adventure, Fantasy, Sci-Fi, Thriller",18007,2004-07-17,Katsuhiro Ôtomo,,
2208,tt0357054,2023-02-08,2023-02-08,,The Last Shot,https://www.imdb.com/title/tt0357054/,movie,5.7,93,2004,"Comedy, Romance",4314,2004-09-24,Jeff Nathanson,,
2209,tt0298148,2023-02-08,2023-02-08,,Shrek 2,https://www.imdb.com/title/tt0298148/,movie,7.3,93,2004,"Animation, Adventure, Comedy, Family, Fantasy, Romance",471681,2004-05-08,"Conrad Vernon, Kelly Asbury, Andrew Adamson",,
2210,tt0356150,2023-02-08,2023-02-08,,EuroTrip,https://www.imdb.com/title/tt0356150/,movie,6.6,92,2004,Comedy,212457,2004-02-20,"Jeff Schaffer, Alec Berg, David Mandel",,
2211,tt0369339,2023-02-08,2023-02-08,,Collateral,https://www.imdb.com/title/tt0369339/,movie,7.5,120,2004,"Action, Crime, Drama, Thriller",410345,2004-08-02,Michael Mann,,
2212,tt0357413,2023-02-08,2023-02-08,,Anchorman: The Legend of Ron Burgundy,https://www.imdb.com/title/tt0357413/,movie,7.1,94,2004,Comedy,362169,2004-06-09,Adam McKay,,
2213,tt0339291,2023-02-08,2023-02-08,,A Series of Unfortunate Events,https://www.imdb.com/title/tt0339291/,movie,6.8,108,2004,"Adventure, Comedy, Family, Fantasy",212245,2004-12-16,Brad Silberling,,
2214,tt0362227,2023-02-08,2023-02-08,,The Terminal,https://www.imdb.com/title/tt0362227/,movie,7.4,128,2004,"Comedy, Drama, Romance",465673,2004-06-09,Steven Spielberg,,
2215,tt0307453,2023-02-08,2023-02-08,,Shark Tale,https://www.imdb.com/title/tt0307453/,movie,6.0,90,2004,"Animation, Adventure, Comedy, Family, Thriller",186700,2004-09-10,"Bibo Bergeron, Vicky Jenson, Rob Letterman",,
2216,tt0290002,2023-02-08,2023-02-08,,Meet the Fockers,https://www.imdb.com/title/tt0290002/,movie,6.3,115,2004,"Comedy, Romance",275040,2004-12-16,Jay Roach,,
2217,tt0335559,2023-02-08,2023-02-08,,Win a Date with Tad Hamilton!,https://www.imdb.com/title/tt0335559/,movie,5.6,96,2004,"Comedy, Romance",28477,2004-01-09,Robert Luketic,,
2218,tt0327162,2023-02-08,2023-02-08,,The Stepford Wives,https://www.imdb.com/title/tt0327162/,movie,5.3,93,2004,"Comedy, Horror, Sci-Fi, Thriller",67343,2004-06-06,Frank Oz,,
2219,tt0347246,2023-02-08,2023-02-08,,Inosensu: Innocence,https://www.imdb.com/title/tt0347246/,movie,7.4,100,2004,"Animation, Drama, Mystery, Sci-Fi, Thriller",38971,2004-03-06,Mamoru Oshii,,
2220,tt0252028,2023-02-08,2023-02-08,,Surviving Christmas,https://www.imdb.com/title/tt0252028/,movie,5.4,91,2004,"Comedy, Romance",25960,2004-10-14,Mike Mitchell,,
2221,tt0395169,2023-02-08,2023-02-08,,Hotel Rwanda,https://www.imdb.com/title/tt0395169/,movie,8.1,121,2004,"Biography, Drama, History, War",358555,2004-09-11,Terry George,,
2222,tt0324554,2023-02-08,2023-02-08,,Wicker Park,https://www.imdb.com/title/tt0324554/,movie,6.9,114,2004,"Drama, Mystery, Romance, Thriller",57027,2004-07-04,Paul McGuigan,,
2223,tt0332375,2023-02-08,2023-02-08,,Saved!,https://www.imdb.com/title/tt0332375/,movie,6.7,92,2004,"Comedy, Drama",47299,2004-01-21,Brian Dannelly,,
2224,tt0367085,2023-02-08,2023-02-08,,Soul Plane,https://www.imdb.com/title/tt0367085/,movie,4.5,86,2004,Comedy,23590,2004-05-28,Jessy Terrero,,
2225,tt0347369,2023-02-08,2023-02-08,,Jiminy Glick in Lalawood,https://www.imdb.com/title/tt0347369/,movie,5.1,90,2004,"Comedy, Mystery",2289,2004-09-18,Vadim Jean,,
2226,tt0377092,2023-02-08,2023-02-08,,Mean Girls,https://www.imdb.com/title/tt0377092/,movie,7.1,97,2004,Comedy,391522,2004-04-19,Mark Waters,,
2227,tt0378194,2023-02-08,2023-02-08,,Kill Bill: Vol. 2,https://www.imdb.com/title/tt0378194/,movie,8.0,137,2004,"Action, Crime, Thriller",763524,2004-04-08,Quentin Tarantino,,
2228,tt0349903,2023-02-08,2023-02-08,,Ocean's Twelve,https://www.imdb.com/title/tt0349903/,movie,6.5,125,2004,"Crime, Thriller",395634,2004-12-08,Steven Soderbergh,,
2229,tt0372588,2023-02-08,2023-02-08,,Team America: World Police,https://www.imdb.com/title/tt0372588/,movie,7.2,98,2004,"Action, Comedy",171680,2004-10-11,Trey Parker,,
2230,tt0364751,2023-02-08,2023-02-08,,Without a Paddle,https://www.imdb.com/title/tt0364751/,movie,5.8,95,2004,"Adventure, Comedy, Mystery",49009,2004-08-20,Steven Brill,,
2231,tt0345950,2023-02-08,2023-02-08,,The SpongeBob SquarePants Movie,https://www.imdb.com/title/tt0345950/,movie,7.1,87,2004,"Animation, Adventure, Comedy, Family, Fantasy",93750,2004-11-14,"Mark Osborne, Stephen Hillenburg",,
2232,tt0337697,2023-02-08,2023-02-08,,The Prince & Me,https://www.imdb.com/title/tt0337697/,movie,5.8,111,2004,"Comedy, Family, Romance",40037,2004-03-28,Martha Coolidge,,
2233,tt0367479,2023-02-08,2023-02-08,,After the Sunset,https://www.imdb.com/title/tt0367479/,movie,6.2,97,2004,"Action, Comedy, Crime, Drama",48332,2004-11-02,Brett Ratner,,
2234,tt0346156,2023-02-08,2023-02-08,,Sky Captain and the World of Tomorrow,https://www.imdb.com/title/tt0346156/,movie,6.1,106,2004,"Action, Adventure, Mystery, Sci-Fi, Thriller",85612,2004-04-04,Kerry Conran,,
2235,tt0368008,2023-02-08,2023-02-08,,The Manchurian Candidate,https://www.imdb.com/title/tt0368008/,movie,6.6,129,2004,"Drama, Mystery, Sci-Fi, Thriller",112346,2004-07-19,Jonathan Demme,,
2236,tt0314498,2023-02-08,2023-02-08,,The Perfect Score,https://www.imdb.com/title/tt0314498/,movie,5.6,93,2004,"Comedy, Crime, Drama",25559,2004-01-27,Brian Robbins,,
2237,tt0375173,2023-02-08,2023-02-08,,Alfie,https://www.imdb.com/title/tt0375173/,movie,6.2,103,2004,"Comedy, Drama, Romance",53552,2004-10-22,Charles Shyer,,
2238,tt0312329,2023-02-08,2023-02-08,,Against the Ropes,https://www.imdb.com/title/tt0312329/,movie,5.3,110,2004,"Biography, Drama, Romance, Sport",7258,2004-02-20,Charles S. Dutton,,
2239,tt0315297,2023-02-08,2023-02-08,,Twisted,https://www.imdb.com/title/tt0315297/,movie,5.3,97,2004,"Crime, Drama, Mystery, Thriller",22349,2004-02-23,Philip Kaufman,,
2240,tt0324127,2023-02-08,2023-02-08,,Suspect Zero,https://www.imdb.com/title/tt0324127/,movie,5.8,99,2004,"Crime, Horror, Mystery, Thriller",19971,2004-08-27,E. Elias Merhige,,
2241,tt0365938,2023-02-08,2023-02-08,,Winter Solstice,https://www.imdb.com/title/tt0365938/,movie,6.0,90,2004,Drama,1446,2004-01-29,Josh Sternfeld,,
2242,tt0338013,2023-02-08,2023-02-08,,Eternal Sunshine of the Spotless Mind,https://www.imdb.com/title/tt0338013/,movie,8.3,108,2004,"Drama, Romance, Sci-Fi",1015555,2004-03-09,Michel Gondry,,
2243,tt0363547,2023-02-08,2023-02-08,,Dawn of the Dead,https://www.imdb.com/title/tt0363547/,movie,7.3,101,2004,"Action, Horror",259108,2004-03-10,Zack Snyder,,
2244,tt0375679,2023-02-08,2023-02-08,,Crash,https://www.imdb.com/title/tt0375679/,movie,7.8,112,2004,"Crime, Drama, Thriller",439225,2004-09-10,Paul Haggis,,
2245,tt0338526,2023-02-08,2023-02-08,,Van Helsing,https://www.imdb.com/title/tt0338526/,movie,6.0,131,2004,"Action, Adventure, Fantasy, Thriller",270799,2004-05-03,Stephen Sommers,,
2246,tt0343135,2023-02-08,2023-02-08,,Along Came Polly,https://www.imdb.com/title/tt0343135/,movie,6.0,90,2004,"Comedy, Romance",138474,2004-01-12,John Hamburg,,
2247,tt0365748,2023-02-08,2023-02-08,,Shaun of the Dead,https://www.imdb.com/title/tt0365748/,movie,7.9,99,2004,"Comedy, Horror",563965,2004-03-29,Edgar Wright,,
2248,tt0372183,2023-02-08,2023-02-08,,The Bourne Supremacy,https://www.imdb.com/title/tt0372183/,movie,7.7,108,2004,"Action, Mystery, Thriller",468141,2004-07-16,Paul Greengrass,,
2249,tt0296572,2023-02-08,2023-02-08,,The Chronicles of Riddick,https://www.imdb.com/title/tt0296572/,movie,6.6,119,2004,"Action, Adventure, Sci-Fi, Thriller",232001,2004-06-03,David Twohy,,
2250,tt0390022,2023-02-08,2023-02-08,,Friday Night Lights,https://www.imdb.com/title/tt0390022/,movie,7.2,118,2004,"Action, Drama, Sport",64277,2004-10-06,Peter Berg,,
2251,tt0350258,2023-02-08,2023-02-08,,Ray,https://www.imdb.com/title/tt0350258/,movie,7.7,152,2004,"Biography, Drama, Music",150049,2004-09-12,Taylor Hackford,,
2252,tt0377091,2023-02-08,2023-02-08,,Mean Creek,https://www.imdb.com/title/tt0377091/,movie,7.2,90,2004,"Crime, Drama",32397,2004-01-15,Jacob Estes,,
2253,tt0327437,2023-02-08,2023-02-08,,Around the World in 80 Days,https://www.imdb.com/title/tt0327437/,movie,5.8,120,2004,"Action, Adventure, Comedy, Family, Western",91248,2004-06-13,Frank Coraci,,
2254,tt0387575,2023-02-08,2023-02-08,,Seed of Chucky,https://www.imdb.com/title/tt0387575/,movie,4.9,87,2004,"Comedy, Horror, Thriller",46780,2004-11-12,Don Mancini,,
2255,tt0382189,2023-02-08,2023-02-08,,My Summer of Love,https://www.imdb.com/title/tt0382189/,movie,6.7,86,2004,"Drama, Romance",20889,2004-08-21,Pawel Pawlikowski,,
2256,tt0360201,2023-02-08,2023-02-08,,Wimbledon,https://www.imdb.com/title/tt0360201/,movie,6.3,98,2004,"Comedy, Romance, Sport",64932,2004-09-13,Richard Loncraine,,
2257,tt0347048,2023-02-08,2023-02-08,,Gegen die Wand,https://www.imdb.com/title/tt0347048/,movie,7.9,121,2004,"Drama, Romance",55234,2004-02-12,Fatih Akin,,
2258,tt0348593,2023-02-08,2023-02-08,,The Door in the Floor,https://www.imdb.com/title/tt0348593/,movie,6.6,111,2004,"Comedy, Drama",15856,2004-06-18,Tod Williams,,
2259,tt0365125,2023-02-08,2023-02-08,,A Dirty Shame,https://www.imdb.com/title/tt0365125/,movie,5.1,89,2004,Comedy,13120,2004-09-12,John Waters,,
2260,tt0317198,2023-02-08,2023-02-08,,Bridget Jones: The Edge of Reason,https://www.imdb.com/title/tt0317198/,movie,6.0,108,2004,"Comedy, Drama, Romance",116003,2004-10-28,Beeban Kidron,,
2261,tt0167456,2023-02-08,2023-02-08,,Thunderbirds,https://www.imdb.com/title/tt0167456/,movie,4.3,95,2004,"Action, Adventure, Comedy, Family, Sci-Fi",14064,2004-07-14,Jonathan Frakes,,
2262,tt0385267,2023-02-08,2023-02-08,,In Good Company,https://www.imdb.com/title/tt0385267/,movie,6.5,110,2004,"Comedy, Drama, Romance",55660,2004-12-06,Paul Weitz,,
2263,tt0241025,2023-02-08,2023-02-08,,Vanity Fair,https://www.imdb.com/title/tt0241025/,movie,6.2,141,2004,Drama,22918,2004-09-01,Mira Nair,,
2264,tt0388285,2023-02-08,2023-02-08,,Going the Distance,https://www.imdb.com/title/tt0388285/,movie,5.5,93,2004,"Comedy, Romance",3758,2004-08-20,Mark Griffiths,,
2265,tt0338512,2023-02-08,2023-02-08,,Deux frères,https://www.imdb.com/title/tt0338512/,movie,7.0,109,2004,"Adventure, Drama, Family",15435,2004-04-07,Jean-Jacques Annaud,,
2266,tt0340012,2023-02-08,2023-02-08,,Being Julia,https://www.imdb.com/title/tt0340012/,movie,7.0,104,2004,"Comedy, Drama, Romance",12633,2004-09-03,István Szabó,,
2267,tt0366450,2023-02-08,2023-02-08,,Five Children and It,https://www.imdb.com/title/tt0366450/,movie,5.5,89,2004,"Adventure, Family, Fantasy",5340,2004-09-11,John Stephenson,,
2268,tt0345074,2023-02-08,2023-02-08,,Connie and Carla,https://www.imdb.com/title/tt0345074/,movie,6.2,108,2004,"Comedy, Crime, Music",8381,2004-04-13,Michael Lembeck,,
2269,tt0368343,2023-02-08,2023-02-08,,Three Way,https://www.imdb.com/title/tt0368343/,movie,4.6,88,2004,"Crime, Drama, Thriller",1534,2004-06-29,Scott Ziehl,,
2270,tt0417791,2023-02-08,2023-02-08,,Inside I'm Dancing,https://www.imdb.com/title/tt0417791/,movie,7.7,104,2004,"Comedy, Drama",15513,2004-10-10,Damien O'Donnell,,
2271,tt0367000,2023-02-08,2023-02-08,,Saint Ange,https://www.imdb.com/title/tt0367000/,movie,5.0,98,2004,"Drama, Fantasy, Horror, Mystery",4784,2004-06-23,Pascal Laugier,,
2272,tt0350774,2023-02-08,2023-02-08,,Dead & Breakfast,https://www.imdb.com/title/tt0350774/,movie,5.7,88,2004,"Comedy, Fantasy, Horror, Musical",6004,2004-03-16,Matthew Leutwyler,,
2273,tt0330111,2023-02-08,2023-02-08,,The Calcium Kid,https://www.imdb.com/title/tt0330111/,movie,5.5,89,2004,"Comedy, Sport",4705,2004-04-30,Alex De Rakoff,,
2274,tt0388154,2023-02-08,2023-02-08,,Mickybo and Me,https://www.imdb.com/title/tt0388154/,movie,7.2,95,2004,"Comedy, Drama",2361,2004-08-31,Terry Loane,,
2275,tt0365770,2023-02-08,2023-02-08,,Soccer Dog: European Cup,https://www.imdb.com/title/tt0365770/,movie,3.0,88,2004,"Comedy, Family, Sport",542,2004-08-03,Sandy Tung,,
2276,tt0351078,2023-02-08,2023-02-08,,Hotet,https://www.imdb.com/title/tt0351078/,movie,4.9,103,2004,"Action, Thriller",1499,2004-01-16,Kjell Sundvall,,
2277,tt0385677,2023-02-08,2023-02-08,,Ellis in Glamourland,https://www.imdb.com/title/tt0385677/,movie,5.8,95,2004,"Comedy, Romance",1150,2004-09-24,Pieter Kramer,,
2278,tt0365194,2023-02-08,2023-02-08,,Fighting Fish,https://www.imdb.com/title/tt0365194/,movie,3.6,90,2004,"Action, Adventure, Crime, Drama, Romance",336,2004-01-22,Jamel Aattache,,
2279,tt0368447,2023-02-08,2023-02-08,,The Village,https://www.imdb.com/title/tt0368447/,movie,6.6,108,2004,"Drama, Mystery, Thriller",265225,2004-07-26,M. Night Shyamalan,,
2280,tt0317705,2023-02-08,2023-02-08,,The Incredibles,https://www.imdb.com/title/tt0317705/,movie,8.0,115,2004,"Animation, Action, Adventure, Family",746276,2004-10-27,Brad Bird,,
2281,tt0349683,2023-02-08,2023-02-08,,King Arthur,https://www.imdb.com/title/tt0349683/,movie,6.3,126,2004,"Action, Adventure, Drama, History, War",170255,2004-06-28,Antoine Fuqua,,
2282,tt0362270,2023-02-08,2023-02-08,,The Life Aquatic with Steve Zissou,https://www.imdb.com/title/tt0362270/,movie,7.2,119,2004,"Action, Adventure, Comedy, Drama, Romance",200430,2004-11-20,Wes Anderson,,
2283,tt0368933,2023-02-08,2023-02-08,,The Princess Diaries 2: Royal Engagement,https://www.imdb.com/title/tt0368933/,movie,5.8,113,2004,"Comedy, Family, Romance",83382,2004-08-07,Garry Marshall,,
2284,tt0349825,2023-02-08,2023-02-08,,Miracle,https://www.imdb.com/title/tt0349825/,movie,7.4,135,2004,"Biography, Drama, History, Sport",55746,2004-02-02,Gavin O'Connor,,
2285,tt0335245,2023-02-08,2023-02-08,,The Ladykillers,https://www.imdb.com/title/tt0335245/,movie,6.2,104,2004,"Comedy, Crime, Thriller",106046,2004-03-26,"Joel Coen, Ethan Coen",,
2286,tt0361467,2023-02-08,2023-02-08,,Confessions of a Teenage Drama Queen,https://www.imdb.com/title/tt0361467/,movie,4.6,89,2004,"Comedy, Family, Music, Romance",29925,2004-02-17,Sara Sugarman,,
2287,tt0299172,2023-02-08,2023-02-08,,Home on the Range,https://www.imdb.com/title/tt0299172/,movie,5.4,76,2004,"Animation, Adventure, Comedy, Family, Musical, Western",23990,2004-03-21,"Will Finn, John Sanford",,
2288,tt0317648,2023-02-08,2023-02-08,,Hidalgo,https://www.imdb.com/title/tt0317648/,movie,6.7,136,2004,"Action, Adventure, Biography, Drama, Sport, Western",83262,2004-02-17,Joe Johnston,,
2289,tt0318974,2023-02-08,2023-02-08,,The Alamo,https://www.imdb.com/title/tt0318974/,movie,6.0,137,2004,"Drama, History, War, Western",21401,2004-03-27,John Lee Hancock,,
2290,tt0349710,2023-02-08,2023-02-08,,Ladder 49,https://www.imdb.com/title/tt0349710/,movie,6.5,115,2004,"Action, Drama, Thriller",58293,2004-09-20,Jay Russell,,
2291,tt0339412,2023-02-08,2023-02-08,,Mr. 3000,https://www.imdb.com/title/tt0339412/,movie,5.6,104,2004,"Comedy, Drama, Romance, Sport",14720,2004-09-08,Charles Stone III,,
2292,tt0350194,2023-02-08,2023-02-08,,Teacher's Pet,https://www.imdb.com/title/tt0350194/,movie,5.7,73,2004,"Animation, Adventure, Comedy, Family, Fantasy, Music, Musical",1849,2004-01-16,Timothy Björklund,,
2293,tt0304141,2023-02-08,2023-02-08,,Harry Potter and the Prisoner of Azkaban,https://www.imdb.com/title/tt0304141/,movie,7.9,142,2004,"Adventure, Family, Fantasy, Mystery",642975,2004-05-23,Alfonso Cuarón,,
2294,tt0332452,2023-02-08,2023-02-08,,Troy,https://www.imdb.com/title/tt0332452/,movie,7.3,163,2004,Drama,541216,2004-05-09,Wolfgang Petersen,,
2295,tt0338751,2023-02-08,2023-02-08,,The Aviator,https://www.imdb.com/title/tt0338751/,movie,7.5,170,2004,"Biography, Drama",366359,2004-12-14,Martin Scorsese,,
2296,tt0289879,2023-02-08,2023-02-08,,The Butterfly Effect,https://www.imdb.com/title/tt0289879/,movie,7.6,113,2004,"Drama, Sci-Fi, Thriller",495132,2004-01-17,"J. Mackye Gruber, Eric Bress",,
2297,tt0293508,2023-02-08,2023-02-08,,The Phantom of the Opera,https://www.imdb.com/title/tt0293508/,movie,7.2,143,2004,"Drama, Musical, Romance, Thriller",125035,2004-12-09,Joel Schumacher,,
2298,tt0405159,2023-02-08,2023-02-08,,Million Dollar Baby,https://www.imdb.com/title/tt0405159/,movie,8.1,132,2004,"Drama, Sport",692129,2004-12-05,Clint Eastwood,,
2299,tt0346491,2023-02-08,2023-02-08,,Alexander,https://www.imdb.com/title/tt0346491/,movie,5.6,175,2004,"Action, Biography, Drama, History, War",171655,2004-11-16,Oliver Stone,,
2300,tt0381681,2023-02-08,2023-02-08,,Before Sunset,https://www.imdb.com/title/tt0381681/,movie,8.1,80,2004,"Drama, Romance",268273,2004-02-10,Richard Linklater,,
2301,tt0337876,2023-02-08,2023-02-08,,Birth,https://www.imdb.com/title/tt0337876/,movie,6.2,100,2004,"Drama, Fantasy, Mystery, Thriller",37459,2004-09-08,Jonathan Glazer,,
2302,tt0331632,2023-02-08,2023-02-08,,Scooby-Doo 2: Monsters Unleashed,https://www.imdb.com/title/tt0331632/,movie,5.2,93,2004,"Adventure, Comedy, Family, Fantasy, Horror, Mystery, Sci-Fi",59796,2004-03-20,Raja Gosnell,,
2303,tt0356470,2023-02-08,2023-02-08,,A Cinderella Story,https://www.imdb.com/title/tt0356470/,movie,5.9,95,2004,"Comedy, Family, Romance",89568,2004-07-10,Mark Rosman,,
2304,tt0359013,2023-02-08,2023-02-08,,Blade: Trinity,https://www.imdb.com/title/tt0359013/,movie,5.8,113,2004,"Action, Horror, Sci-Fi",180621,2004-12-07,David S. Goyer,,
2305,tt0366551,2023-02-08,2023-02-08,,Harold & Kumar Go to White Castle,https://www.imdb.com/title/tt0366551/,movie,7.0,88,2004,"Adventure, Comedy",198951,2004-05-20,Danny Leiner,,
2306,tt0338348,2023-02-08,2023-02-08,,The Polar Express,https://www.imdb.com/title/tt0338348/,movie,6.6,100,2004,"Animation, Adventure, Comedy, Family, Fantasy, Musical",219536,2004-10-21,Robert Zemeckis,,
2307,tt0327554,2023-02-08,2023-02-08,,Catwoman,https://www.imdb.com/title/tt0327554/,movie,3.4,104,2004,"Action, Crime, Fantasy",121094,2004-07-19,Pitof,,
2308,tt0335438,2023-02-08,2023-02-08,,Starsky & Hutch,https://www.imdb.com/title/tt0335438/,movie,6.1,101,2004,"Comedy, Crime",149607,2004-02-26,Todd Phillips,,
2309,tt0364045,2023-02-08,2023-02-08,,Taking Lives,https://www.imdb.com/title/tt0364045/,movie,6.2,103,2004,"Crime, Mystery, Thriller",91822,2004-03-16,D.J. Caruso,,
2310,tt0337921,2023-02-08,2023-02-08,,Cellular,https://www.imdb.com/title/tt0337921/,movie,6.5,94,2004,"Action, Crime, Thriller",102311,2004-09-10,David R. Ellis,,
2311,tt0360139,2023-02-08,2023-02-08,,Chasing Liberty,https://www.imdb.com/title/tt0360139/,movie,6.1,101,2004,"Comedy, Romance",40077,2004-01-07,Andy Cadiff,,
2312,tt0204313,2023-02-08,2023-02-08,,Exorcist: The Beginning,https://www.imdb.com/title/tt0204313/,movie,5.1,114,2004,"Horror, Mystery, Thriller",37531,2004-08-18,Renny Harlin,,
2313,tt0361696,2023-02-08,2023-02-08,,Raise Your Voice,https://www.imdb.com/title/tt0361696/,movie,5.8,107,2004,"Family, Music, Musical, Romance",28252,2004-10-03,Sean McNamara,,
2314,tt0363282,2023-02-08,2023-02-08,,New York Minute,https://www.imdb.com/title/tt0363282/,movie,4.9,91,2004,"Comedy, Crime, Family, Romance",23975,2004-05-01,Dennie Gordon,,
2315,tt0327247,2023-02-08,2023-02-08,,The Whole Ten Yards,https://www.imdb.com/title/tt0327247/,movie,5.4,98,2004,"Comedy, Crime, Thriller",56983,2004-04-07,Howard Deutch,,
2316,tt0329691,2023-02-08,2023-02-08,,Torque,https://www.imdb.com/title/tt0329691/,movie,4.1,84,2004,"Action, Comedy, Crime",28641,2004-01-14,Joseph Kahn,,
2317,tt0360009,2023-02-08,2023-02-08,,Spartan,https://www.imdb.com/title/tt0360009/,movie,6.5,106,2004,"Action, Crime, Drama, Mystery, Thriller",32336,2004-01-31,David Mamet,,
2318,tt0384116,2023-02-08,2023-02-08,,G.O.R.A.,https://www.imdb.com/title/tt0384116/,movie,8.0,127,2004,"Adventure, Comedy, Sci-Fi",63825,2004-11-12,Ömer Faruk Sorak,,
2319,tt0315824,2023-02-08,2023-02-08,,The Big Bounce,https://www.imdb.com/title/tt0315824/,movie,4.9,88,2004,"Comedy, Crime",18456,2004-01-29,George Armitage,,
2320,tt0383694,2023-02-08,2023-02-08,,Vera Drake,https://www.imdb.com/title/tt0383694/,movie,7.7,125,2004,"Crime, Drama",25959,2004-09-06,Mike Leigh,,
2321,tt0323033,2023-02-08,2023-02-08,,Laws of Attraction,https://www.imdb.com/title/tt0323033/,movie,5.8,90,2004,"Comedy, Romance",23787,2004-04-04,Peter Howitt,,
2322,tt0339147,2023-02-08,2023-02-08,,Highwaymen,https://www.imdb.com/title/tt0339147/,movie,5.6,80,2004,"Action, Crime, Horror, Thriller",9035,2004-02-13,Robert Harmon,,
2323,tt0359423,2023-02-08,2023-02-08,,A Home at the End of the World,https://www.imdb.com/title/tt0359423/,movie,6.6,97,2004,"Drama, Romance",13726,2004-06-09,Michael Mayer,,
2324,tt0352520,2023-02-08,2023-02-08,,The Life and Death of Peter Sellers,https://www.imdb.com/title/tt0352520/,movie,6.9,122,2004,"Biography, Comedy, Drama, Romance",15015,2004-05-21,Stephen Hopkins,,
2325,tt0361309,2023-02-08,2023-02-08,,We Don't Live Here Anymore,https://www.imdb.com/title/tt0361309/,movie,6.3,101,2004,"Drama, Romance",9712,2004-01-20,John Curran,,
2326,tt0377057,2023-02-08,2023-02-08,,Elvis Has Left the Building,https://www.imdb.com/title/tt0377057/,movie,5.1,90,2004,Comedy,2903,2004-08-27,Joel Zwick,,
2327,tt0362526,2023-02-08,2023-02-08,,Criminal,https://www.imdb.com/title/tt0362526/,movie,6.4,87,2004,"Comedy, Crime, Drama, Thriller",10526,2004-06-12,Gregory Jacobs,,
2328,tt0363143,2023-02-08,2023-02-08,,Trauma,https://www.imdb.com/title/tt0363143/,movie,4.7,94,2004,"Mystery, Thriller",3448,2004-01-19,Marc Evans,,
2329,tt0384810,2023-02-08,2023-02-08,,Around the Bend,https://www.imdb.com/title/tt0384810/,movie,6.4,85,2004,Drama,4367,2004-10-08,Jordan Roberts,,
2330,tt0385017,2023-02-08,2023-02-08,,In My Father's Den,https://www.imdb.com/title/tt0385017/,movie,7.4,127,2004,"Drama, Mystery, Thriller",7697,2004-06-11,Brad McGann,,
2331,tt0331509,2023-02-08,2023-02-08,,Funky Monkey,https://www.imdb.com/title/tt0331509/,movie,3.6,94,2004,"Comedy, Family",810,2004-09-17,"Gene Quintano, Harry Basil",,
2332,tt0459425,2023-02-08,2023-02-08,,Kangaroo Jack: G'Day U.S.A.!,https://www.imdb.com/title/tt0459425/,movie,3.9,75,2004,"Animation, Action, Adventure, Comedy, Family",444,2004-11-16,Ron Myrick,,
2333,tt0376720,2023-02-08,2023-02-08,,The Last Run,https://www.imdb.com/title/tt0376720/,movie,4.7,97,2004,"Comedy, Drama",1624,2004-12-31,Jonathan Segal,,
2334,tt0404456,2023-02-08,2023-02-08,,Starkweather,https://www.imdb.com/title/tt0404456/,movie,4.6,92,2004,"Action, Crime, Drama, Horror, Thriller",849,2004-11-08,Byron Werner,,
2335,tt0368836,2023-02-08,2023-02-08,,The Lazarus Child,https://www.imdb.com/title/tt0368836/,movie,4.9,93,2004,"Drama, Horror",1026,2004-05-13,Graham Theakston,,
2336,tt0368555,2023-02-08,2023-02-08,,50 Ways to Leave Your Lover,https://www.imdb.com/title/tt0368555/,movie,5.7,95,2004,"Comedy, Romance",1052,2004-05-06,Jordan Hawley,,
2337,tt0374627,2023-02-08,2023-02-08,,Double zéro,https://www.imdb.com/title/tt0374627/,movie,4.0,90,2004,"Action, Adventure, Comedy, Sci-Fi",2248,2004-06-16,Gérard Pirès,,
2338,tt0328316,2023-02-08,2023-02-08,,Redentor,https://www.imdb.com/title/tt0328316/,movie,6.9,100,2004,"Drama, Fantasy",1018,2004-09-10,Cláudio Torres,,
2339,tt0398872,2023-02-08,2023-02-08,,Clifford's Really Big Movie,https://www.imdb.com/title/tt0398872/,movie,5.4,74,2004,"Animation, Adventure, Comedy, Family, Fantasy",1007,2004-02-20,"Steve Trenbirth, Robert C. Ramirez",,
